Genus	CF	n_genomes_cf	positive_genomes	prevalence	mean_copy_all	mean_copy_pos	n_skin	n_nasal	n_genomes	n_species	HabitatGroup	rank_skin	in_skin_top	rank_nasal	in_nasal_top	in_ranked_union	in_manual_keep	include_rebuild_main	selection_reason	mean_total_CF_copy_per_genome	module	functional_theme	functional_theme_short	CF_richness	main_selection_reason
Acinetobacter	CF0	87	85	0.977011494252874	1.86206896551724	1.90588235294118	87	0	87	16	Skin-associated	3	TRUE	NA	FALSE	TRUE	FALSE	TRUE	skin_top15	40.7011494252874	module1	Nutrient acquisition and substrate utilization	Nutrient/substrate use	24	skin_top15
Acinetobacter	CF12	87	87	1	5.01149425287356	5.01149425287356	87	0	87	16	Skin-associated	3	TRUE	NA	FALSE	TRUE	FALSE	TRUE	skin_top15	40.7011494252874	module1	Nutrient acquisition and substrate utilization	Nutrient/substrate use	24	skin_top15
Acinetobacter	CF8	87	85	0.977011494252874	2.51724137931034	2.57647058823529	87	0	87	16	Skin-associated	3	TRUE	NA	FALSE	TRUE	FALSE	TRUE	skin_top15	40.7011494252874	module1	Nutrient acquisition and substrate utilization	Nutrient/substrate use	24	skin_top15
Acinetobacter	CF1	87	86	0.988505747126437	0.988505747126437	1	87	0	87	16	Skin-associated	3	TRUE	NA	FALSE	TRUE	FALSE	TRUE	skin_top15	40.7011494252874	module2	Nucleotide metabolism and genome maintenance	Nucleotide/genome maintenance	24	skin_top15
Acinetobacter	CF3	87	83	0.954022988505747	0.977011494252874	1.02409638554217	87	0	87	16	Skin-associated	3	TRUE	NA	FALSE	TRUE	FALSE	TRUE	skin_top15	40.7011494252874	module3	Nutrient acquisition and substrate utilization	Nutrient/substrate use	24	skin_top15
Acinetobacter	CF4	87	85	0.977011494252874	1.04597701149425	1.07058823529412	87	0	87	16	Skin-associated	3	TRUE	NA	FALSE	TRUE	FALSE	TRUE	skin_top15	40.7011494252874	module4	Stress adaptation and envelope homeostasis	Stress/envelope homeostasis	24	skin_top15
Acinetobacter	CF7	87	75	0.862068965517241	1.40229885057471	1.62666666666667	87	0	87	16	Skin-associated	3	TRUE	NA	FALSE	TRUE	FALSE	TRUE	skin_top15	40.7011494252874	module4	Stress adaptation and envelope homeostasis	Stress/envelope homeostasis	24	skin_top15
Acinetobacter	CF2_10	87	87	1	1.64367816091954	1.64367816091954	87	0	87	16	Skin-associated	3	TRUE	NA	FALSE	TRUE	FALSE	TRUE	skin_top15	40.7011494252874	module5	Nutrient acquisition and substrate utilization	Nutrient/substrate use	24	skin_top15
Acinetobacter	CF2_4	87	86	0.988505747126437	1.62068965517241	1.63953488372093	87	0	87	16	Skin-associated	3	TRUE	NA	FALSE	TRUE	FALSE	TRUE	skin_top15	40.7011494252874	module5	Nutrient acquisition and substrate utilization	Nutrient/substrate use	24	skin_top15
Acinetobacter	CF6	87	86	0.988505747126437	0.988505747126437	1	87	0	87	16	Skin-associated	3	TRUE	NA	FALSE	TRUE	FALSE	TRUE	skin_top15	40.7011494252874	module5	Nutrient acquisition and substrate utilization	Nutrient/substrate use	24	skin_top15
Acinetobacter	CF5	87	85	0.977011494252874	0.977011494252874	1	87	0	87	16	Skin-associated	3	TRUE	NA	FALSE	TRUE	FALSE	TRUE	skin_top15	40.7011494252874	module6	Nucleotide metabolism and genome maintenance	Nucleotide/genome maintenance	24	skin_top15
Acinetobacter	CF9_12	87	0	0	0	0	87	0	87	16	Skin-associated	3	TRUE	NA	FALSE	TRUE	FALSE	TRUE	skin_top15	40.7011494252874	module7	Poorly characterized candidate modules	Poorly characterized	24	skin_top15
Acinetobacter	CF9_9	87	87	1	1	1	87	0	87	16	Skin-associated	3	TRUE	NA	FALSE	TRUE	FALSE	TRUE	skin_top15	40.7011494252874	module7	Poorly characterized candidate modules	Poorly characterized	24	skin_top15
Acinetobacter	CF10	87	2	0.0229885057471264	0.0229885057471264	1	87	0	87	16	Skin-associated	3	TRUE	NA	FALSE	TRUE	FALSE	TRUE	skin_top15	40.7011494252874	module8	Nucleotide metabolism and genome maintenance	Nucleotide/genome maintenance	24	skin_top15
Acinetobacter	CF22	87	1	0.0114942528735632	0.0114942528735632	1	87	0	87	16	Skin-associated	3	TRUE	NA	FALSE	TRUE	FALSE	TRUE	skin_top15	40.7011494252874	module8	Nucleotide metabolism and genome maintenance	Nucleotide/genome maintenance	24	skin_top15
Acinetobacter	CF25	87	0	0	0	0	87	0	87	16	Skin-associated	3	TRUE	NA	FALSE	TRUE	FALSE	TRUE	skin_top15	40.7011494252874	module8	Nucleotide metabolism and genome maintenance	Nucleotide/genome maintenance	24	skin_top15
Acinetobacter	CF11	87	32	0.367816091954023	0.390804597701149	1.0625	87	0	87	16	Skin-associated	3	TRUE	NA	FALSE	TRUE	FALSE	TRUE	skin_top15	40.7011494252874	module9	Nutrient acquisition and substrate utilization	Nutrient/substrate use	24	skin_top15
Acinetobacter	CF19	87	87	1	9.01149425287356	9.01149425287356	87	0	87	16	Skin-associated	3	TRUE	NA	FALSE	TRUE	FALSE	TRUE	skin_top15	40.7011494252874	module9	Nutrient acquisition and substrate utilization	Nutrient/substrate use	24	skin_top15
Acinetobacter	CF13	87	87	1	2.97701149425287	2.97701149425287	87	0	87	16	Skin-associated	3	TRUE	NA	FALSE	TRUE	FALSE	TRUE	skin_top15	40.7011494252874	module10	Translation and RNA-centered regulation	Translation/RNA regulation	24	skin_top15
Acinetobacter	CF14	87	85	0.977011494252874	0.977011494252874	1	87	0	87	16	Skin-associated	3	TRUE	NA	FALSE	TRUE	FALSE	TRUE	skin_top15	40.7011494252874	module10	Translation and RNA-centered regulation	Translation/RNA regulation	24	skin_top15
Acinetobacter	CF24	87	85	0.977011494252874	0.977011494252874	1	87	0	87	16	Skin-associated	3	TRUE	NA	FALSE	TRUE	FALSE	TRUE	skin_top15	40.7011494252874	module10	Translation and RNA-centered regulation	Translation/RNA regulation	24	skin_top15
Acinetobacter	CF15_17	87	1	0.0114942528735632	0.0114942528735632	1	87	0	87	16	Skin-associated	3	TRUE	NA	FALSE	TRUE	FALSE	TRUE	skin_top15	40.7011494252874	module11	Translation and RNA-centered regulation	Translation/RNA regulation	24	skin_top15
Acinetobacter	CF15_19	87	84	0.96551724137931	0.96551724137931	1	87	0	87	16	Skin-associated	3	TRUE	NA	FALSE	TRUE	FALSE	TRUE	skin_top15	40.7011494252874	module11	Translation and RNA-centered regulation	Translation/RNA regulation	24	skin_top15
Acinetobacter	CF16	87	86	0.988505747126437	0.988505747126437	1	87	0	87	16	Skin-associated	3	TRUE	NA	FALSE	TRUE	FALSE	TRUE	skin_top15	40.7011494252874	module12	Translation and RNA-centered regulation	Translation/RNA regulation	24	skin_top15
Acinetobacter	CF17_20	87	28	0.32183908045977	0.32183908045977	1	87	0	87	16	Skin-associated	3	TRUE	NA	FALSE	TRUE	FALSE	TRUE	skin_top15	40.7011494252874	module13	Nutrient acquisition and substrate utilization	Nutrient/substrate use	24	skin_top15
Acinetobacter	CF17_23	87	1	0.0114942528735632	0.0114942528735632	1	87	0	87	16	Skin-associated	3	TRUE	NA	FALSE	TRUE	FALSE	TRUE	skin_top15	40.7011494252874	module13	Nutrient acquisition and substrate utilization	Nutrient/substrate use	24	skin_top15
Acinetobacter	CF18	87	87	1	1.01149425287356	1.01149425287356	87	0	87	16	Skin-associated	3	TRUE	NA	FALSE	TRUE	FALSE	TRUE	skin_top15	40.7011494252874	module14	Stress adaptation and envelope homeostasis	Stress/envelope homeostasis	24	skin_top15
Acinetobacter	CF20	87	86	0.988505747126437	1.01149425287356	1.02325581395349	87	0	87	16	Skin-associated	3	TRUE	NA	FALSE	TRUE	FALSE	TRUE	skin_top15	40.7011494252874	module15	Translation and RNA-centered regulation	Translation/RNA regulation	24	skin_top15
Acinetobacter	CF21	87	86	0.988505747126437	0.988505747126437	1	87	0	87	16	Skin-associated	3	TRUE	NA	FALSE	TRUE	FALSE	TRUE	skin_top15	40.7011494252874	module16	Poorly characterized candidate modules	Poorly characterized	24	skin_top15
Acinetobacter	CF23	87	86	0.988505747126437	0.988505747126437	1	87	0	87	16	Skin-associated	3	TRUE	NA	FALSE	TRUE	FALSE	TRUE	skin_top15	40.7011494252874	module17	Poorly characterized candidate modules	Poorly characterized	24	skin_top15
Acinetobacter	CF26	87	0	0	0	0	87	0	87	16	Skin-associated	3	TRUE	NA	FALSE	TRUE	FALSE	TRUE	skin_top15	40.7011494252874	module18	Intercellular communication signal	Communication signal	24	skin_top15
Pantoea	CF0	53	53	1	5.35849056603774	5.35849056603774	53	0	53	11	Skin-associated	6	TRUE	NA	FALSE	TRUE	FALSE	TRUE	skin_top15	77.0566037735849	module1	Nutrient acquisition and substrate utilization	Nutrient/substrate use	28	skin_top15
Pantoea	CF12	53	53	1	25.0754716981132	25.0754716981132	53	0	53	11	Skin-associated	6	TRUE	NA	FALSE	TRUE	FALSE	TRUE	skin_top15	77.0566037735849	module1	Nutrient acquisition and substrate utilization	Nutrient/substrate use	28	skin_top15
Pantoea	CF8	53	53	1	3.66037735849057	3.66037735849057	53	0	53	11	Skin-associated	6	TRUE	NA	FALSE	TRUE	FALSE	TRUE	skin_top15	77.0566037735849	module1	Nutrient acquisition and substrate utilization	Nutrient/substrate use	28	skin_top15
Pantoea	CF1	53	53	1	1.0188679245283	1.0188679245283	53	0	53	11	Skin-associated	6	TRUE	NA	FALSE	TRUE	FALSE	TRUE	skin_top15	77.0566037735849	module2	Nucleotide metabolism and genome maintenance	Nucleotide/genome maintenance	28	skin_top15
Pantoea	CF3	53	53	1	1.05660377358491	1.05660377358491	53	0	53	11	Skin-associated	6	TRUE	NA	FALSE	TRUE	FALSE	TRUE	skin_top15	77.0566037735849	module3	Nutrient acquisition and substrate utilization	Nutrient/substrate use	28	skin_top15
Pantoea	CF4	53	53	1	3.15094339622642	3.15094339622642	53	0	53	11	Skin-associated	6	TRUE	NA	FALSE	TRUE	FALSE	TRUE	skin_top15	77.0566037735849	module4	Stress adaptation and envelope homeostasis	Stress/envelope homeostasis	28	skin_top15
Pantoea	CF7	53	53	1	1.79245283018868	1.79245283018868	53	0	53	11	Skin-associated	6	TRUE	NA	FALSE	TRUE	FALSE	TRUE	skin_top15	77.0566037735849	module4	Stress adaptation and envelope homeostasis	Stress/envelope homeostasis	28	skin_top15
Pantoea	CF2_10	53	53	1	2.11320754716981	2.11320754716981	53	0	53	11	Skin-associated	6	TRUE	NA	FALSE	TRUE	FALSE	TRUE	skin_top15	77.0566037735849	module5	Nutrient acquisition and substrate utilization	Nutrient/substrate use	28	skin_top15
Pantoea	CF2_4	53	53	1	2.15094339622642	2.15094339622642	53	0	53	11	Skin-associated	6	TRUE	NA	FALSE	TRUE	FALSE	TRUE	skin_top15	77.0566037735849	module5	Nutrient acquisition and substrate utilization	Nutrient/substrate use	28	skin_top15
Pantoea	CF6	53	53	1	3.0188679245283	3.0188679245283	53	0	53	11	Skin-associated	6	TRUE	NA	FALSE	TRUE	FALSE	TRUE	skin_top15	77.0566037735849	module5	Nutrient acquisition and substrate utilization	Nutrient/substrate use	28	skin_top15
Pantoea	CF5	53	53	1	1.0377358490566	1.0377358490566	53	0	53	11	Skin-associated	6	TRUE	NA	FALSE	TRUE	FALSE	TRUE	skin_top15	77.0566037735849	module6	Nucleotide metabolism and genome maintenance	Nucleotide/genome maintenance	28	skin_top15
Pantoea	CF9_12	53	0	0	0	0	53	0	53	11	Skin-associated	6	TRUE	NA	FALSE	TRUE	FALSE	TRUE	skin_top15	77.0566037735849	module7	Poorly characterized candidate modules	Poorly characterized	28	skin_top15
Pantoea	CF9_9	53	53	1	1.0377358490566	1.0377358490566	53	0	53	11	Skin-associated	6	TRUE	NA	FALSE	TRUE	FALSE	TRUE	skin_top15	77.0566037735849	module7	Poorly characterized candidate modules	Poorly characterized	28	skin_top15
Pantoea	CF10	53	53	1	1.9811320754717	1.9811320754717	53	0	53	11	Skin-associated	6	TRUE	NA	FALSE	TRUE	FALSE	TRUE	skin_top15	77.0566037735849	module8	Nucleotide metabolism and genome maintenance	Nucleotide/genome maintenance	28	skin_top15
Pantoea	CF22	53	52	0.981132075471698	1.88679245283019	1.92307692307692	53	0	53	11	Skin-associated	6	TRUE	NA	FALSE	TRUE	FALSE	TRUE	skin_top15	77.0566037735849	module8	Nucleotide metabolism and genome maintenance	Nucleotide/genome maintenance	28	skin_top15
Pantoea	CF25	53	4	0.0754716981132075	0.0754716981132075	1	53	0	53	11	Skin-associated	6	TRUE	NA	FALSE	TRUE	FALSE	TRUE	skin_top15	77.0566037735849	module8	Nucleotide metabolism and genome maintenance	Nucleotide/genome maintenance	28	skin_top15
Pantoea	CF11	53	52	0.981132075471698	1.45283018867925	1.48076923076923	53	0	53	11	Skin-associated	6	TRUE	NA	FALSE	TRUE	FALSE	TRUE	skin_top15	77.0566037735849	module9	Nutrient acquisition and substrate utilization	Nutrient/substrate use	28	skin_top15
Pantoea	CF19	53	53	1	7.20754716981132	7.20754716981132	53	0	53	11	Skin-associated	6	TRUE	NA	FALSE	TRUE	FALSE	TRUE	skin_top15	77.0566037735849	module9	Nutrient acquisition and substrate utilization	Nutrient/substrate use	28	skin_top15
Pantoea	CF13	53	53	1	4	4	53	0	53	11	Skin-associated	6	TRUE	NA	FALSE	TRUE	FALSE	TRUE	skin_top15	77.0566037735849	module10	Translation and RNA-centered regulation	Translation/RNA regulation	28	skin_top15
Pantoea	CF14	53	52	0.981132075471698	1	1.01923076923077	53	0	53	11	Skin-associated	6	TRUE	NA	FALSE	TRUE	FALSE	TRUE	skin_top15	77.0566037735849	module10	Translation and RNA-centered regulation	Translation/RNA regulation	28	skin_top15
Pantoea	CF24	53	53	1	1.0188679245283	1.0188679245283	53	0	53	11	Skin-associated	6	TRUE	NA	FALSE	TRUE	FALSE	TRUE	skin_top15	77.0566037735849	module10	Translation and RNA-centered regulation	Translation/RNA regulation	28	skin_top15
Pantoea	CF15_17	53	1	0.0188679245283019	0.0188679245283019	1	53	0	53	11	Skin-associated	6	TRUE	NA	FALSE	TRUE	FALSE	TRUE	skin_top15	77.0566037735849	module11	Translation and RNA-centered regulation	Translation/RNA regulation	28	skin_top15
Pantoea	CF15_19	53	53	1	1.05660377358491	1.05660377358491	53	0	53	11	Skin-associated	6	TRUE	NA	FALSE	TRUE	FALSE	TRUE	skin_top15	77.0566037735849	module11	Translation and RNA-centered regulation	Translation/RNA regulation	28	skin_top15
Pantoea	CF16	53	53	1	1.0188679245283	1.0188679245283	53	0	53	11	Skin-associated	6	TRUE	NA	FALSE	TRUE	FALSE	TRUE	skin_top15	77.0566037735849	module12	Translation and RNA-centered regulation	Translation/RNA regulation	28	skin_top15
Pantoea	CF17_20	53	53	1	1.28301886792453	1.28301886792453	53	0	53	11	Skin-associated	6	TRUE	NA	FALSE	TRUE	FALSE	TRUE	skin_top15	77.0566037735849	module13	Nutrient acquisition and substrate utilization	Nutrient/substrate use	28	skin_top15
Pantoea	CF17_23	53	0	0	0	0	53	0	53	11	Skin-associated	6	TRUE	NA	FALSE	TRUE	FALSE	TRUE	skin_top15	77.0566037735849	module13	Nutrient acquisition and substrate utilization	Nutrient/substrate use	28	skin_top15
Pantoea	CF18	53	48	0.905660377358491	0.943396226415094	1.04166666666667	53	0	53	11	Skin-associated	6	TRUE	NA	FALSE	TRUE	FALSE	TRUE	skin_top15	77.0566037735849	module14	Stress adaptation and envelope homeostasis	Stress/envelope homeostasis	28	skin_top15
Pantoea	CF20	53	34	0.641509433962264	0.641509433962264	1	53	0	53	11	Skin-associated	6	TRUE	NA	FALSE	TRUE	FALSE	TRUE	skin_top15	77.0566037735849	module15	Translation and RNA-centered regulation	Translation/RNA regulation	28	skin_top15
Pantoea	CF21	53	52	0.981132075471698	1.0188679245283	1.03846153846154	53	0	53	11	Skin-associated	6	TRUE	NA	FALSE	TRUE	FALSE	TRUE	skin_top15	77.0566037735849	module16	Poorly characterized candidate modules	Poorly characterized	28	skin_top15
Pantoea	CF23	53	51	0.962264150943396	0.981132075471698	1.01960784313725	53	0	53	11	Skin-associated	6	TRUE	NA	FALSE	TRUE	FALSE	TRUE	skin_top15	77.0566037735849	module17	Poorly characterized candidate modules	Poorly characterized	28	skin_top15
Pantoea	CF26	53	51	0.962264150943396	1	1.03921568627451	53	0	53	11	Skin-associated	6	TRUE	NA	FALSE	TRUE	FALSE	TRUE	skin_top15	77.0566037735849	module18	Intercellular communication signal	Communication signal	28	skin_top15
Pseudomonas_E	CF0	50	50	1	4.8	4.8	50	0	50	18	Skin-associated	7	TRUE	NA	FALSE	TRUE	FALSE	TRUE	skin_top15	64.52	module1	Nutrient acquisition and substrate utilization	Nutrient/substrate use	24	skin_top15
Pseudomonas_E	CF12	50	50	1	19.04	19.04	50	0	50	18	Skin-associated	7	TRUE	NA	FALSE	TRUE	FALSE	TRUE	skin_top15	64.52	module1	Nutrient acquisition and substrate utilization	Nutrient/substrate use	24	skin_top15
Pseudomonas_E	CF8	50	50	1	3.14	3.14	50	0	50	18	Skin-associated	7	TRUE	NA	FALSE	TRUE	FALSE	TRUE	skin_top15	64.52	module1	Nutrient acquisition and substrate utilization	Nutrient/substrate use	24	skin_top15
Pseudomonas_E	CF1	50	49	0.98	1	1.02040816326531	50	0	50	18	Skin-associated	7	TRUE	NA	FALSE	TRUE	FALSE	TRUE	skin_top15	64.52	module2	Nucleotide metabolism and genome maintenance	Nucleotide/genome maintenance	24	skin_top15
Pseudomonas_E	CF3	50	50	1	1.02	1.02	50	0	50	18	Skin-associated	7	TRUE	NA	FALSE	TRUE	FALSE	TRUE	skin_top15	64.52	module3	Nutrient acquisition and substrate utilization	Nutrient/substrate use	24	skin_top15
Pseudomonas_E	CF4	50	48	0.96	2.16	2.25	50	0	50	18	Skin-associated	7	TRUE	NA	FALSE	TRUE	FALSE	TRUE	skin_top15	64.52	module4	Stress adaptation and envelope homeostasis	Stress/envelope homeostasis	24	skin_top15
Pseudomonas_E	CF7	50	48	0.96	2.78	2.89583333333333	50	0	50	18	Skin-associated	7	TRUE	NA	FALSE	TRUE	FALSE	TRUE	skin_top15	64.52	module4	Stress adaptation and envelope homeostasis	Stress/envelope homeostasis	24	skin_top15
Pseudomonas_E	CF2_10	50	46	0.92	3.08	3.34782608695652	50	0	50	18	Skin-associated	7	TRUE	NA	FALSE	TRUE	FALSE	TRUE	skin_top15	64.52	module5	Nutrient acquisition and substrate utilization	Nutrient/substrate use	24	skin_top15
Pseudomonas_E	CF2_4	50	50	1	1.02	1.02	50	0	50	18	Skin-associated	7	TRUE	NA	FALSE	TRUE	FALSE	TRUE	skin_top15	64.52	module5	Nutrient acquisition and substrate utilization	Nutrient/substrate use	24	skin_top15
Pseudomonas_E	CF6	50	49	0.98	1.82	1.85714285714286	50	0	50	18	Skin-associated	7	TRUE	NA	FALSE	TRUE	FALSE	TRUE	skin_top15	64.52	module5	Nutrient acquisition and substrate utilization	Nutrient/substrate use	24	skin_top15
Pseudomonas_E	CF5	50	49	0.98	1	1.02040816326531	50	0	50	18	Skin-associated	7	TRUE	NA	FALSE	TRUE	FALSE	TRUE	skin_top15	64.52	module6	Nucleotide metabolism and genome maintenance	Nucleotide/genome maintenance	24	skin_top15
Pseudomonas_E	CF9_12	50	0	0	0	0	50	0	50	18	Skin-associated	7	TRUE	NA	FALSE	TRUE	FALSE	TRUE	skin_top15	64.52	module7	Poorly characterized candidate modules	Poorly characterized	24	skin_top15
Pseudomonas_E	CF9_9	50	48	0.96	0.98	1.02083333333333	50	0	50	18	Skin-associated	7	TRUE	NA	FALSE	TRUE	FALSE	TRUE	skin_top15	64.52	module7	Poorly characterized candidate modules	Poorly characterized	24	skin_top15
Pseudomonas_E	CF10	50	0	0	0	0	50	0	50	18	Skin-associated	7	TRUE	NA	FALSE	TRUE	FALSE	TRUE	skin_top15	64.52	module8	Nucleotide metabolism and genome maintenance	Nucleotide/genome maintenance	24	skin_top15
Pseudomonas_E	CF22	50	4	0.08	0.1	1.25	50	0	50	18	Skin-associated	7	TRUE	NA	FALSE	TRUE	FALSE	TRUE	skin_top15	64.52	module8	Nucleotide metabolism and genome maintenance	Nucleotide/genome maintenance	24	skin_top15
Pseudomonas_E	CF25	50	0	0	0	0	50	0	50	18	Skin-associated	7	TRUE	NA	FALSE	TRUE	FALSE	TRUE	skin_top15	64.52	module8	Nucleotide metabolism and genome maintenance	Nucleotide/genome maintenance	24	skin_top15
Pseudomonas_E	CF11	50	45	0.9	0.9	1	50	0	50	18	Skin-associated	7	TRUE	NA	FALSE	TRUE	FALSE	TRUE	skin_top15	64.52	module9	Nutrient acquisition and substrate utilization	Nutrient/substrate use	24	skin_top15
Pseudomonas_E	CF19	50	50	1	8.44	8.44	50	0	50	18	Skin-associated	7	TRUE	NA	FALSE	TRUE	FALSE	TRUE	skin_top15	64.52	module9	Nutrient acquisition and substrate utilization	Nutrient/substrate use	24	skin_top15
Pseudomonas_E	CF13	50	50	1	3.88	3.88	50	0	50	18	Skin-associated	7	TRUE	NA	FALSE	TRUE	FALSE	TRUE	skin_top15	64.52	module10	Translation and RNA-centered regulation	Translation/RNA regulation	24	skin_top15
Pseudomonas_E	CF14	50	42	0.84	0.84	1	50	0	50	18	Skin-associated	7	TRUE	NA	FALSE	TRUE	FALSE	TRUE	skin_top15	64.52	module10	Translation and RNA-centered regulation	Translation/RNA regulation	24	skin_top15
Pseudomonas_E	CF24	50	50	1	1.02	1.02	50	0	50	18	Skin-associated	7	TRUE	NA	FALSE	TRUE	FALSE	TRUE	skin_top15	64.52	module10	Translation and RNA-centered regulation	Translation/RNA regulation	24	skin_top15
Pseudomonas_E	CF15_17	50	1	0.02	0.02	1	50	0	50	18	Skin-associated	7	TRUE	NA	FALSE	TRUE	FALSE	TRUE	skin_top15	64.52	module11	Translation and RNA-centered regulation	Translation/RNA regulation	24	skin_top15
Pseudomonas_E	CF15_19	50	49	0.98	0.98	1	50	0	50	18	Skin-associated	7	TRUE	NA	FALSE	TRUE	FALSE	TRUE	skin_top15	64.52	module11	Translation and RNA-centered regulation	Translation/RNA regulation	24	skin_top15
Pseudomonas_E	CF16	50	50	1	1.02	1.02	50	0	50	18	Skin-associated	7	TRUE	NA	FALSE	TRUE	FALSE	TRUE	skin_top15	64.52	module12	Translation and RNA-centered regulation	Translation/RNA regulation	24	skin_top15
Pseudomonas_E	CF17_20	50	48	0.96	2.4	2.5	50	0	50	18	Skin-associated	7	TRUE	NA	FALSE	TRUE	FALSE	TRUE	skin_top15	64.52	module13	Nutrient acquisition and substrate utilization	Nutrient/substrate use	24	skin_top15
Pseudomonas_E	CF17_23	50	0	0	0	0	50	0	50	18	Skin-associated	7	TRUE	NA	FALSE	TRUE	FALSE	TRUE	skin_top15	64.52	module13	Nutrient acquisition and substrate utilization	Nutrient/substrate use	24	skin_top15
Pseudomonas_E	CF18	50	48	0.96	0.96	1	50	0	50	18	Skin-associated	7	TRUE	NA	FALSE	TRUE	FALSE	TRUE	skin_top15	64.52	module14	Stress adaptation and envelope homeostasis	Stress/envelope homeostasis	24	skin_top15
Pseudomonas_E	CF20	50	2	0.04	0.04	1	50	0	50	18	Skin-associated	7	TRUE	NA	FALSE	TRUE	FALSE	TRUE	skin_top15	64.52	module15	Translation and RNA-centered regulation	Translation/RNA regulation	24	skin_top15
Pseudomonas_E	CF21	50	49	0.98	0.98	1	50	0	50	18	Skin-associated	7	TRUE	NA	FALSE	TRUE	FALSE	TRUE	skin_top15	64.52	module16	Poorly characterized candidate modules	Poorly characterized	24	skin_top15
Pseudomonas_E	CF23	50	50	1	1.08	1.08	50	0	50	18	Skin-associated	7	TRUE	NA	FALSE	TRUE	FALSE	TRUE	skin_top15	64.52	module17	Poorly characterized candidate modules	Poorly characterized	24	skin_top15
Pseudomonas_E	CF26	50	1	0.02	0.02	1	50	0	50	18	Skin-associated	7	TRUE	NA	FALSE	TRUE	FALSE	TRUE	skin_top15	64.52	module18	Intercellular communication signal	Communication signal	24	skin_top15
Bacillus_A	CF0	49	49	1	4.83673469387755	4.83673469387755	49	0	49	11	Skin-associated	8	TRUE	NA	FALSE	TRUE	FALSE	TRUE	skin_top15	76.6938775510204	module1	Nutrient acquisition and substrate utilization	Nutrient/substrate use	27	skin_top15
Bacillus_A	CF12	49	49	1	19.0408163265306	19.0408163265306	49	0	49	11	Skin-associated	8	TRUE	NA	FALSE	TRUE	FALSE	TRUE	skin_top15	76.6938775510204	module1	Nutrient acquisition and substrate utilization	Nutrient/substrate use	27	skin_top15
Bacillus_A	CF8	49	49	1	3.87755102040816	3.87755102040816	49	0	49	11	Skin-associated	8	TRUE	NA	FALSE	TRUE	FALSE	TRUE	skin_top15	76.6938775510204	module1	Nutrient acquisition and substrate utilization	Nutrient/substrate use	27	skin_top15
Bacillus_A	CF1	49	49	1	1.04081632653061	1.04081632653061	49	0	49	11	Skin-associated	8	TRUE	NA	FALSE	TRUE	FALSE	TRUE	skin_top15	76.6938775510204	module2	Nucleotide metabolism and genome maintenance	Nucleotide/genome maintenance	27	skin_top15
Bacillus_A	CF3	49	49	1	5.89795918367347	5.89795918367347	49	0	49	11	Skin-associated	8	TRUE	NA	FALSE	TRUE	FALSE	TRUE	skin_top15	76.6938775510204	module3	Nutrient acquisition and substrate utilization	Nutrient/substrate use	27	skin_top15
Bacillus_A	CF4	49	49	1	1.02040816326531	1.02040816326531	49	0	49	11	Skin-associated	8	TRUE	NA	FALSE	TRUE	FALSE	TRUE	skin_top15	76.6938775510204	module4	Stress adaptation and envelope homeostasis	Stress/envelope homeostasis	27	skin_top15
Bacillus_A	CF7	49	49	1	3.08163265306122	3.08163265306122	49	0	49	11	Skin-associated	8	TRUE	NA	FALSE	TRUE	FALSE	TRUE	skin_top15	76.6938775510204	module4	Stress adaptation and envelope homeostasis	Stress/envelope homeostasis	27	skin_top15
Bacillus_A	CF2_10	49	49	1	3.06122448979592	3.06122448979592	49	0	49	11	Skin-associated	8	TRUE	NA	FALSE	TRUE	FALSE	TRUE	skin_top15	76.6938775510204	module5	Nutrient acquisition and substrate utilization	Nutrient/substrate use	27	skin_top15
Bacillus_A	CF2_4	49	48	0.979591836734694	0.979591836734694	1	49	0	49	11	Skin-associated	8	TRUE	NA	FALSE	TRUE	FALSE	TRUE	skin_top15	76.6938775510204	module5	Nutrient acquisition and substrate utilization	Nutrient/substrate use	27	skin_top15
Bacillus_A	CF6	49	49	1	3.89795918367347	3.89795918367347	49	0	49	11	Skin-associated	8	TRUE	NA	FALSE	TRUE	FALSE	TRUE	skin_top15	76.6938775510204	module5	Nutrient acquisition and substrate utilization	Nutrient/substrate use	27	skin_top15
Bacillus_A	CF5	49	49	1	1	1	49	0	49	11	Skin-associated	8	TRUE	NA	FALSE	TRUE	FALSE	TRUE	skin_top15	76.6938775510204	module6	Nucleotide metabolism and genome maintenance	Nucleotide/genome maintenance	27	skin_top15
Bacillus_A	CF9_12	49	49	1	1	1	49	0	49	11	Skin-associated	8	TRUE	NA	FALSE	TRUE	FALSE	TRUE	skin_top15	76.6938775510204	module7	Poorly characterized candidate modules	Poorly characterized	27	skin_top15
Bacillus_A	CF9_9	49	0	0	0	0	49	0	49	11	Skin-associated	8	TRUE	NA	FALSE	TRUE	FALSE	TRUE	skin_top15	76.6938775510204	module7	Poorly characterized candidate modules	Poorly characterized	27	skin_top15
Bacillus_A	CF10	49	49	1	1.04081632653061	1.04081632653061	49	0	49	11	Skin-associated	8	TRUE	NA	FALSE	TRUE	FALSE	TRUE	skin_top15	76.6938775510204	module8	Nucleotide metabolism and genome maintenance	Nucleotide/genome maintenance	27	skin_top15
Bacillus_A	CF22	49	47	0.959183673469388	0.959183673469388	1	49	0	49	11	Skin-associated	8	TRUE	NA	FALSE	TRUE	FALSE	TRUE	skin_top15	76.6938775510204	module8	Nucleotide metabolism and genome maintenance	Nucleotide/genome maintenance	27	skin_top15
Bacillus_A	CF25	49	20	0.408163265306122	0.428571428571429	1.05	49	0	49	11	Skin-associated	8	TRUE	NA	FALSE	TRUE	FALSE	TRUE	skin_top15	76.6938775510204	module8	Nucleotide metabolism and genome maintenance	Nucleotide/genome maintenance	27	skin_top15
Bacillus_A	CF11	49	48	0.979591836734694	1.24489795918367	1.27083333333333	49	0	49	11	Skin-associated	8	TRUE	NA	FALSE	TRUE	FALSE	TRUE	skin_top15	76.6938775510204	module9	Nutrient acquisition and substrate utilization	Nutrient/substrate use	27	skin_top15
Bacillus_A	CF19	49	49	1	7.69387755102041	7.69387755102041	49	0	49	11	Skin-associated	8	TRUE	NA	FALSE	TRUE	FALSE	TRUE	skin_top15	76.6938775510204	module9	Nutrient acquisition and substrate utilization	Nutrient/substrate use	27	skin_top15
Bacillus_A	CF13	49	49	1	6.51020408163265	6.51020408163265	49	0	49	11	Skin-associated	8	TRUE	NA	FALSE	TRUE	FALSE	TRUE	skin_top15	76.6938775510204	module10	Translation and RNA-centered regulation	Translation/RNA regulation	27	skin_top15
Bacillus_A	CF14	49	47	0.959183673469388	0.959183673469388	1	49	0	49	11	Skin-associated	8	TRUE	NA	FALSE	TRUE	FALSE	TRUE	skin_top15	76.6938775510204	module10	Translation and RNA-centered regulation	Translation/RNA regulation	27	skin_top15
Bacillus_A	CF24	49	49	1	1	1	49	0	49	11	Skin-associated	8	TRUE	NA	FALSE	TRUE	FALSE	TRUE	skin_top15	76.6938775510204	module10	Translation and RNA-centered regulation	Translation/RNA regulation	27	skin_top15
Bacillus_A	CF15_17	49	49	1	1	1	49	0	49	11	Skin-associated	8	TRUE	NA	FALSE	TRUE	FALSE	TRUE	skin_top15	76.6938775510204	module11	Translation and RNA-centered regulation	Translation/RNA regulation	27	skin_top15
Bacillus_A	CF15_19	49	0	0	0	0	49	0	49	11	Skin-associated	8	TRUE	NA	FALSE	TRUE	FALSE	TRUE	skin_top15	76.6938775510204	module11	Translation and RNA-centered regulation	Translation/RNA regulation	27	skin_top15
Bacillus_A	CF16	49	48	0.979591836734694	0.979591836734694	1	49	0	49	11	Skin-associated	8	TRUE	NA	FALSE	TRUE	FALSE	TRUE	skin_top15	76.6938775510204	module12	Translation and RNA-centered regulation	Translation/RNA regulation	27	skin_top15
Bacillus_A	CF17_20	49	0	0	0	0	49	0	49	11	Skin-associated	8	TRUE	NA	FALSE	TRUE	FALSE	TRUE	skin_top15	76.6938775510204	module13	Nutrient acquisition and substrate utilization	Nutrient/substrate use	27	skin_top15
Bacillus_A	CF17_23	49	48	0.979591836734694	1.18367346938776	1.20833333333333	49	0	49	11	Skin-associated	8	TRUE	NA	FALSE	TRUE	FALSE	TRUE	skin_top15	76.6938775510204	module13	Nutrient acquisition and substrate utilization	Nutrient/substrate use	27	skin_top15
Bacillus_A	CF18	49	48	0.979591836734694	1	1.02083333333333	49	0	49	11	Skin-associated	8	TRUE	NA	FALSE	TRUE	FALSE	TRUE	skin_top15	76.6938775510204	module14	Stress adaptation and envelope homeostasis	Stress/envelope homeostasis	27	skin_top15
Bacillus_A	CF20	49	49	1	1	1	49	0	49	11	Skin-associated	8	TRUE	NA	FALSE	TRUE	FALSE	TRUE	skin_top15	76.6938775510204	module15	Translation and RNA-centered regulation	Translation/RNA regulation	27	skin_top15
Bacillus_A	CF21	49	0	0	0	0	49	0	49	11	Skin-associated	8	TRUE	NA	FALSE	TRUE	FALSE	TRUE	skin_top15	76.6938775510204	module16	Poorly characterized candidate modules	Poorly characterized	27	skin_top15
Bacillus_A	CF23	49	49	1	1.95918367346939	1.95918367346939	49	0	49	11	Skin-associated	8	TRUE	NA	FALSE	TRUE	FALSE	TRUE	skin_top15	76.6938775510204	module17	Poorly characterized candidate modules	Poorly characterized	27	skin_top15
Bacillus_A	CF26	49	49	1	1	1	49	0	49	11	Skin-associated	8	TRUE	NA	FALSE	TRUE	FALSE	TRUE	skin_top15	76.6938775510204	module18	Intercellular communication signal	Communication signal	27	skin_top15
Brevundimonas	CF0	47	34	0.723404255319149	1	1.38235294117647	47	0	47	12	Skin-associated	10	TRUE	NA	FALSE	TRUE	FALSE	TRUE	skin_top15	18.2978723404255	module1	Nutrient acquisition and substrate utilization	Nutrient/substrate use	15	skin_top15
Brevundimonas	CF12	47	47	1	3.65957446808511	3.65957446808511	47	0	47	12	Skin-associated	10	TRUE	NA	FALSE	TRUE	FALSE	TRUE	skin_top15	18.2978723404255	module1	Nutrient acquisition and substrate utilization	Nutrient/substrate use	15	skin_top15
Brevundimonas	CF8	47	20	0.425531914893617	0.425531914893617	1	47	0	47	12	Skin-associated	10	TRUE	NA	FALSE	TRUE	FALSE	TRUE	skin_top15	18.2978723404255	module1	Nutrient acquisition and substrate utilization	Nutrient/substrate use	15	skin_top15
Brevundimonas	CF1	47	0	0	0	0	47	0	47	12	Skin-associated	10	TRUE	NA	FALSE	TRUE	FALSE	TRUE	skin_top15	18.2978723404255	module2	Nucleotide metabolism and genome maintenance	Nucleotide/genome maintenance	15	skin_top15
Brevundimonas	CF3	47	0	0	0	0	47	0	47	12	Skin-associated	10	TRUE	NA	FALSE	TRUE	FALSE	TRUE	skin_top15	18.2978723404255	module3	Nutrient acquisition and substrate utilization	Nutrient/substrate use	15	skin_top15
Brevundimonas	CF4	47	46	0.978723404255319	0.978723404255319	1	47	0	47	12	Skin-associated	10	TRUE	NA	FALSE	TRUE	FALSE	TRUE	skin_top15	18.2978723404255	module4	Stress adaptation and envelope homeostasis	Stress/envelope homeostasis	15	skin_top15
Brevundimonas	CF7	47	32	0.680851063829787	0.808510638297872	1.1875	47	0	47	12	Skin-associated	10	TRUE	NA	FALSE	TRUE	FALSE	TRUE	skin_top15	18.2978723404255	module4	Stress adaptation and envelope homeostasis	Stress/envelope homeostasis	15	skin_top15
Brevundimonas	CF2_10	47	0	0	0	0	47	0	47	12	Skin-associated	10	TRUE	NA	FALSE	TRUE	FALSE	TRUE	skin_top15	18.2978723404255	module5	Nutrient acquisition and substrate utilization	Nutrient/substrate use	15	skin_top15
Brevundimonas	CF2_4	47	0	0	0	0	47	0	47	12	Skin-associated	10	TRUE	NA	FALSE	TRUE	FALSE	TRUE	skin_top15	18.2978723404255	module5	Nutrient acquisition and substrate utilization	Nutrient/substrate use	15	skin_top15
Brevundimonas	CF6	47	0	0	0	0	47	0	47	12	Skin-associated	10	TRUE	NA	FALSE	TRUE	FALSE	TRUE	skin_top15	18.2978723404255	module5	Nutrient acquisition and substrate utilization	Nutrient/substrate use	15	skin_top15
Brevundimonas	CF5	47	1	0.0212765957446809	0.0212765957446809	1	47	0	47	12	Skin-associated	10	TRUE	NA	FALSE	TRUE	FALSE	TRUE	skin_top15	18.2978723404255	module6	Nucleotide metabolism and genome maintenance	Nucleotide/genome maintenance	15	skin_top15
Brevundimonas	CF9_12	47	0	0	0	0	47	0	47	12	Skin-associated	10	TRUE	NA	FALSE	TRUE	FALSE	TRUE	skin_top15	18.2978723404255	module7	Poorly characterized candidate modules	Poorly characterized	15	skin_top15
Brevundimonas	CF9_9	47	0	0	0	0	47	0	47	12	Skin-associated	10	TRUE	NA	FALSE	TRUE	FALSE	TRUE	skin_top15	18.2978723404255	module7	Poorly characterized candidate modules	Poorly characterized	15	skin_top15
Brevundimonas	CF10	47	0	0	0	0	47	0	47	12	Skin-associated	10	TRUE	NA	FALSE	TRUE	FALSE	TRUE	skin_top15	18.2978723404255	module8	Nucleotide metabolism and genome maintenance	Nucleotide/genome maintenance	15	skin_top15
Brevundimonas	CF22	47	43	0.914893617021277	0.936170212765957	1.02325581395349	47	0	47	12	Skin-associated	10	TRUE	NA	FALSE	TRUE	FALSE	TRUE	skin_top15	18.2978723404255	module8	Nucleotide metabolism and genome maintenance	Nucleotide/genome maintenance	15	skin_top15
Brevundimonas	CF25	47	3	0.0638297872340425	0.0638297872340425	1	47	0	47	12	Skin-associated	10	TRUE	NA	FALSE	TRUE	FALSE	TRUE	skin_top15	18.2978723404255	module8	Nucleotide metabolism and genome maintenance	Nucleotide/genome maintenance	15	skin_top15
Brevundimonas	CF11	47	1	0.0212765957446809	0.0212765957446809	1	47	0	47	12	Skin-associated	10	TRUE	NA	FALSE	TRUE	FALSE	TRUE	skin_top15	18.2978723404255	module9	Nutrient acquisition and substrate utilization	Nutrient/substrate use	15	skin_top15
Brevundimonas	CF19	47	0	0	0	0	47	0	47	12	Skin-associated	10	TRUE	NA	FALSE	TRUE	FALSE	TRUE	skin_top15	18.2978723404255	module9	Nutrient acquisition and substrate utilization	Nutrient/substrate use	15	skin_top15
Brevundimonas	CF13	47	47	1	3.59574468085106	3.59574468085106	47	0	47	12	Skin-associated	10	TRUE	NA	FALSE	TRUE	FALSE	TRUE	skin_top15	18.2978723404255	module10	Translation and RNA-centered regulation	Translation/RNA regulation	15	skin_top15
Brevundimonas	CF14	47	44	0.936170212765957	0.936170212765957	1	47	0	47	12	Skin-associated	10	TRUE	NA	FALSE	TRUE	FALSE	TRUE	skin_top15	18.2978723404255	module10	Translation and RNA-centered regulation	Translation/RNA regulation	15	skin_top15
Brevundimonas	CF24	47	47	1	1.02127659574468	1.02127659574468	47	0	47	12	Skin-associated	10	TRUE	NA	FALSE	TRUE	FALSE	TRUE	skin_top15	18.2978723404255	module10	Translation and RNA-centered regulation	Translation/RNA regulation	15	skin_top15
Brevundimonas	CF15_17	47	0	0	0	0	47	0	47	12	Skin-associated	10	TRUE	NA	FALSE	TRUE	FALSE	TRUE	skin_top15	18.2978723404255	module11	Translation and RNA-centered regulation	Translation/RNA regulation	15	skin_top15
Brevundimonas	CF15_19	47	0	0	0	0	47	0	47	12	Skin-associated	10	TRUE	NA	FALSE	TRUE	FALSE	TRUE	skin_top15	18.2978723404255	module11	Translation and RNA-centered regulation	Translation/RNA regulation	15	skin_top15
Brevundimonas	CF16	47	44	0.936170212765957	0.936170212765957	1	47	0	47	12	Skin-associated	10	TRUE	NA	FALSE	TRUE	FALSE	TRUE	skin_top15	18.2978723404255	module12	Translation and RNA-centered regulation	Translation/RNA regulation	15	skin_top15
Brevundimonas	CF17_20	47	0	0	0	0	47	0	47	12	Skin-associated	10	TRUE	NA	FALSE	TRUE	FALSE	TRUE	skin_top15	18.2978723404255	module13	Nutrient acquisition and substrate utilization	Nutrient/substrate use	15	skin_top15
Brevundimonas	CF17_23	47	0	0	0	0	47	0	47	12	Skin-associated	10	TRUE	NA	FALSE	TRUE	FALSE	TRUE	skin_top15	18.2978723404255	module13	Nutrient acquisition and substrate utilization	Nutrient/substrate use	15	skin_top15
Brevundimonas	CF18	47	44	0.936170212765957	0.936170212765957	1	47	0	47	12	Skin-associated	10	TRUE	NA	FALSE	TRUE	FALSE	TRUE	skin_top15	18.2978723404255	module14	Stress adaptation and envelope homeostasis	Stress/envelope homeostasis	15	skin_top15
Brevundimonas	CF20	47	45	0.957446808510638	0.957446808510638	1	47	0	47	12	Skin-associated	10	TRUE	NA	FALSE	TRUE	FALSE	TRUE	skin_top15	18.2978723404255	module15	Translation and RNA-centered regulation	Translation/RNA regulation	15	skin_top15
Brevundimonas	CF21	47	47	1	1	1	47	0	47	12	Skin-associated	10	TRUE	NA	FALSE	TRUE	FALSE	TRUE	skin_top15	18.2978723404255	module16	Poorly characterized candidate modules	Poorly characterized	15	skin_top15
Brevundimonas	CF23	47	47	1	1	1	47	0	47	12	Skin-associated	10	TRUE	NA	FALSE	TRUE	FALSE	TRUE	skin_top15	18.2978723404255	module17	Poorly characterized candidate modules	Poorly characterized	15	skin_top15
Brevundimonas	CF26	47	0	0	0	0	47	0	47	12	Skin-associated	10	TRUE	NA	FALSE	TRUE	FALSE	TRUE	skin_top15	18.2978723404255	module18	Intercellular communication signal	Communication signal	15	skin_top15
Kocuria	CF0	46	46	1	1.65217391304348	1.65217391304348	46	0	46	7	Skin-associated	11	TRUE	NA	FALSE	TRUE	FALSE	TRUE	skin_top15	41.6521739130435	module1	Nutrient acquisition and substrate utilization	Nutrient/substrate use	28	skin_top15
Kocuria	CF12	46	46	1	4.26086956521739	4.26086956521739	46	0	46	7	Skin-associated	11	TRUE	NA	FALSE	TRUE	FALSE	TRUE	skin_top15	41.6521739130435	module1	Nutrient acquisition and substrate utilization	Nutrient/substrate use	28	skin_top15
Kocuria	CF8	46	46	1	1.08695652173913	1.08695652173913	46	0	46	7	Skin-associated	11	TRUE	NA	FALSE	TRUE	FALSE	TRUE	skin_top15	41.6521739130435	module1	Nutrient acquisition and substrate utilization	Nutrient/substrate use	28	skin_top15
Kocuria	CF1	46	46	1	1.08695652173913	1.08695652173913	46	0	46	7	Skin-associated	11	TRUE	NA	FALSE	TRUE	FALSE	TRUE	skin_top15	41.6521739130435	module2	Nucleotide metabolism and genome maintenance	Nucleotide/genome maintenance	28	skin_top15
Kocuria	CF3	46	10	0.217391304347826	0.217391304347826	1	46	0	46	7	Skin-associated	11	TRUE	NA	FALSE	TRUE	FALSE	TRUE	skin_top15	41.6521739130435	module3	Nutrient acquisition and substrate utilization	Nutrient/substrate use	28	skin_top15
Kocuria	CF4	46	46	1	2.54347826086957	2.54347826086957	46	0	46	7	Skin-associated	11	TRUE	NA	FALSE	TRUE	FALSE	TRUE	skin_top15	41.6521739130435	module4	Stress adaptation and envelope homeostasis	Stress/envelope homeostasis	28	skin_top15
Kocuria	CF7	46	46	1	2.1304347826087	2.1304347826087	46	0	46	7	Skin-associated	11	TRUE	NA	FALSE	TRUE	FALSE	TRUE	skin_top15	41.6521739130435	module4	Stress adaptation and envelope homeostasis	Stress/envelope homeostasis	28	skin_top15
Kocuria	CF2_10	46	34	0.739130434782609	1.30434782608696	1.76470588235294	46	0	46	7	Skin-associated	11	TRUE	NA	FALSE	TRUE	FALSE	TRUE	skin_top15	41.6521739130435	module5	Nutrient acquisition and substrate utilization	Nutrient/substrate use	28	skin_top15
Kocuria	CF2_4	46	45	0.978260869565217	1.02173913043478	1.04444444444444	46	0	46	7	Skin-associated	11	TRUE	NA	FALSE	TRUE	FALSE	TRUE	skin_top15	41.6521739130435	module5	Nutrient acquisition and substrate utilization	Nutrient/substrate use	28	skin_top15
Kocuria	CF6	46	45	0.978260869565217	1	1.02222222222222	46	0	46	7	Skin-associated	11	TRUE	NA	FALSE	TRUE	FALSE	TRUE	skin_top15	41.6521739130435	module5	Nutrient acquisition and substrate utilization	Nutrient/substrate use	28	skin_top15
Kocuria	CF5	46	46	1	1.02173913043478	1.02173913043478	46	0	46	7	Skin-associated	11	TRUE	NA	FALSE	TRUE	FALSE	TRUE	skin_top15	41.6521739130435	module6	Nucleotide metabolism and genome maintenance	Nucleotide/genome maintenance	28	skin_top15
Kocuria	CF9_12	46	16	0.347826086956522	0.347826086956522	1	46	0	46	7	Skin-associated	11	TRUE	NA	FALSE	TRUE	FALSE	TRUE	skin_top15	41.6521739130435	module7	Poorly characterized candidate modules	Poorly characterized	28	skin_top15
Kocuria	CF9_9	46	29	0.630434782608696	0.652173913043478	1.03448275862069	46	0	46	7	Skin-associated	11	TRUE	NA	FALSE	TRUE	FALSE	TRUE	skin_top15	41.6521739130435	module7	Poorly characterized candidate modules	Poorly characterized	28	skin_top15
Kocuria	CF10	46	43	0.934782608695652	1.04347826086957	1.11627906976744	46	0	46	7	Skin-associated	11	TRUE	NA	FALSE	TRUE	FALSE	TRUE	skin_top15	41.6521739130435	module8	Nucleotide metabolism and genome maintenance	Nucleotide/genome maintenance	28	skin_top15
Kocuria	CF22	46	44	0.956521739130435	1	1.04545454545455	46	0	46	7	Skin-associated	11	TRUE	NA	FALSE	TRUE	FALSE	TRUE	skin_top15	41.6521739130435	module8	Nucleotide metabolism and genome maintenance	Nucleotide/genome maintenance	28	skin_top15
Kocuria	CF25	46	1	0.0217391304347826	0.0217391304347826	1	46	0	46	7	Skin-associated	11	TRUE	NA	FALSE	TRUE	FALSE	TRUE	skin_top15	41.6521739130435	module8	Nucleotide metabolism and genome maintenance	Nucleotide/genome maintenance	28	skin_top15
Kocuria	CF11	46	46	1	1.10869565217391	1.10869565217391	46	0	46	7	Skin-associated	11	TRUE	NA	FALSE	TRUE	FALSE	TRUE	skin_top15	41.6521739130435	module9	Nutrient acquisition and substrate utilization	Nutrient/substrate use	28	skin_top15
Kocuria	CF19	46	46	1	6.47826086956522	6.47826086956522	46	0	46	7	Skin-associated	11	TRUE	NA	FALSE	TRUE	FALSE	TRUE	skin_top15	41.6521739130435	module9	Nutrient acquisition and substrate utilization	Nutrient/substrate use	28	skin_top15
Kocuria	CF13	46	46	1	4.52173913043478	4.52173913043478	46	0	46	7	Skin-associated	11	TRUE	NA	FALSE	TRUE	FALSE	TRUE	skin_top15	41.6521739130435	module10	Translation and RNA-centered regulation	Translation/RNA regulation	28	skin_top15
Kocuria	CF14	46	44	0.956521739130435	0.978260869565217	1.02272727272727	46	0	46	7	Skin-associated	11	TRUE	NA	FALSE	TRUE	FALSE	TRUE	skin_top15	41.6521739130435	module10	Translation and RNA-centered regulation	Translation/RNA regulation	28	skin_top15
Kocuria	CF24	46	46	1	1.02173913043478	1.02173913043478	46	0	46	7	Skin-associated	11	TRUE	NA	FALSE	TRUE	FALSE	TRUE	skin_top15	41.6521739130435	module10	Translation and RNA-centered regulation	Translation/RNA regulation	28	skin_top15
Kocuria	CF15_17	46	46	1	1.02173913043478	1.02173913043478	46	0	46	7	Skin-associated	11	TRUE	NA	FALSE	TRUE	FALSE	TRUE	skin_top15	41.6521739130435	module11	Translation and RNA-centered regulation	Translation/RNA regulation	28	skin_top15
Kocuria	CF15_19	46	0	0	0	0	46	0	46	7	Skin-associated	11	TRUE	NA	FALSE	TRUE	FALSE	TRUE	skin_top15	41.6521739130435	module11	Translation and RNA-centered regulation	Translation/RNA regulation	28	skin_top15
Kocuria	CF16	46	46	1	1.02173913043478	1.02173913043478	46	0	46	7	Skin-associated	11	TRUE	NA	FALSE	TRUE	FALSE	TRUE	skin_top15	41.6521739130435	module12	Translation and RNA-centered regulation	Translation/RNA regulation	28	skin_top15
Kocuria	CF17_20	46	45	0.978260869565217	1	1.02222222222222	46	0	46	7	Skin-associated	11	TRUE	NA	FALSE	TRUE	FALSE	TRUE	skin_top15	41.6521739130435	module13	Nutrient acquisition and substrate utilization	Nutrient/substrate use	28	skin_top15
Kocuria	CF17_23	46	0	0	0	0	46	0	46	7	Skin-associated	11	TRUE	NA	FALSE	TRUE	FALSE	TRUE	skin_top15	41.6521739130435	module13	Nutrient acquisition and substrate utilization	Nutrient/substrate use	28	skin_top15
Kocuria	CF18	46	43	0.934782608695652	0.956521739130435	1.02325581395349	46	0	46	7	Skin-associated	11	TRUE	NA	FALSE	TRUE	FALSE	TRUE	skin_top15	41.6521739130435	module14	Stress adaptation and envelope homeostasis	Stress/envelope homeostasis	28	skin_top15
Kocuria	CF20	46	46	1	1.04347826086957	1.04347826086957	46	0	46	7	Skin-associated	11	TRUE	NA	FALSE	TRUE	FALSE	TRUE	skin_top15	41.6521739130435	module15	Translation and RNA-centered regulation	Translation/RNA regulation	28	skin_top15
Kocuria	CF21	46	35	0.760869565217391	0.782608695652174	1.02857142857143	46	0	46	7	Skin-associated	11	TRUE	NA	FALSE	TRUE	FALSE	TRUE	skin_top15	41.6521739130435	module16	Poorly characterized candidate modules	Poorly characterized	28	skin_top15
Kocuria	CF23	46	39	0.847826086956522	1	1.17948717948718	46	0	46	7	Skin-associated	11	TRUE	NA	FALSE	TRUE	FALSE	TRUE	skin_top15	41.6521739130435	module17	Poorly characterized candidate modules	Poorly characterized	28	skin_top15
Kocuria	CF26	46	15	0.326086956521739	0.326086956521739	1	46	0	46	7	Skin-associated	11	TRUE	NA	FALSE	TRUE	FALSE	TRUE	skin_top15	41.6521739130435	module18	Intercellular communication signal	Communication signal	28	skin_top15
Paracoccus	CF0	42	29	0.69047619047619	1.92857142857143	2.79310344827586	42	0	42	6	Skin-associated	13	TRUE	NA	FALSE	TRUE	FALSE	TRUE	skin_top15	37.3333333333333	module1	Nutrient acquisition and substrate utilization	Nutrient/substrate use	23	skin_top15
Paracoccus	CF12	42	42	1	16.8809523809524	16.8809523809524	42	0	42	6	Skin-associated	13	TRUE	NA	FALSE	TRUE	FALSE	TRUE	skin_top15	37.3333333333333	module1	Nutrient acquisition and substrate utilization	Nutrient/substrate use	23	skin_top15
Paracoccus	CF8	42	22	0.523809523809524	0.571428571428571	1.09090909090909	42	0	42	6	Skin-associated	13	TRUE	NA	FALSE	TRUE	FALSE	TRUE	skin_top15	37.3333333333333	module1	Nutrient acquisition and substrate utilization	Nutrient/substrate use	23	skin_top15
Paracoccus	CF1	42	42	1	1	1	42	0	42	6	Skin-associated	13	TRUE	NA	FALSE	TRUE	FALSE	TRUE	skin_top15	37.3333333333333	module2	Nucleotide metabolism and genome maintenance	Nucleotide/genome maintenance	23	skin_top15
Paracoccus	CF3	42	1	0.0238095238095238	0.0238095238095238	1	42	0	42	6	Skin-associated	13	TRUE	NA	FALSE	TRUE	FALSE	TRUE	skin_top15	37.3333333333333	module3	Nutrient acquisition and substrate utilization	Nutrient/substrate use	23	skin_top15
Paracoccus	CF4	42	42	1	1.54761904761905	1.54761904761905	42	0	42	6	Skin-associated	13	TRUE	NA	FALSE	TRUE	FALSE	TRUE	skin_top15	37.3333333333333	module4	Stress adaptation and envelope homeostasis	Stress/envelope homeostasis	23	skin_top15
Paracoccus	CF7	42	40	0.952380952380952	1	1.05	42	0	42	6	Skin-associated	13	TRUE	NA	FALSE	TRUE	FALSE	TRUE	skin_top15	37.3333333333333	module4	Stress adaptation and envelope homeostasis	Stress/envelope homeostasis	23	skin_top15
Paracoccus	CF2_10	42	37	0.880952380952381	1.0952380952381	1.24324324324324	42	0	42	6	Skin-associated	13	TRUE	NA	FALSE	TRUE	FALSE	TRUE	skin_top15	37.3333333333333	module5	Nutrient acquisition and substrate utilization	Nutrient/substrate use	23	skin_top15
Paracoccus	CF2_4	42	7	0.166666666666667	0.166666666666667	1	42	0	42	6	Skin-associated	13	TRUE	NA	FALSE	TRUE	FALSE	TRUE	skin_top15	37.3333333333333	module5	Nutrient acquisition and substrate utilization	Nutrient/substrate use	23	skin_top15
Paracoccus	CF6	42	28	0.666666666666667	0.69047619047619	1.03571428571429	42	0	42	6	Skin-associated	13	TRUE	NA	FALSE	TRUE	FALSE	TRUE	skin_top15	37.3333333333333	module5	Nutrient acquisition and substrate utilization	Nutrient/substrate use	23	skin_top15
Paracoccus	CF5	42	42	1	1.04761904761905	1.04761904761905	42	0	42	6	Skin-associated	13	TRUE	NA	FALSE	TRUE	FALSE	TRUE	skin_top15	37.3333333333333	module6	Nucleotide metabolism and genome maintenance	Nucleotide/genome maintenance	23	skin_top15
Paracoccus	CF9_12	42	0	0	0	0	42	0	42	6	Skin-associated	13	TRUE	NA	FALSE	TRUE	FALSE	TRUE	skin_top15	37.3333333333333	module7	Poorly characterized candidate modules	Poorly characterized	23	skin_top15
Paracoccus	CF9_9	42	0	0	0	0	42	0	42	6	Skin-associated	13	TRUE	NA	FALSE	TRUE	FALSE	TRUE	skin_top15	37.3333333333333	module7	Poorly characterized candidate modules	Poorly characterized	23	skin_top15
Paracoccus	CF10	42	16	0.380952380952381	0.380952380952381	1	42	0	42	6	Skin-associated	13	TRUE	NA	FALSE	TRUE	FALSE	TRUE	skin_top15	37.3333333333333	module8	Nucleotide metabolism and genome maintenance	Nucleotide/genome maintenance	23	skin_top15
Paracoccus	CF22	42	16	0.380952380952381	0.380952380952381	1	42	0	42	6	Skin-associated	13	TRUE	NA	FALSE	TRUE	FALSE	TRUE	skin_top15	37.3333333333333	module8	Nucleotide metabolism and genome maintenance	Nucleotide/genome maintenance	23	skin_top15
Paracoccus	CF25	42	0	0	0	0	42	0	42	6	Skin-associated	13	TRUE	NA	FALSE	TRUE	FALSE	TRUE	skin_top15	37.3333333333333	module8	Nucleotide metabolism and genome maintenance	Nucleotide/genome maintenance	23	skin_top15
Paracoccus	CF11	42	4	0.0952380952380952	0.0952380952380952	1	42	0	42	6	Skin-associated	13	TRUE	NA	FALSE	TRUE	FALSE	TRUE	skin_top15	37.3333333333333	module9	Nutrient acquisition and substrate utilization	Nutrient/substrate use	23	skin_top15
Paracoccus	CF19	42	5	0.119047619047619	0.119047619047619	1	42	0	42	6	Skin-associated	13	TRUE	NA	FALSE	TRUE	FALSE	TRUE	skin_top15	37.3333333333333	module9	Nutrient acquisition and substrate utilization	Nutrient/substrate use	23	skin_top15
Paracoccus	CF13	42	42	1	2.85714285714286	2.85714285714286	42	0	42	6	Skin-associated	13	TRUE	NA	FALSE	TRUE	FALSE	TRUE	skin_top15	37.3333333333333	module10	Translation and RNA-centered regulation	Translation/RNA regulation	23	skin_top15
Paracoccus	CF14	42	42	1	1	1	42	0	42	6	Skin-associated	13	TRUE	NA	FALSE	TRUE	FALSE	TRUE	skin_top15	37.3333333333333	module10	Translation and RNA-centered regulation	Translation/RNA regulation	23	skin_top15
Paracoccus	CF24	42	38	0.904761904761905	0.928571428571429	1.02631578947368	42	0	42	6	Skin-associated	13	TRUE	NA	FALSE	TRUE	FALSE	TRUE	skin_top15	37.3333333333333	module10	Translation and RNA-centered regulation	Translation/RNA regulation	23	skin_top15
Paracoccus	CF15_17	42	41	0.976190476190476	0.976190476190476	1	42	0	42	6	Skin-associated	13	TRUE	NA	FALSE	TRUE	FALSE	TRUE	skin_top15	37.3333333333333	module11	Translation and RNA-centered regulation	Translation/RNA regulation	23	skin_top15
Paracoccus	CF15_19	42	0	0	0	0	42	0	42	6	Skin-associated	13	TRUE	NA	FALSE	TRUE	FALSE	TRUE	skin_top15	37.3333333333333	module11	Translation and RNA-centered regulation	Translation/RNA regulation	23	skin_top15
Paracoccus	CF16	42	1	0.0238095238095238	0.0238095238095238	1	42	0	42	6	Skin-associated	13	TRUE	NA	FALSE	TRUE	FALSE	TRUE	skin_top15	37.3333333333333	module12	Translation and RNA-centered regulation	Translation/RNA regulation	23	skin_top15
Paracoccus	CF17_20	42	41	0.976190476190476	1	1.02439024390244	42	0	42	6	Skin-associated	13	TRUE	NA	FALSE	TRUE	FALSE	TRUE	skin_top15	37.3333333333333	module13	Nutrient acquisition and substrate utilization	Nutrient/substrate use	23	skin_top15
Paracoccus	CF17_23	42	0	0	0	0	42	0	42	6	Skin-associated	13	TRUE	NA	FALSE	TRUE	FALSE	TRUE	skin_top15	37.3333333333333	module13	Nutrient acquisition and substrate utilization	Nutrient/substrate use	23	skin_top15
Paracoccus	CF18	42	40	0.952380952380952	0.952380952380952	1	42	0	42	6	Skin-associated	13	TRUE	NA	FALSE	TRUE	FALSE	TRUE	skin_top15	37.3333333333333	module14	Stress adaptation and envelope homeostasis	Stress/envelope homeostasis	23	skin_top15
Paracoccus	CF20	42	42	1	1	1	42	0	42	6	Skin-associated	13	TRUE	NA	FALSE	TRUE	FALSE	TRUE	skin_top15	37.3333333333333	module15	Translation and RNA-centered regulation	Translation/RNA regulation	23	skin_top15
Paracoccus	CF21	42	41	0.976190476190476	0.976190476190476	1	42	0	42	6	Skin-associated	13	TRUE	NA	FALSE	TRUE	FALSE	TRUE	skin_top15	37.3333333333333	module16	Poorly characterized candidate modules	Poorly characterized	23	skin_top15
Paracoccus	CF23	42	29	0.69047619047619	0.69047619047619	1	42	0	42	6	Skin-associated	13	TRUE	NA	FALSE	TRUE	FALSE	TRUE	skin_top15	37.3333333333333	module17	Poorly characterized candidate modules	Poorly characterized	23	skin_top15
Paracoccus	CF26	42	0	0	0	0	42	0	42	6	Skin-associated	13	TRUE	NA	FALSE	TRUE	FALSE	TRUE	skin_top15	37.3333333333333	module18	Intercellular communication signal	Communication signal	23	skin_top15
Corynebacterium	CF0	268	266	0.992537313432836	1.80970149253731	1.82330827067669	199	69	268	78	Shared	1	TRUE	1	TRUE	TRUE	FALSE	TRUE	skin_top15;nasal_top15	36.6305970149254	module1	Nutrient acquisition and substrate utilization	Nutrient/substrate use	28	skin_top15;nasal_top15
Corynebacterium	CF12	268	268	1	4.91791044776119	4.91791044776119	199	69	268	78	Shared	1	TRUE	1	TRUE	TRUE	FALSE	TRUE	skin_top15;nasal_top15	36.6305970149254	module1	Nutrient acquisition and substrate utilization	Nutrient/substrate use	28	skin_top15;nasal_top15
Corynebacterium	CF8	268	264	0.985074626865672	1.45522388059702	1.47727272727273	199	69	268	78	Shared	1	TRUE	1	TRUE	TRUE	FALSE	TRUE	skin_top15;nasal_top15	36.6305970149254	module1	Nutrient acquisition and substrate utilization	Nutrient/substrate use	28	skin_top15;nasal_top15
Corynebacterium	CF1	268	262	0.977611940298508	0.988805970149254	1.01145038167939	199	69	268	78	Shared	1	TRUE	1	TRUE	TRUE	FALSE	TRUE	skin_top15;nasal_top15	36.6305970149254	module2	Nucleotide metabolism and genome maintenance	Nucleotide/genome maintenance	28	skin_top15;nasal_top15
Corynebacterium	CF3	268	236	0.880597014925373	0.988805970149254	1.1228813559322	199	69	268	78	Shared	1	TRUE	1	TRUE	TRUE	FALSE	TRUE	skin_top15;nasal_top15	36.6305970149254	module3	Nutrient acquisition and substrate utilization	Nutrient/substrate use	28	skin_top15;nasal_top15
Corynebacterium	CF4	268	252	0.940298507462687	1.64179104477612	1.74603174603175	199	69	268	78	Shared	1	TRUE	1	TRUE	TRUE	FALSE	TRUE	skin_top15;nasal_top15	36.6305970149254	module4	Stress adaptation and envelope homeostasis	Stress/envelope homeostasis	28	skin_top15;nasal_top15
Corynebacterium	CF7	268	263	0.98134328358209	1.04850746268657	1.06844106463878	199	69	268	78	Shared	1	TRUE	1	TRUE	TRUE	FALSE	TRUE	skin_top15;nasal_top15	36.6305970149254	module4	Stress adaptation and envelope homeostasis	Stress/envelope homeostasis	28	skin_top15;nasal_top15
Corynebacterium	CF2_10	268	121	0.451492537313433	0.485074626865672	1.07438016528926	199	69	268	78	Shared	1	TRUE	1	TRUE	TRUE	FALSE	TRUE	skin_top15;nasal_top15	36.6305970149254	module5	Nutrient acquisition and substrate utilization	Nutrient/substrate use	28	skin_top15;nasal_top15
Corynebacterium	CF2_4	268	228	0.850746268656716	0.865671641791045	1.01754385964912	199	69	268	78	Shared	1	TRUE	1	TRUE	TRUE	FALSE	TRUE	skin_top15;nasal_top15	36.6305970149254	module5	Nutrient acquisition and substrate utilization	Nutrient/substrate use	28	skin_top15;nasal_top15
Corynebacterium	CF6	268	259	0.966417910447761	0.966417910447761	1	199	69	268	78	Shared	1	TRUE	1	TRUE	TRUE	FALSE	TRUE	skin_top15;nasal_top15	36.6305970149254	module5	Nutrient acquisition and substrate utilization	Nutrient/substrate use	28	skin_top15;nasal_top15
Corynebacterium	CF5	268	263	0.98134328358209	0.98134328358209	1	199	69	268	78	Shared	1	TRUE	1	TRUE	TRUE	FALSE	TRUE	skin_top15;nasal_top15	36.6305970149254	module6	Nucleotide metabolism and genome maintenance	Nucleotide/genome maintenance	28	skin_top15;nasal_top15
Corynebacterium	CF9_12	268	0	0	0	0	199	69	268	78	Shared	1	TRUE	1	TRUE	TRUE	FALSE	TRUE	skin_top15;nasal_top15	36.6305970149254	module7	Poorly characterized candidate modules	Poorly characterized	28	skin_top15;nasal_top15
Corynebacterium	CF9_9	268	267	0.996268656716418	1	1.00374531835206	199	69	268	78	Shared	1	TRUE	1	TRUE	TRUE	FALSE	TRUE	skin_top15;nasal_top15	36.6305970149254	module7	Poorly characterized candidate modules	Poorly characterized	28	skin_top15;nasal_top15
Corynebacterium	CF10	268	259	0.966417910447761	1.52611940298507	1.57915057915058	199	69	268	78	Shared	1	TRUE	1	TRUE	TRUE	FALSE	TRUE	skin_top15;nasal_top15	36.6305970149254	module8	Nucleotide metabolism and genome maintenance	Nucleotide/genome maintenance	28	skin_top15;nasal_top15
Corynebacterium	CF22	268	250	0.932835820895522	1.03731343283582	1.112	199	69	268	78	Shared	1	TRUE	1	TRUE	TRUE	FALSE	TRUE	skin_top15;nasal_top15	36.6305970149254	module8	Nucleotide metabolism and genome maintenance	Nucleotide/genome maintenance	28	skin_top15;nasal_top15
Corynebacterium	CF25	268	18	0.0671641791044776	0.0671641791044776	1	199	69	268	78	Shared	1	TRUE	1	TRUE	TRUE	FALSE	TRUE	skin_top15;nasal_top15	36.6305970149254	module8	Nucleotide metabolism and genome maintenance	Nucleotide/genome maintenance	28	skin_top15;nasal_top15
Corynebacterium	CF11	268	176	0.656716417910448	1	1.52272727272727	199	69	268	78	Shared	1	TRUE	1	TRUE	TRUE	FALSE	TRUE	skin_top15;nasal_top15	36.6305970149254	module9	Nutrient acquisition and substrate utilization	Nutrient/substrate use	28	skin_top15;nasal_top15
Corynebacterium	CF19	268	266	0.992537313432836	2.97761194029851	3	199	69	268	78	Shared	1	TRUE	1	TRUE	TRUE	FALSE	TRUE	skin_top15;nasal_top15	36.6305970149254	module9	Nutrient acquisition and substrate utilization	Nutrient/substrate use	28	skin_top15;nasal_top15
Corynebacterium	CF13	268	268	1	2.9365671641791	2.9365671641791	199	69	268	78	Shared	1	TRUE	1	TRUE	TRUE	FALSE	TRUE	skin_top15;nasal_top15	36.6305970149254	module10	Translation and RNA-centered regulation	Translation/RNA regulation	28	skin_top15;nasal_top15
Corynebacterium	CF14	268	260	0.970149253731343	0.973880597014925	1.00384615384615	199	69	268	78	Shared	1	TRUE	1	TRUE	TRUE	FALSE	TRUE	skin_top15;nasal_top15	36.6305970149254	module10	Translation and RNA-centered regulation	Translation/RNA regulation	28	skin_top15;nasal_top15
Corynebacterium	CF24	268	262	0.977611940298508	0.985074626865672	1.00763358778626	199	69	268	78	Shared	1	TRUE	1	TRUE	TRUE	FALSE	TRUE	skin_top15;nasal_top15	36.6305970149254	module10	Translation and RNA-centered regulation	Translation/RNA regulation	28	skin_top15;nasal_top15
Corynebacterium	CF15_17	268	265	0.988805970149254	0.992537313432836	1.00377358490566	199	69	268	78	Shared	1	TRUE	1	TRUE	TRUE	FALSE	TRUE	skin_top15;nasal_top15	36.6305970149254	module11	Translation and RNA-centered regulation	Translation/RNA regulation	28	skin_top15;nasal_top15
Corynebacterium	CF15_19	268	0	0	0	0	199	69	268	78	Shared	1	TRUE	1	TRUE	TRUE	FALSE	TRUE	skin_top15;nasal_top15	36.6305970149254	module11	Translation and RNA-centered regulation	Translation/RNA regulation	28	skin_top15;nasal_top15
Corynebacterium	CF16	268	259	0.966417910447761	0.973880597014925	1.00772200772201	199	69	268	78	Shared	1	TRUE	1	TRUE	TRUE	FALSE	TRUE	skin_top15;nasal_top15	36.6305970149254	module12	Translation and RNA-centered regulation	Translation/RNA regulation	28	skin_top15;nasal_top15
Corynebacterium	CF17_20	268	242	0.902985074626866	1.22014925373134	1.35123966942149	199	69	268	78	Shared	1	TRUE	1	TRUE	TRUE	FALSE	TRUE	skin_top15;nasal_top15	36.6305970149254	module13	Nutrient acquisition and substrate utilization	Nutrient/substrate use	28	skin_top15;nasal_top15
Corynebacterium	CF17_23	268	0	0	0	0	199	69	268	78	Shared	1	TRUE	1	TRUE	TRUE	FALSE	TRUE	skin_top15;nasal_top15	36.6305970149254	module13	Nutrient acquisition and substrate utilization	Nutrient/substrate use	28	skin_top15;nasal_top15
Corynebacterium	CF18	268	262	0.977611940298508	0.988805970149254	1.01145038167939	199	69	268	78	Shared	1	TRUE	1	TRUE	TRUE	FALSE	TRUE	skin_top15;nasal_top15	36.6305970149254	module14	Stress adaptation and envelope homeostasis	Stress/envelope homeostasis	28	skin_top15;nasal_top15
Corynebacterium	CF20	268	259	0.966417910447761	0.970149253731343	1.003861003861	199	69	268	78	Shared	1	TRUE	1	TRUE	TRUE	FALSE	TRUE	skin_top15;nasal_top15	36.6305970149254	module15	Translation and RNA-centered regulation	Translation/RNA regulation	28	skin_top15;nasal_top15
Corynebacterium	CF21	268	216	0.805970149253731	0.805970149253731	1	199	69	268	78	Shared	1	TRUE	1	TRUE	TRUE	FALSE	TRUE	skin_top15;nasal_top15	36.6305970149254	module16	Poorly characterized candidate modules	Poorly characterized	28	skin_top15;nasal_top15
Corynebacterium	CF23	268	258	0.962686567164179	1.51119402985075	1.56976744186047	199	69	268	78	Shared	1	TRUE	1	TRUE	TRUE	FALSE	TRUE	skin_top15;nasal_top15	36.6305970149254	module17	Poorly characterized candidate modules	Poorly characterized	28	skin_top15;nasal_top15
Corynebacterium	CF26	268	137	0.511194029850746	0.514925373134328	1.00729927007299	199	69	268	78	Shared	1	TRUE	1	TRUE	TRUE	FALSE	TRUE	skin_top15;nasal_top15	36.6305970149254	module18	Intercellular communication signal	Communication signal	28	skin_top15;nasal_top15
Staphylococcus	CF0	145	145	1	3.37931034482759	3.37931034482759	130	15	145	27	Shared	2	TRUE	5	TRUE	TRUE	FALSE	TRUE	skin_top15;nasal_top15	44.9241379310345	module1	Nutrient acquisition and substrate utilization	Nutrient/substrate use	25	skin_top15;nasal_top15
Staphylococcus	CF12	145	145	1	6.88275862068966	6.88275862068966	130	15	145	27	Shared	2	TRUE	5	TRUE	TRUE	FALSE	TRUE	skin_top15;nasal_top15	44.9241379310345	module1	Nutrient acquisition and substrate utilization	Nutrient/substrate use	25	skin_top15;nasal_top15
Staphylococcus	CF8	145	143	0.986206896551724	1.98620689655172	2.01398601398601	130	15	145	27	Shared	2	TRUE	5	TRUE	TRUE	FALSE	TRUE	skin_top15;nasal_top15	44.9241379310345	module1	Nutrient acquisition and substrate utilization	Nutrient/substrate use	25	skin_top15;nasal_top15
Staphylococcus	CF1	145	144	0.993103448275862	1.01379310344828	1.02083333333333	130	15	145	27	Shared	2	TRUE	5	TRUE	TRUE	FALSE	TRUE	skin_top15;nasal_top15	44.9241379310345	module2	Nucleotide metabolism and genome maintenance	Nucleotide/genome maintenance	25	skin_top15;nasal_top15
Staphylococcus	CF3	145	145	1	2.08275862068966	2.08275862068966	130	15	145	27	Shared	2	TRUE	5	TRUE	TRUE	FALSE	TRUE	skin_top15;nasal_top15	44.9241379310345	module3	Nutrient acquisition and substrate utilization	Nutrient/substrate use	25	skin_top15;nasal_top15
Staphylococcus	CF4	145	145	1	2.87586206896552	2.87586206896552	130	15	145	27	Shared	2	TRUE	5	TRUE	TRUE	FALSE	TRUE	skin_top15;nasal_top15	44.9241379310345	module4	Stress adaptation and envelope homeostasis	Stress/envelope homeostasis	25	skin_top15;nasal_top15
Staphylococcus	CF7	145	145	1	1.37241379310345	1.37241379310345	130	15	145	27	Shared	2	TRUE	5	TRUE	TRUE	FALSE	TRUE	skin_top15;nasal_top15	44.9241379310345	module4	Stress adaptation and envelope homeostasis	Stress/envelope homeostasis	25	skin_top15;nasal_top15
Staphylococcus	CF2_10	145	139	0.958620689655172	0.96551724137931	1.00719424460432	130	15	145	27	Shared	2	TRUE	5	TRUE	TRUE	FALSE	TRUE	skin_top15;nasal_top15	44.9241379310345	module5	Nutrient acquisition and substrate utilization	Nutrient/substrate use	25	skin_top15;nasal_top15
Staphylococcus	CF2_4	145	144	0.993103448275862	1.00689655172414	1.01388888888889	130	15	145	27	Shared	2	TRUE	5	TRUE	TRUE	FALSE	TRUE	skin_top15;nasal_top15	44.9241379310345	module5	Nutrient acquisition and substrate utilization	Nutrient/substrate use	25	skin_top15;nasal_top15
Staphylococcus	CF6	145	144	0.993103448275862	0.993103448275862	1	130	15	145	27	Shared	2	TRUE	5	TRUE	TRUE	FALSE	TRUE	skin_top15;nasal_top15	44.9241379310345	module5	Nutrient acquisition and substrate utilization	Nutrient/substrate use	25	skin_top15;nasal_top15
Staphylococcus	CF5	145	145	1	1	1	130	15	145	27	Shared	2	TRUE	5	TRUE	TRUE	FALSE	TRUE	skin_top15;nasal_top15	44.9241379310345	module6	Nucleotide metabolism and genome maintenance	Nucleotide/genome maintenance	25	skin_top15;nasal_top15
Staphylococcus	CF9_12	145	0	0	0	0	130	15	145	27	Shared	2	TRUE	5	TRUE	TRUE	FALSE	TRUE	skin_top15;nasal_top15	44.9241379310345	module7	Poorly characterized candidate modules	Poorly characterized	25	skin_top15;nasal_top15
Staphylococcus	CF9_9	145	145	1	1	1	130	15	145	27	Shared	2	TRUE	5	TRUE	TRUE	FALSE	TRUE	skin_top15;nasal_top15	44.9241379310345	module7	Poorly characterized candidate modules	Poorly characterized	25	skin_top15;nasal_top15
Staphylococcus	CF10	145	144	0.993103448275862	1	1.00694444444444	130	15	145	27	Shared	2	TRUE	5	TRUE	TRUE	FALSE	TRUE	skin_top15;nasal_top15	44.9241379310345	module8	Nucleotide metabolism and genome maintenance	Nucleotide/genome maintenance	25	skin_top15;nasal_top15
Staphylococcus	CF22	145	144	0.993103448275862	1	1.00694444444444	130	15	145	27	Shared	2	TRUE	5	TRUE	TRUE	FALSE	TRUE	skin_top15;nasal_top15	44.9241379310345	module8	Nucleotide metabolism and genome maintenance	Nucleotide/genome maintenance	25	skin_top15;nasal_top15
Staphylococcus	CF25	145	2	0.0137931034482759	0.0137931034482759	1	130	15	145	27	Shared	2	TRUE	5	TRUE	TRUE	FALSE	TRUE	skin_top15;nasal_top15	44.9241379310345	module8	Nucleotide metabolism and genome maintenance	Nucleotide/genome maintenance	25	skin_top15;nasal_top15
Staphylococcus	CF11	145	144	0.993103448275862	1.58620689655172	1.59722222222222	130	15	145	27	Shared	2	TRUE	5	TRUE	TRUE	FALSE	TRUE	skin_top15;nasal_top15	44.9241379310345	module9	Nutrient acquisition and substrate utilization	Nutrient/substrate use	25	skin_top15;nasal_top15
Staphylococcus	CF19	145	145	1	5.62758620689655	5.62758620689655	130	15	145	27	Shared	2	TRUE	5	TRUE	TRUE	FALSE	TRUE	skin_top15;nasal_top15	44.9241379310345	module9	Nutrient acquisition and substrate utilization	Nutrient/substrate use	25	skin_top15;nasal_top15
Staphylococcus	CF13	145	145	1	3.04137931034483	3.04137931034483	130	15	145	27	Shared	2	TRUE	5	TRUE	TRUE	FALSE	TRUE	skin_top15;nasal_top15	44.9241379310345	module10	Translation and RNA-centered regulation	Translation/RNA regulation	25	skin_top15;nasal_top15
Staphylococcus	CF14	145	142	0.979310344827586	0.986206896551724	1.00704225352113	130	15	145	27	Shared	2	TRUE	5	TRUE	TRUE	FALSE	TRUE	skin_top15;nasal_top15	44.9241379310345	module10	Translation and RNA-centered regulation	Translation/RNA regulation	25	skin_top15;nasal_top15
Staphylococcus	CF24	145	142	0.979310344827586	0.979310344827586	1	130	15	145	27	Shared	2	TRUE	5	TRUE	TRUE	FALSE	TRUE	skin_top15;nasal_top15	44.9241379310345	module10	Translation and RNA-centered regulation	Translation/RNA regulation	25	skin_top15;nasal_top15
Staphylococcus	CF15_17	145	145	1	1	1	130	15	145	27	Shared	2	TRUE	5	TRUE	TRUE	FALSE	TRUE	skin_top15;nasal_top15	44.9241379310345	module11	Translation and RNA-centered regulation	Translation/RNA regulation	25	skin_top15;nasal_top15
Staphylococcus	CF15_19	145	0	0	0	0	130	15	145	27	Shared	2	TRUE	5	TRUE	TRUE	FALSE	TRUE	skin_top15;nasal_top15	44.9241379310345	module11	Translation and RNA-centered regulation	Translation/RNA regulation	25	skin_top15;nasal_top15
Staphylococcus	CF16	145	135	0.931034482758621	0.937931034482759	1.00740740740741	130	15	145	27	Shared	2	TRUE	5	TRUE	TRUE	FALSE	TRUE	skin_top15;nasal_top15	44.9241379310345	module12	Translation and RNA-centered regulation	Translation/RNA regulation	25	skin_top15;nasal_top15
Staphylococcus	CF17_20	145	0	0	0	0	130	15	145	27	Shared	2	TRUE	5	TRUE	TRUE	FALSE	TRUE	skin_top15;nasal_top15	44.9241379310345	module13	Nutrient acquisition and substrate utilization	Nutrient/substrate use	25	skin_top15;nasal_top15
Staphylococcus	CF17_23	145	145	1	1.32413793103448	1.32413793103448	130	15	145	27	Shared	2	TRUE	5	TRUE	TRUE	FALSE	TRUE	skin_top15;nasal_top15	44.9241379310345	module13	Nutrient acquisition and substrate utilization	Nutrient/substrate use	25	skin_top15;nasal_top15
Staphylococcus	CF18	145	137	0.944827586206897	0.951724137931034	1.00729927007299	130	15	145	27	Shared	2	TRUE	5	TRUE	TRUE	FALSE	TRUE	skin_top15;nasal_top15	44.9241379310345	module14	Stress adaptation and envelope homeostasis	Stress/envelope homeostasis	25	skin_top15;nasal_top15
Staphylococcus	CF20	145	136	0.937931034482759	0.951724137931034	1.01470588235294	130	15	145	27	Shared	2	TRUE	5	TRUE	TRUE	FALSE	TRUE	skin_top15;nasal_top15	44.9241379310345	module15	Translation and RNA-centered regulation	Translation/RNA regulation	25	skin_top15;nasal_top15
Staphylococcus	CF21	145	0	0	0	0	130	15	145	27	Shared	2	TRUE	5	TRUE	TRUE	FALSE	TRUE	skin_top15;nasal_top15	44.9241379310345	module16	Poorly characterized candidate modules	Poorly characterized	25	skin_top15;nasal_top15
Staphylococcus	CF23	145	0	0	0	0	130	15	145	27	Shared	2	TRUE	5	TRUE	TRUE	FALSE	TRUE	skin_top15;nasal_top15	44.9241379310345	module17	Poorly characterized candidate modules	Poorly characterized	25	skin_top15;nasal_top15
Staphylococcus	CF26	145	140	0.96551724137931	0.96551724137931	1	130	15	145	27	Shared	2	TRUE	5	TRUE	TRUE	FALSE	TRUE	skin_top15;nasal_top15	44.9241379310345	module18	Intercellular communication signal	Communication signal	25	skin_top15;nasal_top15
Prevotella	CF0	99	0	0	0	0	73	26	99	30	Shared	4	TRUE	2	TRUE	TRUE	FALSE	TRUE	skin_top15;nasal_top15	17.1616161616162	module1	Nutrient acquisition and substrate utilization	Nutrient/substrate use	17	skin_top15;nasal_top15
Prevotella	CF12	99	32	0.323232323232323	0.333333333333333	1.03125	73	26	99	30	Shared	4	TRUE	2	TRUE	TRUE	FALSE	TRUE	skin_top15;nasal_top15	17.1616161616162	module1	Nutrient acquisition and substrate utilization	Nutrient/substrate use	17	skin_top15;nasal_top15
Prevotella	CF8	99	0	0	0	0	73	26	99	30	Shared	4	TRUE	2	TRUE	TRUE	FALSE	TRUE	skin_top15;nasal_top15	17.1616161616162	module1	Nutrient acquisition and substrate utilization	Nutrient/substrate use	17	skin_top15;nasal_top15
Prevotella	CF1	99	99	1	1.19191919191919	1.19191919191919	73	26	99	30	Shared	4	TRUE	2	TRUE	TRUE	FALSE	TRUE	skin_top15;nasal_top15	17.1616161616162	module2	Nucleotide metabolism and genome maintenance	Nucleotide/genome maintenance	17	skin_top15;nasal_top15
Prevotella	CF3	99	0	0	0	0	73	26	99	30	Shared	4	TRUE	2	TRUE	TRUE	FALSE	TRUE	skin_top15;nasal_top15	17.1616161616162	module3	Nutrient acquisition and substrate utilization	Nutrient/substrate use	17	skin_top15;nasal_top15
Prevotella	CF4	99	0	0	0	0	73	26	99	30	Shared	4	TRUE	2	TRUE	TRUE	FALSE	TRUE	skin_top15;nasal_top15	17.1616161616162	module4	Stress adaptation and envelope homeostasis	Stress/envelope homeostasis	17	skin_top15;nasal_top15
Prevotella	CF7	99	0	0	0	0	73	26	99	30	Shared	4	TRUE	2	TRUE	TRUE	FALSE	TRUE	skin_top15;nasal_top15	17.1616161616162	module4	Stress adaptation and envelope homeostasis	Stress/envelope homeostasis	17	skin_top15;nasal_top15
Prevotella	CF2_10	99	85	0.858585858585859	0.858585858585859	1	73	26	99	30	Shared	4	TRUE	2	TRUE	TRUE	FALSE	TRUE	skin_top15;nasal_top15	17.1616161616162	module5	Nutrient acquisition and substrate utilization	Nutrient/substrate use	17	skin_top15;nasal_top15
Prevotella	CF2_4	99	85	0.858585858585859	0.858585858585859	1	73	26	99	30	Shared	4	TRUE	2	TRUE	TRUE	FALSE	TRUE	skin_top15;nasal_top15	17.1616161616162	module5	Nutrient acquisition and substrate utilization	Nutrient/substrate use	17	skin_top15;nasal_top15
Prevotella	CF6	99	94	0.94949494949495	0.95959595959596	1.01063829787234	73	26	99	30	Shared	4	TRUE	2	TRUE	TRUE	FALSE	TRUE	skin_top15;nasal_top15	17.1616161616162	module5	Nutrient acquisition and substrate utilization	Nutrient/substrate use	17	skin_top15;nasal_top15
Prevotella	CF5	99	99	1	1.02020202020202	1.02020202020202	73	26	99	30	Shared	4	TRUE	2	TRUE	TRUE	FALSE	TRUE	skin_top15;nasal_top15	17.1616161616162	module6	Nucleotide metabolism and genome maintenance	Nucleotide/genome maintenance	17	skin_top15;nasal_top15
Prevotella	CF9_12	99	0	0	0	0	73	26	99	30	Shared	4	TRUE	2	TRUE	TRUE	FALSE	TRUE	skin_top15;nasal_top15	17.1616161616162	module7	Poorly characterized candidate modules	Poorly characterized	17	skin_top15;nasal_top15
Prevotella	CF9_9	99	97	0.97979797979798	0.97979797979798	1	73	26	99	30	Shared	4	TRUE	2	TRUE	TRUE	FALSE	TRUE	skin_top15;nasal_top15	17.1616161616162	module7	Poorly characterized candidate modules	Poorly characterized	17	skin_top15;nasal_top15
Prevotella	CF10	99	64	0.646464646464647	0.646464646464647	1	73	26	99	30	Shared	4	TRUE	2	TRUE	TRUE	FALSE	TRUE	skin_top15;nasal_top15	17.1616161616162	module8	Nucleotide metabolism and genome maintenance	Nucleotide/genome maintenance	17	skin_top15;nasal_top15
Prevotella	CF22	99	3	0.0303030303030303	0.0303030303030303	1	73	26	99	30	Shared	4	TRUE	2	TRUE	TRUE	FALSE	TRUE	skin_top15;nasal_top15	17.1616161616162	module8	Nucleotide metabolism and genome maintenance	Nucleotide/genome maintenance	17	skin_top15;nasal_top15
Prevotella	CF25	99	1	0.0101010101010101	0.0101010101010101	1	73	26	99	30	Shared	4	TRUE	2	TRUE	TRUE	FALSE	TRUE	skin_top15;nasal_top15	17.1616161616162	module8	Nucleotide metabolism and genome maintenance	Nucleotide/genome maintenance	17	skin_top15;nasal_top15
Prevotella	CF11	99	1	0.0101010101010101	0.0101010101010101	1	73	26	99	30	Shared	4	TRUE	2	TRUE	TRUE	FALSE	TRUE	skin_top15;nasal_top15	17.1616161616162	module9	Nutrient acquisition and substrate utilization	Nutrient/substrate use	17	skin_top15;nasal_top15
Prevotella	CF19	99	0	0	0	0	73	26	99	30	Shared	4	TRUE	2	TRUE	TRUE	FALSE	TRUE	skin_top15;nasal_top15	17.1616161616162	module9	Nutrient acquisition and substrate utilization	Nutrient/substrate use	17	skin_top15;nasal_top15
Prevotella	CF13	99	99	1	3.05050505050505	3.05050505050505	73	26	99	30	Shared	4	TRUE	2	TRUE	TRUE	FALSE	TRUE	skin_top15;nasal_top15	17.1616161616162	module10	Translation and RNA-centered regulation	Translation/RNA regulation	17	skin_top15;nasal_top15
Prevotella	CF14	99	97	0.97979797979798	0.98989898989899	1.01030927835052	73	26	99	30	Shared	4	TRUE	2	TRUE	TRUE	FALSE	TRUE	skin_top15;nasal_top15	17.1616161616162	module10	Translation and RNA-centered regulation	Translation/RNA regulation	17	skin_top15;nasal_top15
Prevotella	CF24	99	98	0.98989898989899	1	1.01020408163265	73	26	99	30	Shared	4	TRUE	2	TRUE	TRUE	FALSE	TRUE	skin_top15;nasal_top15	17.1616161616162	module10	Translation and RNA-centered regulation	Translation/RNA regulation	17	skin_top15;nasal_top15
Prevotella	CF15_17	99	0	0	0	0	73	26	99	30	Shared	4	TRUE	2	TRUE	TRUE	FALSE	TRUE	skin_top15;nasal_top15	17.1616161616162	module11	Translation and RNA-centered regulation	Translation/RNA regulation	17	skin_top15;nasal_top15
Prevotella	CF15_19	99	0	0	0	0	73	26	99	30	Shared	4	TRUE	2	TRUE	TRUE	FALSE	TRUE	skin_top15;nasal_top15	17.1616161616162	module11	Translation and RNA-centered regulation	Translation/RNA regulation	17	skin_top15;nasal_top15
Prevotella	CF16	99	0	0	0	0	73	26	99	30	Shared	4	TRUE	2	TRUE	TRUE	FALSE	TRUE	skin_top15;nasal_top15	17.1616161616162	module12	Translation and RNA-centered regulation	Translation/RNA regulation	17	skin_top15;nasal_top15
Prevotella	CF17_20	99	95	0.95959595959596	0.95959595959596	1	73	26	99	30	Shared	4	TRUE	2	TRUE	TRUE	FALSE	TRUE	skin_top15;nasal_top15	17.1616161616162	module13	Nutrient acquisition and substrate utilization	Nutrient/substrate use	17	skin_top15;nasal_top15
Prevotella	CF17_23	99	0	0	0	0	73	26	99	30	Shared	4	TRUE	2	TRUE	TRUE	FALSE	TRUE	skin_top15;nasal_top15	17.1616161616162	module13	Nutrient acquisition and substrate utilization	Nutrient/substrate use	17	skin_top15;nasal_top15
Prevotella	CF18	99	89	0.898989898989899	0.898989898989899	1	73	26	99	30	Shared	4	TRUE	2	TRUE	TRUE	FALSE	TRUE	skin_top15;nasal_top15	17.1616161616162	module14	Stress adaptation and envelope homeostasis	Stress/envelope homeostasis	17	skin_top15;nasal_top15
Prevotella	CF20	99	99	1	1	1	73	26	99	30	Shared	4	TRUE	2	TRUE	TRUE	FALSE	TRUE	skin_top15;nasal_top15	17.1616161616162	module15	Translation and RNA-centered regulation	Translation/RNA regulation	17	skin_top15;nasal_top15
Prevotella	CF21	99	44	0.444444444444444	0.444444444444444	1	73	26	99	30	Shared	4	TRUE	2	TRUE	TRUE	FALSE	TRUE	skin_top15;nasal_top15	17.1616161616162	module16	Poorly characterized candidate modules	Poorly characterized	17	skin_top15;nasal_top15
Prevotella	CF23	99	92	0.929292929292929	0.929292929292929	1	73	26	99	30	Shared	4	TRUE	2	TRUE	TRUE	FALSE	TRUE	skin_top15;nasal_top15	17.1616161616162	module17	Poorly characterized candidate modules	Poorly characterized	17	skin_top15;nasal_top15
Prevotella	CF26	99	94	0.94949494949495	0.98989898989899	1.04255319148936	73	26	99	30	Shared	4	TRUE	2	TRUE	TRUE	FALSE	TRUE	skin_top15;nasal_top15	17.1616161616162	module18	Intercellular communication signal	Communication signal	17	skin_top15;nasal_top15
Rothia	CF0	73	72	0.986301369863014	1.6027397260274	1.625	71	2	73	18	Shared	5	TRUE	30	FALSE	TRUE	FALSE	TRUE	skin_top15	39.6986301369863	module1	Nutrient acquisition and substrate utilization	Nutrient/substrate use	29	skin_top15
Rothia	CF12	73	73	1	4.97260273972603	4.97260273972603	71	2	73	18	Shared	5	TRUE	30	FALSE	TRUE	FALSE	TRUE	skin_top15	39.6986301369863	module1	Nutrient acquisition and substrate utilization	Nutrient/substrate use	29	skin_top15
Rothia	CF8	73	71	0.972602739726027	1.08219178082192	1.11267605633803	71	2	73	18	Shared	5	TRUE	30	FALSE	TRUE	FALSE	TRUE	skin_top15	39.6986301369863	module1	Nutrient acquisition and substrate utilization	Nutrient/substrate use	29	skin_top15
Rothia	CF1	73	71	0.972602739726027	1.04109589041096	1.07042253521127	71	2	73	18	Shared	5	TRUE	30	FALSE	TRUE	FALSE	TRUE	skin_top15	39.6986301369863	module2	Nucleotide metabolism and genome maintenance	Nucleotide/genome maintenance	29	skin_top15
Rothia	CF3	73	39	0.534246575342466	0.547945205479452	1.02564102564103	71	2	73	18	Shared	5	TRUE	30	FALSE	TRUE	FALSE	TRUE	skin_top15	39.6986301369863	module3	Nutrient acquisition and substrate utilization	Nutrient/substrate use	29	skin_top15
Rothia	CF4	73	70	0.958904109589041	1.34246575342466	1.4	71	2	73	18	Shared	5	TRUE	30	FALSE	TRUE	FALSE	TRUE	skin_top15	39.6986301369863	module4	Stress adaptation and envelope homeostasis	Stress/envelope homeostasis	29	skin_top15
Rothia	CF7	73	50	0.684931506849315	0.808219178082192	1.18	71	2	73	18	Shared	5	TRUE	30	FALSE	TRUE	FALSE	TRUE	skin_top15	39.6986301369863	module4	Stress adaptation and envelope homeostasis	Stress/envelope homeostasis	29	skin_top15
Rothia	CF2_10	73	21	0.287671232876712	0.301369863013699	1.04761904761905	71	2	73	18	Shared	5	TRUE	30	FALSE	TRUE	FALSE	TRUE	skin_top15	39.6986301369863	module5	Nutrient acquisition and substrate utilization	Nutrient/substrate use	29	skin_top15
Rothia	CF2_4	73	71	0.972602739726027	1	1.02816901408451	71	2	73	18	Shared	5	TRUE	30	FALSE	TRUE	FALSE	TRUE	skin_top15	39.6986301369863	module5	Nutrient acquisition and substrate utilization	Nutrient/substrate use	29	skin_top15
Rothia	CF6	73	73	1	1.53424657534247	1.53424657534247	71	2	73	18	Shared	5	TRUE	30	FALSE	TRUE	FALSE	TRUE	skin_top15	39.6986301369863	module5	Nutrient acquisition and substrate utilization	Nutrient/substrate use	29	skin_top15
Rothia	CF5	73	73	1	1.02739726027397	1.02739726027397	71	2	73	18	Shared	5	TRUE	30	FALSE	TRUE	FALSE	TRUE	skin_top15	39.6986301369863	module6	Nucleotide metabolism and genome maintenance	Nucleotide/genome maintenance	29	skin_top15
Rothia	CF9_12	73	14	0.191780821917808	0.191780821917808	1	71	2	73	18	Shared	5	TRUE	30	FALSE	TRUE	FALSE	TRUE	skin_top15	39.6986301369863	module7	Poorly characterized candidate modules	Poorly characterized	29	skin_top15
Rothia	CF9_9	73	55	0.753424657534247	0.767123287671233	1.01818181818182	71	2	73	18	Shared	5	TRUE	30	FALSE	TRUE	FALSE	TRUE	skin_top15	39.6986301369863	module7	Poorly characterized candidate modules	Poorly characterized	29	skin_top15
Rothia	CF10	73	70	0.958904109589041	1.12328767123288	1.17142857142857	71	2	73	18	Shared	5	TRUE	30	FALSE	TRUE	FALSE	TRUE	skin_top15	39.6986301369863	module8	Nucleotide metabolism and genome maintenance	Nucleotide/genome maintenance	29	skin_top15
Rothia	CF22	73	69	0.945205479452055	0.945205479452055	1	71	2	73	18	Shared	5	TRUE	30	FALSE	TRUE	FALSE	TRUE	skin_top15	39.6986301369863	module8	Nucleotide metabolism and genome maintenance	Nucleotide/genome maintenance	29	skin_top15
Rothia	CF25	73	5	0.0684931506849315	0.0684931506849315	1	71	2	73	18	Shared	5	TRUE	30	FALSE	TRUE	FALSE	TRUE	skin_top15	39.6986301369863	module8	Nucleotide metabolism and genome maintenance	Nucleotide/genome maintenance	29	skin_top15
Rothia	CF11	73	70	0.958904109589041	0.972602739726027	1.01428571428571	71	2	73	18	Shared	5	TRUE	30	FALSE	TRUE	FALSE	TRUE	skin_top15	39.6986301369863	module9	Nutrient acquisition and substrate utilization	Nutrient/substrate use	29	skin_top15
Rothia	CF19	73	73	1	7.57534246575342	7.57534246575342	71	2	73	18	Shared	5	TRUE	30	FALSE	TRUE	FALSE	TRUE	skin_top15	39.6986301369863	module9	Nutrient acquisition and substrate utilization	Nutrient/substrate use	29	skin_top15
Rothia	CF13	73	73	1	3.41095890410959	3.41095890410959	71	2	73	18	Shared	5	TRUE	30	FALSE	TRUE	FALSE	TRUE	skin_top15	39.6986301369863	module10	Translation and RNA-centered regulation	Translation/RNA regulation	29	skin_top15
Rothia	CF14	73	73	1	1	1	71	2	73	18	Shared	5	TRUE	30	FALSE	TRUE	FALSE	TRUE	skin_top15	39.6986301369863	module10	Translation and RNA-centered regulation	Translation/RNA regulation	29	skin_top15
Rothia	CF24	73	72	0.986301369863014	0.986301369863014	1	71	2	73	18	Shared	5	TRUE	30	FALSE	TRUE	FALSE	TRUE	skin_top15	39.6986301369863	module10	Translation and RNA-centered regulation	Translation/RNA regulation	29	skin_top15
Rothia	CF15_17	73	72	0.986301369863014	0.986301369863014	1	71	2	73	18	Shared	5	TRUE	30	FALSE	TRUE	FALSE	TRUE	skin_top15	39.6986301369863	module11	Translation and RNA-centered regulation	Translation/RNA regulation	29	skin_top15
Rothia	CF15_19	73	0	0	0	0	71	2	73	18	Shared	5	TRUE	30	FALSE	TRUE	FALSE	TRUE	skin_top15	39.6986301369863	module11	Translation and RNA-centered regulation	Translation/RNA regulation	29	skin_top15
Rothia	CF16	73	71	0.972602739726027	0.972602739726027	1	71	2	73	18	Shared	5	TRUE	30	FALSE	TRUE	FALSE	TRUE	skin_top15	39.6986301369863	module12	Translation and RNA-centered regulation	Translation/RNA regulation	29	skin_top15
Rothia	CF17_20	73	72	0.986301369863014	1.23287671232877	1.25	71	2	73	18	Shared	5	TRUE	30	FALSE	TRUE	FALSE	TRUE	skin_top15	39.6986301369863	module13	Nutrient acquisition and substrate utilization	Nutrient/substrate use	29	skin_top15
Rothia	CF17_23	73	0	0	0	0	71	2	73	18	Shared	5	TRUE	30	FALSE	TRUE	FALSE	TRUE	skin_top15	39.6986301369863	module13	Nutrient acquisition and substrate utilization	Nutrient/substrate use	29	skin_top15
Rothia	CF18	73	71	0.972602739726027	0.972602739726027	1	71	2	73	18	Shared	5	TRUE	30	FALSE	TRUE	FALSE	TRUE	skin_top15	39.6986301369863	module14	Stress adaptation and envelope homeostasis	Stress/envelope homeostasis	29	skin_top15
Rothia	CF20	73	72	0.986301369863014	1.01369863013699	1.02777777777778	71	2	73	18	Shared	5	TRUE	30	FALSE	TRUE	FALSE	TRUE	skin_top15	39.6986301369863	module15	Translation and RNA-centered regulation	Translation/RNA regulation	29	skin_top15
Rothia	CF21	73	26	0.356164383561644	0.36986301369863	1.03846153846154	71	2	73	18	Shared	5	TRUE	30	FALSE	TRUE	FALSE	TRUE	skin_top15	39.6986301369863	module16	Poorly characterized candidate modules	Poorly characterized	29	skin_top15
Rothia	CF23	73	62	0.849315068493151	0.849315068493151	1	71	2	73	18	Shared	5	TRUE	30	FALSE	TRUE	FALSE	TRUE	skin_top15	39.6986301369863	module17	Poorly characterized candidate modules	Poorly characterized	29	skin_top15
Rothia	CF26	73	72	0.986301369863014	1	1.01388888888889	71	2	73	18	Shared	5	TRUE	30	FALSE	TRUE	FALSE	TRUE	skin_top15	39.6986301369863	module18	Intercellular communication signal	Communication signal	29	skin_top15
Moraxella_A	CF0	52	51	0.980769230769231	1.40384615384615	1.43137254901961	48	4	52	9	Shared	9	TRUE	15	TRUE	TRUE	FALSE	TRUE	skin_top15;nasal_top15	27.5384615384615	module1	Nutrient acquisition and substrate utilization	Nutrient/substrate use	25	skin_top15;nasal_top15
Moraxella_A	CF12	52	52	1	4.86538461538461	4.86538461538461	48	4	52	9	Shared	9	TRUE	15	TRUE	TRUE	FALSE	TRUE	skin_top15;nasal_top15	27.5384615384615	module1	Nutrient acquisition and substrate utilization	Nutrient/substrate use	25	skin_top15;nasal_top15
Moraxella_A	CF8	52	51	0.980769230769231	1.28846153846154	1.31372549019608	48	4	52	9	Shared	9	TRUE	15	TRUE	TRUE	FALSE	TRUE	skin_top15;nasal_top15	27.5384615384615	module1	Nutrient acquisition and substrate utilization	Nutrient/substrate use	25	skin_top15;nasal_top15
Moraxella_A	CF1	52	52	1	1	1	48	4	52	9	Shared	9	TRUE	15	TRUE	TRUE	FALSE	TRUE	skin_top15;nasal_top15	27.5384615384615	module2	Nucleotide metabolism and genome maintenance	Nucleotide/genome maintenance	25	skin_top15;nasal_top15
Moraxella_A	CF3	52	0	0	0	0	48	4	52	9	Shared	9	TRUE	15	TRUE	TRUE	FALSE	TRUE	skin_top15;nasal_top15	27.5384615384615	module3	Nutrient acquisition and substrate utilization	Nutrient/substrate use	25	skin_top15;nasal_top15
Moraxella_A	CF4	52	52	1	1.03846153846154	1.03846153846154	48	4	52	9	Shared	9	TRUE	15	TRUE	TRUE	FALSE	TRUE	skin_top15;nasal_top15	27.5384615384615	module4	Stress adaptation and envelope homeostasis	Stress/envelope homeostasis	25	skin_top15;nasal_top15
Moraxella_A	CF7	52	45	0.865384615384615	0.884615384615385	1.02222222222222	48	4	52	9	Shared	9	TRUE	15	TRUE	TRUE	FALSE	TRUE	skin_top15;nasal_top15	27.5384615384615	module4	Stress adaptation and envelope homeostasis	Stress/envelope homeostasis	25	skin_top15;nasal_top15
Moraxella_A	CF2_10	52	8	0.153846153846154	0.153846153846154	1	48	4	52	9	Shared	9	TRUE	15	TRUE	TRUE	FALSE	TRUE	skin_top15;nasal_top15	27.5384615384615	module5	Nutrient acquisition and substrate utilization	Nutrient/substrate use	25	skin_top15;nasal_top15
Moraxella_A	CF2_4	52	40	0.769230769230769	0.903846153846154	1.175	48	4	52	9	Shared	9	TRUE	15	TRUE	TRUE	FALSE	TRUE	skin_top15;nasal_top15	27.5384615384615	module5	Nutrient acquisition and substrate utilization	Nutrient/substrate use	25	skin_top15;nasal_top15
Moraxella_A	CF6	52	41	0.788461538461538	0.788461538461538	1	48	4	52	9	Shared	9	TRUE	15	TRUE	TRUE	FALSE	TRUE	skin_top15;nasal_top15	27.5384615384615	module5	Nutrient acquisition and substrate utilization	Nutrient/substrate use	25	skin_top15;nasal_top15
Moraxella_A	CF5	52	38	0.730769230769231	0.730769230769231	1	48	4	52	9	Shared	9	TRUE	15	TRUE	TRUE	FALSE	TRUE	skin_top15;nasal_top15	27.5384615384615	module6	Nucleotide metabolism and genome maintenance	Nucleotide/genome maintenance	25	skin_top15;nasal_top15
Moraxella_A	CF9_12	52	0	0	0	0	48	4	52	9	Shared	9	TRUE	15	TRUE	TRUE	FALSE	TRUE	skin_top15;nasal_top15	27.5384615384615	module7	Poorly characterized candidate modules	Poorly characterized	25	skin_top15;nasal_top15
Moraxella_A	CF9_9	52	52	1	1	1	48	4	52	9	Shared	9	TRUE	15	TRUE	TRUE	FALSE	TRUE	skin_top15;nasal_top15	27.5384615384615	module7	Poorly characterized candidate modules	Poorly characterized	25	skin_top15;nasal_top15
Moraxella_A	CF10	52	51	0.980769230769231	1	1.01960784313725	48	4	52	9	Shared	9	TRUE	15	TRUE	TRUE	FALSE	TRUE	skin_top15;nasal_top15	27.5384615384615	module8	Nucleotide metabolism and genome maintenance	Nucleotide/genome maintenance	25	skin_top15;nasal_top15
Moraxella_A	CF22	52	39	0.75	0.75	1	48	4	52	9	Shared	9	TRUE	15	TRUE	TRUE	FALSE	TRUE	skin_top15;nasal_top15	27.5384615384615	module8	Nucleotide metabolism and genome maintenance	Nucleotide/genome maintenance	25	skin_top15;nasal_top15
Moraxella_A	CF25	52	0	0	0	0	48	4	52	9	Shared	9	TRUE	15	TRUE	TRUE	FALSE	TRUE	skin_top15;nasal_top15	27.5384615384615	module8	Nucleotide metabolism and genome maintenance	Nucleotide/genome maintenance	25	skin_top15;nasal_top15
Moraxella_A	CF11	52	3	0.0576923076923077	0.0576923076923077	1	48	4	52	9	Shared	9	TRUE	15	TRUE	TRUE	FALSE	TRUE	skin_top15;nasal_top15	27.5384615384615	module9	Nutrient acquisition and substrate utilization	Nutrient/substrate use	25	skin_top15;nasal_top15
Moraxella_A	CF19	52	3	0.0576923076923077	0.0769230769230769	1.33333333333333	48	4	52	9	Shared	9	TRUE	15	TRUE	TRUE	FALSE	TRUE	skin_top15;nasal_top15	27.5384615384615	module9	Nutrient acquisition and substrate utilization	Nutrient/substrate use	25	skin_top15;nasal_top15
Moraxella_A	CF13	52	52	1	2.96153846153846	2.96153846153846	48	4	52	9	Shared	9	TRUE	15	TRUE	TRUE	FALSE	TRUE	skin_top15;nasal_top15	27.5384615384615	module10	Translation and RNA-centered regulation	Translation/RNA regulation	25	skin_top15;nasal_top15
Moraxella_A	CF14	52	51	0.980769230769231	0.980769230769231	1	48	4	52	9	Shared	9	TRUE	15	TRUE	TRUE	FALSE	TRUE	skin_top15;nasal_top15	27.5384615384615	module10	Translation and RNA-centered regulation	Translation/RNA regulation	25	skin_top15;nasal_top15
Moraxella_A	CF24	52	51	0.980769230769231	0.980769230769231	1	48	4	52	9	Shared	9	TRUE	15	TRUE	TRUE	FALSE	TRUE	skin_top15;nasal_top15	27.5384615384615	module10	Translation and RNA-centered regulation	Translation/RNA regulation	25	skin_top15;nasal_top15
Moraxella_A	CF15_17	52	0	0	0	0	48	4	52	9	Shared	9	TRUE	15	TRUE	TRUE	FALSE	TRUE	skin_top15;nasal_top15	27.5384615384615	module11	Translation and RNA-centered regulation	Translation/RNA regulation	25	skin_top15;nasal_top15
Moraxella_A	CF15_19	52	52	1	1	1	48	4	52	9	Shared	9	TRUE	15	TRUE	TRUE	FALSE	TRUE	skin_top15;nasal_top15	27.5384615384615	module11	Translation and RNA-centered regulation	Translation/RNA regulation	25	skin_top15;nasal_top15
Moraxella_A	CF16	52	52	1	1	1	48	4	52	9	Shared	9	TRUE	15	TRUE	TRUE	FALSE	TRUE	skin_top15;nasal_top15	27.5384615384615	module12	Translation and RNA-centered regulation	Translation/RNA regulation	25	skin_top15;nasal_top15
Moraxella_A	CF17_20	52	51	0.980769230769231	0.980769230769231	1	48	4	52	9	Shared	9	TRUE	15	TRUE	TRUE	FALSE	TRUE	skin_top15;nasal_top15	27.5384615384615	module13	Nutrient acquisition and substrate utilization	Nutrient/substrate use	25	skin_top15;nasal_top15
Moraxella_A	CF17_23	52	0	0	0	0	48	4	52	9	Shared	9	TRUE	15	TRUE	TRUE	FALSE	TRUE	skin_top15;nasal_top15	27.5384615384615	module13	Nutrient acquisition and substrate utilization	Nutrient/substrate use	25	skin_top15;nasal_top15
Moraxella_A	CF18	52	52	1	1	1	48	4	52	9	Shared	9	TRUE	15	TRUE	TRUE	FALSE	TRUE	skin_top15;nasal_top15	27.5384615384615	module14	Stress adaptation and envelope homeostasis	Stress/envelope homeostasis	25	skin_top15;nasal_top15
Moraxella_A	CF20	52	51	0.980769230769231	0.980769230769231	1	48	4	52	9	Shared	9	TRUE	15	TRUE	TRUE	FALSE	TRUE	skin_top15;nasal_top15	27.5384615384615	module15	Translation and RNA-centered regulation	Translation/RNA regulation	25	skin_top15;nasal_top15
Moraxella_A	CF21	52	50	0.961538461538462	0.961538461538462	1	48	4	52	9	Shared	9	TRUE	15	TRUE	TRUE	FALSE	TRUE	skin_top15;nasal_top15	27.5384615384615	module16	Poorly characterized candidate modules	Poorly characterized	25	skin_top15;nasal_top15
Moraxella_A	CF23	52	39	0.75	0.75	1	48	4	52	9	Shared	9	TRUE	15	TRUE	TRUE	FALSE	TRUE	skin_top15;nasal_top15	27.5384615384615	module17	Poorly characterized candidate modules	Poorly characterized	25	skin_top15;nasal_top15
Moraxella_A	CF26	52	0	0	0	0	48	4	52	9	Shared	9	TRUE	15	TRUE	TRUE	FALSE	TRUE	skin_top15;nasal_top15	27.5384615384615	module18	Intercellular communication signal	Communication signal	25	skin_top15;nasal_top15
Klebsiella	CF0	50	50	1	4.8	4.8	42	8	50	8	Shared	12	TRUE	11	TRUE	TRUE	FALSE	TRUE	skin_top15;nasal_top15	89.72	module1	Nutrient acquisition and substrate utilization	Nutrient/substrate use	27	skin_top15;nasal_top15
Klebsiella	CF12	50	50	1	28.62	28.62	42	8	50	8	Shared	12	TRUE	11	TRUE	TRUE	FALSE	TRUE	skin_top15;nasal_top15	89.72	module1	Nutrient acquisition and substrate utilization	Nutrient/substrate use	27	skin_top15;nasal_top15
Klebsiella	CF8	50	50	1	6.02	6.02	42	8	50	8	Shared	12	TRUE	11	TRUE	TRUE	FALSE	TRUE	skin_top15;nasal_top15	89.72	module1	Nutrient acquisition and substrate utilization	Nutrient/substrate use	27	skin_top15;nasal_top15
Klebsiella	CF1	50	50	1	1.02	1.02	42	8	50	8	Shared	12	TRUE	11	TRUE	TRUE	FALSE	TRUE	skin_top15;nasal_top15	89.72	module2	Nucleotide metabolism and genome maintenance	Nucleotide/genome maintenance	27	skin_top15;nasal_top15
Klebsiella	CF3	50	50	1	1	1	42	8	50	8	Shared	12	TRUE	11	TRUE	TRUE	FALSE	TRUE	skin_top15;nasal_top15	89.72	module3	Nutrient acquisition and substrate utilization	Nutrient/substrate use	27	skin_top15;nasal_top15
Klebsiella	CF4	50	50	1	3.46	3.46	42	8	50	8	Shared	12	TRUE	11	TRUE	TRUE	FALSE	TRUE	skin_top15;nasal_top15	89.72	module4	Stress adaptation and envelope homeostasis	Stress/envelope homeostasis	27	skin_top15;nasal_top15
Klebsiella	CF7	50	49	0.98	1.38	1.40816326530612	42	8	50	8	Shared	12	TRUE	11	TRUE	TRUE	FALSE	TRUE	skin_top15;nasal_top15	89.72	module4	Stress adaptation and envelope homeostasis	Stress/envelope homeostasis	27	skin_top15;nasal_top15
Klebsiella	CF2_10	50	50	1	2.62	2.62	42	8	50	8	Shared	12	TRUE	11	TRUE	TRUE	FALSE	TRUE	skin_top15;nasal_top15	89.72	module5	Nutrient acquisition and substrate utilization	Nutrient/substrate use	27	skin_top15;nasal_top15
Klebsiella	CF2_4	50	50	1	2	2	42	8	50	8	Shared	12	TRUE	11	TRUE	TRUE	FALSE	TRUE	skin_top15;nasal_top15	89.72	module5	Nutrient acquisition and substrate utilization	Nutrient/substrate use	27	skin_top15;nasal_top15
Klebsiella	CF6	50	50	1	3	3	42	8	50	8	Shared	12	TRUE	11	TRUE	TRUE	FALSE	TRUE	skin_top15;nasal_top15	89.72	module5	Nutrient acquisition and substrate utilization	Nutrient/substrate use	27	skin_top15;nasal_top15
Klebsiella	CF5	50	50	1	1	1	42	8	50	8	Shared	12	TRUE	11	TRUE	TRUE	FALSE	TRUE	skin_top15;nasal_top15	89.72	module6	Nucleotide metabolism and genome maintenance	Nucleotide/genome maintenance	27	skin_top15;nasal_top15
Klebsiella	CF9_12	50	0	0	0	0	42	8	50	8	Shared	12	TRUE	11	TRUE	TRUE	FALSE	TRUE	skin_top15;nasal_top15	89.72	module7	Poorly characterized candidate modules	Poorly characterized	27	skin_top15;nasal_top15
Klebsiella	CF9_9	50	50	1	1	1	42	8	50	8	Shared	12	TRUE	11	TRUE	TRUE	FALSE	TRUE	skin_top15;nasal_top15	89.72	module7	Poorly characterized candidate modules	Poorly characterized	27	skin_top15;nasal_top15
Klebsiella	CF10	50	50	1	2.02	2.02	42	8	50	8	Shared	12	TRUE	11	TRUE	TRUE	FALSE	TRUE	skin_top15;nasal_top15	89.72	module8	Nucleotide metabolism and genome maintenance	Nucleotide/genome maintenance	27	skin_top15;nasal_top15
Klebsiella	CF22	50	50	1	2.02	2.02	42	8	50	8	Shared	12	TRUE	11	TRUE	TRUE	FALSE	TRUE	skin_top15;nasal_top15	89.72	module8	Nucleotide metabolism and genome maintenance	Nucleotide/genome maintenance	27	skin_top15;nasal_top15
Klebsiella	CF25	50	0	0	0	0	42	8	50	8	Shared	12	TRUE	11	TRUE	TRUE	FALSE	TRUE	skin_top15;nasal_top15	89.72	module8	Nucleotide metabolism and genome maintenance	Nucleotide/genome maintenance	27	skin_top15;nasal_top15
Klebsiella	CF11	50	50	1	2.78	2.78	42	8	50	8	Shared	12	TRUE	11	TRUE	TRUE	FALSE	TRUE	skin_top15;nasal_top15	89.72	module9	Nutrient acquisition and substrate utilization	Nutrient/substrate use	27	skin_top15;nasal_top15
Klebsiella	CF19	50	50	1	10.66	10.66	42	8	50	8	Shared	12	TRUE	11	TRUE	TRUE	FALSE	TRUE	skin_top15;nasal_top15	89.72	module9	Nutrient acquisition and substrate utilization	Nutrient/substrate use	27	skin_top15;nasal_top15
Klebsiella	CF13	50	50	1	4	4	42	8	50	8	Shared	12	TRUE	11	TRUE	TRUE	FALSE	TRUE	skin_top15;nasal_top15	89.72	module10	Translation and RNA-centered regulation	Translation/RNA regulation	27	skin_top15;nasal_top15
Klebsiella	CF14	50	47	0.94	0.94	1	42	8	50	8	Shared	12	TRUE	11	TRUE	TRUE	FALSE	TRUE	skin_top15;nasal_top15	89.72	module10	Translation and RNA-centered regulation	Translation/RNA regulation	27	skin_top15;nasal_top15
Klebsiella	CF24	50	50	1	1	1	42	8	50	8	Shared	12	TRUE	11	TRUE	TRUE	FALSE	TRUE	skin_top15;nasal_top15	89.72	module10	Translation and RNA-centered regulation	Translation/RNA regulation	27	skin_top15;nasal_top15
Klebsiella	CF15_17	50	0	0	0	0	42	8	50	8	Shared	12	TRUE	11	TRUE	TRUE	FALSE	TRUE	skin_top15;nasal_top15	89.72	module11	Translation and RNA-centered regulation	Translation/RNA regulation	27	skin_top15;nasal_top15
Klebsiella	CF15_19	50	50	1	1	1	42	8	50	8	Shared	12	TRUE	11	TRUE	TRUE	FALSE	TRUE	skin_top15;nasal_top15	89.72	module11	Translation and RNA-centered regulation	Translation/RNA regulation	27	skin_top15;nasal_top15
Klebsiella	CF16	50	49	0.98	0.98	1	42	8	50	8	Shared	12	TRUE	11	TRUE	TRUE	FALSE	TRUE	skin_top15;nasal_top15	89.72	module12	Translation and RNA-centered regulation	Translation/RNA regulation	27	skin_top15;nasal_top15
Klebsiella	CF17_20	50	50	1	2.58	2.58	42	8	50	8	Shared	12	TRUE	11	TRUE	TRUE	FALSE	TRUE	skin_top15;nasal_top15	89.72	module13	Nutrient acquisition and substrate utilization	Nutrient/substrate use	27	skin_top15;nasal_top15
Klebsiella	CF17_23	50	0	0	0	0	42	8	50	8	Shared	12	TRUE	11	TRUE	TRUE	FALSE	TRUE	skin_top15;nasal_top15	89.72	module13	Nutrient acquisition and substrate utilization	Nutrient/substrate use	27	skin_top15;nasal_top15
Klebsiella	CF18	50	43	0.86	0.86	1	42	8	50	8	Shared	12	TRUE	11	TRUE	TRUE	FALSE	TRUE	skin_top15;nasal_top15	89.72	module14	Stress adaptation and envelope homeostasis	Stress/envelope homeostasis	27	skin_top15;nasal_top15
Klebsiella	CF20	50	48	0.96	0.98	1.02083333333333	42	8	50	8	Shared	12	TRUE	11	TRUE	TRUE	FALSE	TRUE	skin_top15;nasal_top15	89.72	module15	Translation and RNA-centered regulation	Translation/RNA regulation	27	skin_top15;nasal_top15
Klebsiella	CF21	50	49	0.98	0.98	1	42	8	50	8	Shared	12	TRUE	11	TRUE	TRUE	FALSE	TRUE	skin_top15;nasal_top15	89.72	module16	Poorly characterized candidate modules	Poorly characterized	27	skin_top15;nasal_top15
Klebsiella	CF23	50	50	1	2	2	42	8	50	8	Shared	12	TRUE	11	TRUE	TRUE	FALSE	TRUE	skin_top15;nasal_top15	89.72	module17	Poorly characterized candidate modules	Poorly characterized	27	skin_top15;nasal_top15
Klebsiella	CF26	50	50	1	1	1	42	8	50	8	Shared	12	TRUE	11	TRUE	TRUE	FALSE	TRUE	skin_top15;nasal_top15	89.72	module18	Intercellular communication signal	Communication signal	27	skin_top15;nasal_top15
Porphyromonas	CF0	43	0	0	0	0	38	5	43	9	Shared	14	TRUE	13	TRUE	TRUE	FALSE	TRUE	skin_top15;nasal_top15	14.1395348837209	module1	Nutrient acquisition and substrate utilization	Nutrient/substrate use	18	skin_top15;nasal_top15
Porphyromonas	CF12	43	9	0.209302325581395	0.209302325581395	1	38	5	43	9	Shared	14	TRUE	13	TRUE	TRUE	FALSE	TRUE	skin_top15;nasal_top15	14.1395348837209	module1	Nutrient acquisition and substrate utilization	Nutrient/substrate use	18	skin_top15;nasal_top15
Porphyromonas	CF8	43	0	0	0	0	38	5	43	9	Shared	14	TRUE	13	TRUE	TRUE	FALSE	TRUE	skin_top15;nasal_top15	14.1395348837209	module1	Nutrient acquisition and substrate utilization	Nutrient/substrate use	18	skin_top15;nasal_top15
Porphyromonas	CF1	43	42	0.976744186046512	0.976744186046512	1	38	5	43	9	Shared	14	TRUE	13	TRUE	TRUE	FALSE	TRUE	skin_top15;nasal_top15	14.1395348837209	module2	Nucleotide metabolism and genome maintenance	Nucleotide/genome maintenance	18	skin_top15;nasal_top15
Porphyromonas	CF3	43	0	0	0	0	38	5	43	9	Shared	14	TRUE	13	TRUE	TRUE	FALSE	TRUE	skin_top15;nasal_top15	14.1395348837209	module3	Nutrient acquisition and substrate utilization	Nutrient/substrate use	18	skin_top15;nasal_top15
Porphyromonas	CF4	43	0	0	0	0	38	5	43	9	Shared	14	TRUE	13	TRUE	TRUE	FALSE	TRUE	skin_top15;nasal_top15	14.1395348837209	module4	Stress adaptation and envelope homeostasis	Stress/envelope homeostasis	18	skin_top15;nasal_top15
Porphyromonas	CF7	43	0	0	0	0	38	5	43	9	Shared	14	TRUE	13	TRUE	TRUE	FALSE	TRUE	skin_top15;nasal_top15	14.1395348837209	module4	Stress adaptation and envelope homeostasis	Stress/envelope homeostasis	18	skin_top15;nasal_top15
Porphyromonas	CF2_10	43	10	0.232558139534884	0.232558139534884	1	38	5	43	9	Shared	14	TRUE	13	TRUE	TRUE	FALSE	TRUE	skin_top15;nasal_top15	14.1395348837209	module5	Nutrient acquisition and substrate utilization	Nutrient/substrate use	18	skin_top15;nasal_top15
Porphyromonas	CF2_4	43	31	0.720930232558139	0.744186046511628	1.03225806451613	38	5	43	9	Shared	14	TRUE	13	TRUE	TRUE	FALSE	TRUE	skin_top15;nasal_top15	14.1395348837209	module5	Nutrient acquisition and substrate utilization	Nutrient/substrate use	18	skin_top15;nasal_top15
Porphyromonas	CF6	43	32	0.744186046511628	0.767441860465116	1.03125	38	5	43	9	Shared	14	TRUE	13	TRUE	TRUE	FALSE	TRUE	skin_top15;nasal_top15	14.1395348837209	module5	Nutrient acquisition and substrate utilization	Nutrient/substrate use	18	skin_top15;nasal_top15
Porphyromonas	CF5	43	43	1	1	1	38	5	43	9	Shared	14	TRUE	13	TRUE	TRUE	FALSE	TRUE	skin_top15;nasal_top15	14.1395348837209	module6	Nucleotide metabolism and genome maintenance	Nucleotide/genome maintenance	18	skin_top15;nasal_top15
Porphyromonas	CF9_12	43	3	0.0697674418604651	0.0697674418604651	1	38	5	43	9	Shared	14	TRUE	13	TRUE	TRUE	FALSE	TRUE	skin_top15;nasal_top15	14.1395348837209	module7	Poorly characterized candidate modules	Poorly characterized	18	skin_top15;nasal_top15
Porphyromonas	CF9_9	43	37	0.86046511627907	0.86046511627907	1	38	5	43	9	Shared	14	TRUE	13	TRUE	TRUE	FALSE	TRUE	skin_top15;nasal_top15	14.1395348837209	module7	Poorly characterized candidate modules	Poorly characterized	18	skin_top15;nasal_top15
Porphyromonas	CF10	43	14	0.325581395348837	0.372093023255814	1.14285714285714	38	5	43	9	Shared	14	TRUE	13	TRUE	TRUE	FALSE	TRUE	skin_top15;nasal_top15	14.1395348837209	module8	Nucleotide metabolism and genome maintenance	Nucleotide/genome maintenance	18	skin_top15;nasal_top15
Porphyromonas	CF22	43	2	0.0465116279069767	0.0465116279069767	1	38	5	43	9	Shared	14	TRUE	13	TRUE	TRUE	FALSE	TRUE	skin_top15;nasal_top15	14.1395348837209	module8	Nucleotide metabolism and genome maintenance	Nucleotide/genome maintenance	18	skin_top15;nasal_top15
Porphyromonas	CF25	43	1	0.0232558139534884	0.0232558139534884	1	38	5	43	9	Shared	14	TRUE	13	TRUE	TRUE	FALSE	TRUE	skin_top15;nasal_top15	14.1395348837209	module8	Nucleotide metabolism and genome maintenance	Nucleotide/genome maintenance	18	skin_top15;nasal_top15
Porphyromonas	CF11	43	0	0	0	0	38	5	43	9	Shared	14	TRUE	13	TRUE	TRUE	FALSE	TRUE	skin_top15;nasal_top15	14.1395348837209	module9	Nutrient acquisition and substrate utilization	Nutrient/substrate use	18	skin_top15;nasal_top15
Porphyromonas	CF19	43	0	0	0	0	38	5	43	9	Shared	14	TRUE	13	TRUE	TRUE	FALSE	TRUE	skin_top15;nasal_top15	14.1395348837209	module9	Nutrient acquisition and substrate utilization	Nutrient/substrate use	18	skin_top15;nasal_top15
Porphyromonas	CF13	43	43	1	2.32558139534884	2.32558139534884	38	5	43	9	Shared	14	TRUE	13	TRUE	TRUE	FALSE	TRUE	skin_top15;nasal_top15	14.1395348837209	module10	Translation and RNA-centered regulation	Translation/RNA regulation	18	skin_top15;nasal_top15
Porphyromonas	CF14	43	41	0.953488372093023	0.953488372093023	1	38	5	43	9	Shared	14	TRUE	13	TRUE	TRUE	FALSE	TRUE	skin_top15;nasal_top15	14.1395348837209	module10	Translation and RNA-centered regulation	Translation/RNA regulation	18	skin_top15;nasal_top15
Porphyromonas	CF24	43	41	0.953488372093023	0.953488372093023	1	38	5	43	9	Shared	14	TRUE	13	TRUE	TRUE	FALSE	TRUE	skin_top15;nasal_top15	14.1395348837209	module10	Translation and RNA-centered regulation	Translation/RNA regulation	18	skin_top15;nasal_top15
Porphyromonas	CF15_17	43	1	0.0232558139534884	0.0232558139534884	1	38	5	43	9	Shared	14	TRUE	13	TRUE	TRUE	FALSE	TRUE	skin_top15;nasal_top15	14.1395348837209	module11	Translation and RNA-centered regulation	Translation/RNA regulation	18	skin_top15;nasal_top15
Porphyromonas	CF15_19	43	0	0	0	0	38	5	43	9	Shared	14	TRUE	13	TRUE	TRUE	FALSE	TRUE	skin_top15;nasal_top15	14.1395348837209	module11	Translation and RNA-centered regulation	Translation/RNA regulation	18	skin_top15;nasal_top15
Porphyromonas	CF16	43	0	0	0	0	38	5	43	9	Shared	14	TRUE	13	TRUE	TRUE	FALSE	TRUE	skin_top15;nasal_top15	14.1395348837209	module12	Translation and RNA-centered regulation	Translation/RNA regulation	18	skin_top15;nasal_top15
Porphyromonas	CF17_20	43	41	0.953488372093023	1.02325581395349	1.07317073170732	38	5	43	9	Shared	14	TRUE	13	TRUE	TRUE	FALSE	TRUE	skin_top15;nasal_top15	14.1395348837209	module13	Nutrient acquisition and substrate utilization	Nutrient/substrate use	18	skin_top15;nasal_top15
Porphyromonas	CF17_23	43	0	0	0	0	38	5	43	9	Shared	14	TRUE	13	TRUE	TRUE	FALSE	TRUE	skin_top15;nasal_top15	14.1395348837209	module13	Nutrient acquisition and substrate utilization	Nutrient/substrate use	18	skin_top15;nasal_top15
Porphyromonas	CF18	43	37	0.86046511627907	0.86046511627907	1	38	5	43	9	Shared	14	TRUE	13	TRUE	TRUE	FALSE	TRUE	skin_top15;nasal_top15	14.1395348837209	module14	Stress adaptation and envelope homeostasis	Stress/envelope homeostasis	18	skin_top15;nasal_top15
Porphyromonas	CF20	43	42	0.976744186046512	0.976744186046512	1	38	5	43	9	Shared	14	TRUE	13	TRUE	TRUE	FALSE	TRUE	skin_top15;nasal_top15	14.1395348837209	module15	Translation and RNA-centered regulation	Translation/RNA regulation	18	skin_top15;nasal_top15
Porphyromonas	CF21	43	10	0.232558139534884	0.232558139534884	1	38	5	43	9	Shared	14	TRUE	13	TRUE	TRUE	FALSE	TRUE	skin_top15;nasal_top15	14.1395348837209	module16	Poorly characterized candidate modules	Poorly characterized	18	skin_top15;nasal_top15
Porphyromonas	CF23	43	42	0.976744186046512	0.976744186046512	1	38	5	43	9	Shared	14	TRUE	13	TRUE	TRUE	FALSE	TRUE	skin_top15;nasal_top15	14.1395348837209	module17	Poorly characterized candidate modules	Poorly characterized	18	skin_top15;nasal_top15
Porphyromonas	CF26	43	22	0.511627906976744	0.511627906976744	1	38	5	43	9	Shared	14	TRUE	13	TRUE	TRUE	FALSE	TRUE	skin_top15;nasal_top15	14.1395348837209	module18	Intercellular communication signal	Communication signal	18	skin_top15;nasal_top15
Cutibacterium	CF0	40	40	1	2	2	30	10	40	5	Shared	19	FALSE	10	TRUE	TRUE	FALSE	TRUE	nasal_top15	37.275	module1	Nutrient acquisition and substrate utilization	Nutrient/substrate use	24	nasal_top15
Cutibacterium	CF12	40	40	1	6.875	6.875	30	10	40	5	Shared	19	FALSE	10	TRUE	TRUE	FALSE	TRUE	nasal_top15	37.275	module1	Nutrient acquisition and substrate utilization	Nutrient/substrate use	24	nasal_top15
Cutibacterium	CF8	40	40	1	1.025	1.025	30	10	40	5	Shared	19	FALSE	10	TRUE	TRUE	FALSE	TRUE	nasal_top15	37.275	module1	Nutrient acquisition and substrate utilization	Nutrient/substrate use	24	nasal_top15
Cutibacterium	CF1	40	39	0.975	0.975	1	30	10	40	5	Shared	19	FALSE	10	TRUE	TRUE	FALSE	TRUE	nasal_top15	37.275	module2	Nucleotide metabolism and genome maintenance	Nucleotide/genome maintenance	24	nasal_top15
Cutibacterium	CF3	40	35	0.875	0.9	1.02857142857143	30	10	40	5	Shared	19	FALSE	10	TRUE	TRUE	FALSE	TRUE	nasal_top15	37.275	module3	Nutrient acquisition and substrate utilization	Nutrient/substrate use	24	nasal_top15
Cutibacterium	CF4	40	20	0.5	0.5	1	30	10	40	5	Shared	19	FALSE	10	TRUE	TRUE	FALSE	TRUE	nasal_top15	37.275	module4	Stress adaptation and envelope homeostasis	Stress/envelope homeostasis	24	nasal_top15
Cutibacterium	CF7	40	39	0.975	0.975	1	30	10	40	5	Shared	19	FALSE	10	TRUE	TRUE	FALSE	TRUE	nasal_top15	37.275	module4	Stress adaptation and envelope homeostasis	Stress/envelope homeostasis	24	nasal_top15
Cutibacterium	CF2_10	40	0	0	0	0	30	10	40	5	Shared	19	FALSE	10	TRUE	TRUE	FALSE	TRUE	nasal_top15	37.275	module5	Nutrient acquisition and substrate utilization	Nutrient/substrate use	24	nasal_top15
Cutibacterium	CF2_4	40	40	1	1	1	30	10	40	5	Shared	19	FALSE	10	TRUE	TRUE	FALSE	TRUE	nasal_top15	37.275	module5	Nutrient acquisition and substrate utilization	Nutrient/substrate use	24	nasal_top15
Cutibacterium	CF6	40	29	0.725	0.725	1	30	10	40	5	Shared	19	FALSE	10	TRUE	TRUE	FALSE	TRUE	nasal_top15	37.275	module5	Nutrient acquisition and substrate utilization	Nutrient/substrate use	24	nasal_top15
Cutibacterium	CF5	40	39	0.975	0.975	1	30	10	40	5	Shared	19	FALSE	10	TRUE	TRUE	FALSE	TRUE	nasal_top15	37.275	module6	Nucleotide metabolism and genome maintenance	Nucleotide/genome maintenance	24	nasal_top15
Cutibacterium	CF9_12	40	0	0	0	0	30	10	40	5	Shared	19	FALSE	10	TRUE	TRUE	FALSE	TRUE	nasal_top15	37.275	module7	Poorly characterized candidate modules	Poorly characterized	24	nasal_top15
Cutibacterium	CF9_9	40	40	1	1	1	30	10	40	5	Shared	19	FALSE	10	TRUE	TRUE	FALSE	TRUE	nasal_top15	37.275	module7	Poorly characterized candidate modules	Poorly characterized	24	nasal_top15
Cutibacterium	CF10	40	30	0.75	0.75	1	30	10	40	5	Shared	19	FALSE	10	TRUE	TRUE	FALSE	TRUE	nasal_top15	37.275	module8	Nucleotide metabolism and genome maintenance	Nucleotide/genome maintenance	24	nasal_top15
Cutibacterium	CF22	40	1	0.025	0.025	1	30	10	40	5	Shared	19	FALSE	10	TRUE	TRUE	FALSE	TRUE	nasal_top15	37.275	module8	Nucleotide metabolism and genome maintenance	Nucleotide/genome maintenance	24	nasal_top15
Cutibacterium	CF25	40	0	0	0	0	30	10	40	5	Shared	19	FALSE	10	TRUE	TRUE	FALSE	TRUE	nasal_top15	37.275	module8	Nucleotide metabolism and genome maintenance	Nucleotide/genome maintenance	24	nasal_top15
Cutibacterium	CF11	40	38	0.95	1.525	1.60526315789474	30	10	40	5	Shared	19	FALSE	10	TRUE	TRUE	FALSE	TRUE	nasal_top15	37.275	module9	Nutrient acquisition and substrate utilization	Nutrient/substrate use	24	nasal_top15
Cutibacterium	CF19	40	40	1	7.9	7.9	30	10	40	5	Shared	19	FALSE	10	TRUE	TRUE	FALSE	TRUE	nasal_top15	37.275	module9	Nutrient acquisition and substrate utilization	Nutrient/substrate use	24	nasal_top15
Cutibacterium	CF13	40	40	1	3	3	30	10	40	5	Shared	19	FALSE	10	TRUE	TRUE	FALSE	TRUE	nasal_top15	37.275	module10	Translation and RNA-centered regulation	Translation/RNA regulation	24	nasal_top15
Cutibacterium	CF14	40	38	0.95	0.95	1	30	10	40	5	Shared	19	FALSE	10	TRUE	TRUE	FALSE	TRUE	nasal_top15	37.275	module10	Translation and RNA-centered regulation	Translation/RNA regulation	24	nasal_top15
Cutibacterium	CF24	40	39	0.975	0.975	1	30	10	40	5	Shared	19	FALSE	10	TRUE	TRUE	FALSE	TRUE	nasal_top15	37.275	module10	Translation and RNA-centered regulation	Translation/RNA regulation	24	nasal_top15
Cutibacterium	CF15_17	40	39	0.975	0.975	1	30	10	40	5	Shared	19	FALSE	10	TRUE	TRUE	FALSE	TRUE	nasal_top15	37.275	module11	Translation and RNA-centered regulation	Translation/RNA regulation	24	nasal_top15
Cutibacterium	CF15_19	40	0	0	0	0	30	10	40	5	Shared	19	FALSE	10	TRUE	TRUE	FALSE	TRUE	nasal_top15	37.275	module11	Translation and RNA-centered regulation	Translation/RNA regulation	24	nasal_top15
Cutibacterium	CF16	40	0	0	0	0	30	10	40	5	Shared	19	FALSE	10	TRUE	TRUE	FALSE	TRUE	nasal_top15	37.275	module12	Translation and RNA-centered regulation	Translation/RNA regulation	24	nasal_top15
Cutibacterium	CF17_20	40	40	1	1	1	30	10	40	5	Shared	19	FALSE	10	TRUE	TRUE	FALSE	TRUE	nasal_top15	37.275	module13	Nutrient acquisition and substrate utilization	Nutrient/substrate use	24	nasal_top15
Cutibacterium	CF17_23	40	0	0	0	0	30	10	40	5	Shared	19	FALSE	10	TRUE	TRUE	FALSE	TRUE	nasal_top15	37.275	module13	Nutrient acquisition and substrate utilization	Nutrient/substrate use	24	nasal_top15
Cutibacterium	CF18	40	36	0.9	0.9	1	30	10	40	5	Shared	19	FALSE	10	TRUE	TRUE	FALSE	TRUE	nasal_top15	37.275	module14	Stress adaptation and envelope homeostasis	Stress/envelope homeostasis	24	nasal_top15
Cutibacterium	CF20	40	38	0.95	0.95	1	30	10	40	5	Shared	19	FALSE	10	TRUE	TRUE	FALSE	TRUE	nasal_top15	37.275	module15	Translation and RNA-centered regulation	Translation/RNA regulation	24	nasal_top15
Cutibacterium	CF21	40	3	0.075	0.075	1	30	10	40	5	Shared	19	FALSE	10	TRUE	TRUE	FALSE	TRUE	nasal_top15	37.275	module16	Poorly characterized candidate modules	Poorly characterized	24	nasal_top15
Cutibacterium	CF23	40	13	0.325	0.325	1	30	10	40	5	Shared	19	FALSE	10	TRUE	TRUE	FALSE	TRUE	nasal_top15	37.275	module17	Poorly characterized candidate modules	Poorly characterized	24	nasal_top15
Cutibacterium	CF26	40	39	0.975	0.975	1	30	10	40	5	Shared	19	FALSE	10	TRUE	TRUE	FALSE	TRUE	nasal_top15	37.275	module18	Intercellular communication signal	Communication signal	24	nasal_top15
Neisseria	CF0	39	39	1	1.02564102564103	1.02564102564103	37	2	39	9	Shared	15	TRUE	31	FALSE	TRUE	FALSE	TRUE	skin_top15	30.5128205128205	module1	Nutrient acquisition and substrate utilization	Nutrient/substrate use	25	skin_top15
Neisseria	CF12	39	39	1	5	5	37	2	39	9	Shared	15	TRUE	31	FALSE	TRUE	FALSE	TRUE	skin_top15	30.5128205128205	module1	Nutrient acquisition and substrate utilization	Nutrient/substrate use	25	skin_top15
Neisseria	CF8	39	39	1	1.05128205128205	1.05128205128205	37	2	39	9	Shared	15	TRUE	31	FALSE	TRUE	FALSE	TRUE	skin_top15	30.5128205128205	module1	Nutrient acquisition and substrate utilization	Nutrient/substrate use	25	skin_top15
Neisseria	CF1	39	39	1	1.07692307692308	1.07692307692308	37	2	39	9	Shared	15	TRUE	31	FALSE	TRUE	FALSE	TRUE	skin_top15	30.5128205128205	module2	Nucleotide metabolism and genome maintenance	Nucleotide/genome maintenance	25	skin_top15
Neisseria	CF3	39	38	0.974358974358974	1	1.02631578947368	37	2	39	9	Shared	15	TRUE	31	FALSE	TRUE	FALSE	TRUE	skin_top15	30.5128205128205	module3	Nutrient acquisition and substrate utilization	Nutrient/substrate use	25	skin_top15
Neisseria	CF4	39	2	0.0512820512820513	0.0512820512820513	1	37	2	39	9	Shared	15	TRUE	31	FALSE	TRUE	FALSE	TRUE	skin_top15	30.5128205128205	module4	Stress adaptation and envelope homeostasis	Stress/envelope homeostasis	25	skin_top15
Neisseria	CF7	39	38	0.974358974358974	1	1.02631578947368	37	2	39	9	Shared	15	TRUE	31	FALSE	TRUE	FALSE	TRUE	skin_top15	30.5128205128205	module4	Stress adaptation and envelope homeostasis	Stress/envelope homeostasis	25	skin_top15
Neisseria	CF2_10	39	36	0.923076923076923	0.948717948717949	1.02777777777778	37	2	39	9	Shared	15	TRUE	31	FALSE	TRUE	FALSE	TRUE	skin_top15	30.5128205128205	module5	Nutrient acquisition and substrate utilization	Nutrient/substrate use	25	skin_top15
Neisseria	CF2_4	39	38	0.974358974358974	1.02564102564103	1.05263157894737	37	2	39	9	Shared	15	TRUE	31	FALSE	TRUE	FALSE	TRUE	skin_top15	30.5128205128205	module5	Nutrient acquisition and substrate utilization	Nutrient/substrate use	25	skin_top15
Neisseria	CF6	39	34	0.871794871794872	0.923076923076923	1.05882352941176	37	2	39	9	Shared	15	TRUE	31	FALSE	TRUE	FALSE	TRUE	skin_top15	30.5128205128205	module5	Nutrient acquisition and substrate utilization	Nutrient/substrate use	25	skin_top15
Neisseria	CF5	39	38	0.974358974358974	1.05128205128205	1.07894736842105	37	2	39	9	Shared	15	TRUE	31	FALSE	TRUE	FALSE	TRUE	skin_top15	30.5128205128205	module6	Nucleotide metabolism and genome maintenance	Nucleotide/genome maintenance	25	skin_top15
Neisseria	CF9_12	39	0	0	0	0	37	2	39	9	Shared	15	TRUE	31	FALSE	TRUE	FALSE	TRUE	skin_top15	30.5128205128205	module7	Poorly characterized candidate modules	Poorly characterized	25	skin_top15
Neisseria	CF9_9	39	39	1	1.1025641025641	1.1025641025641	37	2	39	9	Shared	15	TRUE	31	FALSE	TRUE	FALSE	TRUE	skin_top15	30.5128205128205	module7	Poorly characterized candidate modules	Poorly characterized	25	skin_top15
Neisseria	CF10	39	36	0.923076923076923	0.948717948717949	1.02777777777778	37	2	39	9	Shared	15	TRUE	31	FALSE	TRUE	FALSE	TRUE	skin_top15	30.5128205128205	module8	Nucleotide metabolism and genome maintenance	Nucleotide/genome maintenance	25	skin_top15
Neisseria	CF22	39	37	0.948717948717949	0.974358974358974	1.02702702702703	37	2	39	9	Shared	15	TRUE	31	FALSE	TRUE	FALSE	TRUE	skin_top15	30.5128205128205	module8	Nucleotide metabolism and genome maintenance	Nucleotide/genome maintenance	25	skin_top15
Neisseria	CF25	39	0	0	0	0	37	2	39	9	Shared	15	TRUE	31	FALSE	TRUE	FALSE	TRUE	skin_top15	30.5128205128205	module8	Nucleotide metabolism and genome maintenance	Nucleotide/genome maintenance	25	skin_top15
Neisseria	CF11	39	0	0	0	0	37	2	39	9	Shared	15	TRUE	31	FALSE	TRUE	FALSE	TRUE	skin_top15	30.5128205128205	module9	Nutrient acquisition and substrate utilization	Nutrient/substrate use	25	skin_top15
Neisseria	CF19	39	0	0	0	0	37	2	39	9	Shared	15	TRUE	31	FALSE	TRUE	FALSE	TRUE	skin_top15	30.5128205128205	module9	Nutrient acquisition and substrate utilization	Nutrient/substrate use	25	skin_top15
Neisseria	CF13	39	39	1	3.97435897435897	3.97435897435897	37	2	39	9	Shared	15	TRUE	31	FALSE	TRUE	FALSE	TRUE	skin_top15	30.5128205128205	module10	Translation and RNA-centered regulation	Translation/RNA regulation	25	skin_top15
Neisseria	CF14	39	39	1	1.05128205128205	1.05128205128205	37	2	39	9	Shared	15	TRUE	31	FALSE	TRUE	FALSE	TRUE	skin_top15	30.5128205128205	module10	Translation and RNA-centered regulation	Translation/RNA regulation	25	skin_top15
Neisseria	CF24	39	39	1	1.02564102564103	1.02564102564103	37	2	39	9	Shared	15	TRUE	31	FALSE	TRUE	FALSE	TRUE	skin_top15	30.5128205128205	module10	Translation and RNA-centered regulation	Translation/RNA regulation	25	skin_top15
Neisseria	CF15_17	39	37	0.948717948717949	0.974358974358974	1.02702702702703	37	2	39	9	Shared	15	TRUE	31	FALSE	TRUE	FALSE	TRUE	skin_top15	30.5128205128205	module11	Translation and RNA-centered regulation	Translation/RNA regulation	25	skin_top15
Neisseria	CF15_19	39	0	0	0	0	37	2	39	9	Shared	15	TRUE	31	FALSE	TRUE	FALSE	TRUE	skin_top15	30.5128205128205	module11	Translation and RNA-centered regulation	Translation/RNA regulation	25	skin_top15
Neisseria	CF16	39	39	1	1.02564102564103	1.02564102564103	37	2	39	9	Shared	15	TRUE	31	FALSE	TRUE	FALSE	TRUE	skin_top15	30.5128205128205	module12	Translation and RNA-centered regulation	Translation/RNA regulation	25	skin_top15
Neisseria	CF17_20	39	37	0.948717948717949	1.02564102564103	1.08108108108108	37	2	39	9	Shared	15	TRUE	31	FALSE	TRUE	FALSE	TRUE	skin_top15	30.5128205128205	module13	Nutrient acquisition and substrate utilization	Nutrient/substrate use	25	skin_top15
Neisseria	CF17_23	39	0	0	0	0	37	2	39	9	Shared	15	TRUE	31	FALSE	TRUE	FALSE	TRUE	skin_top15	30.5128205128205	module13	Nutrient acquisition and substrate utilization	Nutrient/substrate use	25	skin_top15
Neisseria	CF18	39	38	0.974358974358974	1	1.02631578947368	37	2	39	9	Shared	15	TRUE	31	FALSE	TRUE	FALSE	TRUE	skin_top15	30.5128205128205	module14	Stress adaptation and envelope homeostasis	Stress/envelope homeostasis	25	skin_top15
Neisseria	CF20	39	39	1	1.02564102564103	1.02564102564103	37	2	39	9	Shared	15	TRUE	31	FALSE	TRUE	FALSE	TRUE	skin_top15	30.5128205128205	module15	Translation and RNA-centered regulation	Translation/RNA regulation	25	skin_top15
Neisseria	CF21	39	39	1	1.02564102564103	1.02564102564103	37	2	39	9	Shared	15	TRUE	31	FALSE	TRUE	FALSE	TRUE	skin_top15	30.5128205128205	module16	Poorly characterized candidate modules	Poorly characterized	25	skin_top15
Neisseria	CF23	39	7	0.179487179487179	0.179487179487179	1	37	2	39	9	Shared	15	TRUE	31	FALSE	TRUE	FALSE	TRUE	skin_top15	30.5128205128205	module17	Poorly characterized candidate modules	Poorly characterized	25	skin_top15
Neisseria	CF26	39	39	1	1.02564102564103	1.02564102564103	37	2	39	9	Shared	15	TRUE	31	FALSE	TRUE	FALSE	TRUE	skin_top15	30.5128205128205	module18	Intercellular communication signal	Communication signal	25	skin_top15
Anaerococcus	CF0	38	37	0.973684210526316	1.55263157894737	1.59459459459459	26	12	38	9	Shared	24	FALSE	7	TRUE	TRUE	FALSE	TRUE	nasal_top15	33.8684210526316	module1	Nutrient acquisition and substrate utilization	Nutrient/substrate use	23	nasal_top15
Anaerococcus	CF12	38	38	1	8.23684210526316	8.23684210526316	26	12	38	9	Shared	24	FALSE	7	TRUE	TRUE	FALSE	TRUE	nasal_top15	33.8684210526316	module1	Nutrient acquisition and substrate utilization	Nutrient/substrate use	23	nasal_top15
Anaerococcus	CF8	38	37	0.973684210526316	1.92105263157895	1.97297297297297	26	12	38	9	Shared	24	FALSE	7	TRUE	TRUE	FALSE	TRUE	nasal_top15	33.8684210526316	module1	Nutrient acquisition and substrate utilization	Nutrient/substrate use	23	nasal_top15
Anaerococcus	CF1	38	38	1	1	1	26	12	38	9	Shared	24	FALSE	7	TRUE	TRUE	FALSE	TRUE	nasal_top15	33.8684210526316	module2	Nucleotide metabolism and genome maintenance	Nucleotide/genome maintenance	23	nasal_top15
Anaerococcus	CF3	38	38	1	2.78947368421053	2.78947368421053	26	12	38	9	Shared	24	FALSE	7	TRUE	TRUE	FALSE	TRUE	nasal_top15	33.8684210526316	module3	Nutrient acquisition and substrate utilization	Nutrient/substrate use	23	nasal_top15
Anaerococcus	CF4	38	31	0.815789473684211	1.02631578947368	1.25806451612903	26	12	38	9	Shared	24	FALSE	7	TRUE	TRUE	FALSE	TRUE	nasal_top15	33.8684210526316	module4	Stress adaptation and envelope homeostasis	Stress/envelope homeostasis	23	nasal_top15
Anaerococcus	CF7	38	34	0.894736842105263	0.947368421052632	1.05882352941176	26	12	38	9	Shared	24	FALSE	7	TRUE	TRUE	FALSE	TRUE	nasal_top15	33.8684210526316	module4	Stress adaptation and envelope homeostasis	Stress/envelope homeostasis	23	nasal_top15
Anaerococcus	CF2_10	38	38	1	1.07894736842105	1.07894736842105	26	12	38	9	Shared	24	FALSE	7	TRUE	TRUE	FALSE	TRUE	nasal_top15	33.8684210526316	module5	Nutrient acquisition and substrate utilization	Nutrient/substrate use	23	nasal_top15
Anaerococcus	CF2_4	38	38	1	1.05263157894737	1.05263157894737	26	12	38	9	Shared	24	FALSE	7	TRUE	TRUE	FALSE	TRUE	nasal_top15	33.8684210526316	module5	Nutrient acquisition and substrate utilization	Nutrient/substrate use	23	nasal_top15
Anaerococcus	CF6	38	38	1	1.05263157894737	1.05263157894737	26	12	38	9	Shared	24	FALSE	7	TRUE	TRUE	FALSE	TRUE	nasal_top15	33.8684210526316	module5	Nutrient acquisition and substrate utilization	Nutrient/substrate use	23	nasal_top15
Anaerococcus	CF5	38	37	0.973684210526316	0.973684210526316	1	26	12	38	9	Shared	24	FALSE	7	TRUE	TRUE	FALSE	TRUE	nasal_top15	33.8684210526316	module6	Nucleotide metabolism and genome maintenance	Nucleotide/genome maintenance	23	nasal_top15
Anaerococcus	CF9_12	38	0	0	0	0	26	12	38	9	Shared	24	FALSE	7	TRUE	TRUE	FALSE	TRUE	nasal_top15	33.8684210526316	module7	Poorly characterized candidate modules	Poorly characterized	23	nasal_top15
Anaerococcus	CF9_9	38	38	1	1	1	26	12	38	9	Shared	24	FALSE	7	TRUE	TRUE	FALSE	TRUE	nasal_top15	33.8684210526316	module7	Poorly characterized candidate modules	Poorly characterized	23	nasal_top15
Anaerococcus	CF10	38	38	1	1.02631578947368	1.02631578947368	26	12	38	9	Shared	24	FALSE	7	TRUE	TRUE	FALSE	TRUE	nasal_top15	33.8684210526316	module8	Nucleotide metabolism and genome maintenance	Nucleotide/genome maintenance	23	nasal_top15
Anaerococcus	CF22	38	0	0	0	0	26	12	38	9	Shared	24	FALSE	7	TRUE	TRUE	FALSE	TRUE	nasal_top15	33.8684210526316	module8	Nucleotide metabolism and genome maintenance	Nucleotide/genome maintenance	23	nasal_top15
Anaerococcus	CF25	38	0	0	0	0	26	12	38	9	Shared	24	FALSE	7	TRUE	TRUE	FALSE	TRUE	nasal_top15	33.8684210526316	module8	Nucleotide metabolism and genome maintenance	Nucleotide/genome maintenance	23	nasal_top15
Anaerococcus	CF11	38	33	0.868421052631579	1.23684210526316	1.42424242424242	26	12	38	9	Shared	24	FALSE	7	TRUE	TRUE	FALSE	TRUE	nasal_top15	33.8684210526316	module9	Nutrient acquisition and substrate utilization	Nutrient/substrate use	23	nasal_top15
Anaerococcus	CF19	38	0	0	0	0	26	12	38	9	Shared	24	FALSE	7	TRUE	TRUE	FALSE	TRUE	nasal_top15	33.8684210526316	module9	Nutrient acquisition and substrate utilization	Nutrient/substrate use	23	nasal_top15
Anaerococcus	CF13	38	38	1	1.02631578947368	1.02631578947368	26	12	38	9	Shared	24	FALSE	7	TRUE	TRUE	FALSE	TRUE	nasal_top15	33.8684210526316	module10	Translation and RNA-centered regulation	Translation/RNA regulation	23	nasal_top15
Anaerococcus	CF14	38	37	0.973684210526316	0.973684210526316	1	26	12	38	9	Shared	24	FALSE	7	TRUE	TRUE	FALSE	TRUE	nasal_top15	33.8684210526316	module10	Translation and RNA-centered regulation	Translation/RNA regulation	23	nasal_top15
Anaerococcus	CF24	38	37	0.973684210526316	0.973684210526316	1	26	12	38	9	Shared	24	FALSE	7	TRUE	TRUE	FALSE	TRUE	nasal_top15	33.8684210526316	module10	Translation and RNA-centered regulation	Translation/RNA regulation	23	nasal_top15
Anaerococcus	CF15_17	38	37	0.973684210526316	0.973684210526316	1	26	12	38	9	Shared	24	FALSE	7	TRUE	TRUE	FALSE	TRUE	nasal_top15	33.8684210526316	module11	Translation and RNA-centered regulation	Translation/RNA regulation	23	nasal_top15
Anaerococcus	CF15_19	38	0	0	0	0	26	12	38	9	Shared	24	FALSE	7	TRUE	TRUE	FALSE	TRUE	nasal_top15	33.8684210526316	module11	Translation and RNA-centered regulation	Translation/RNA regulation	23	nasal_top15
Anaerococcus	CF16	38	38	1	1	1	26	12	38	9	Shared	24	FALSE	7	TRUE	TRUE	FALSE	TRUE	nasal_top15	33.8684210526316	module12	Translation and RNA-centered regulation	Translation/RNA regulation	23	nasal_top15
Anaerococcus	CF17_20	38	0	0	0	0	26	12	38	9	Shared	24	FALSE	7	TRUE	TRUE	FALSE	TRUE	nasal_top15	33.8684210526316	module13	Nutrient acquisition and substrate utilization	Nutrient/substrate use	23	nasal_top15
Anaerococcus	CF17_23	38	38	1	1.07894736842105	1.07894736842105	26	12	38	9	Shared	24	FALSE	7	TRUE	TRUE	FALSE	TRUE	nasal_top15	33.8684210526316	module13	Nutrient acquisition and substrate utilization	Nutrient/substrate use	23	nasal_top15
Anaerococcus	CF18	38	38	1	1.02631578947368	1.02631578947368	26	12	38	9	Shared	24	FALSE	7	TRUE	TRUE	FALSE	TRUE	nasal_top15	33.8684210526316	module14	Stress adaptation and envelope homeostasis	Stress/envelope homeostasis	23	nasal_top15
Anaerococcus	CF20	38	37	0.973684210526316	0.973684210526316	1	26	12	38	9	Shared	24	FALSE	7	TRUE	TRUE	FALSE	TRUE	nasal_top15	33.8684210526316	module15	Translation and RNA-centered regulation	Translation/RNA regulation	23	nasal_top15
Anaerococcus	CF21	38	34	0.894736842105263	0.947368421052632	1.05882352941176	26	12	38	9	Shared	24	FALSE	7	TRUE	TRUE	FALSE	TRUE	nasal_top15	33.8684210526316	module16	Poorly characterized candidate modules	Poorly characterized	23	nasal_top15
Anaerococcus	CF23	38	0	0	0	0	26	12	38	9	Shared	24	FALSE	7	TRUE	TRUE	FALSE	TRUE	nasal_top15	33.8684210526316	module17	Poorly characterized candidate modules	Poorly characterized	23	nasal_top15
Anaerococcus	CF26	38	0	0	0	0	26	12	38	9	Shared	24	FALSE	7	TRUE	TRUE	FALSE	TRUE	nasal_top15	33.8684210526316	module18	Intercellular communication signal	Communication signal	23	nasal_top15
Streptococcus	CF0	38	38	1	1.42105263157895	1.42105263157895	21	17	38	16	Shared	35	FALSE	3	TRUE	TRUE	FALSE	TRUE	nasal_top15	37.6052631578947	module1	Nutrient acquisition and substrate utilization	Nutrient/substrate use	28	nasal_top15
Streptococcus	CF12	38	38	1	11.0263157894737	11.0263157894737	21	17	38	16	Shared	35	FALSE	3	TRUE	TRUE	FALSE	TRUE	nasal_top15	37.6052631578947	module1	Nutrient acquisition and substrate utilization	Nutrient/substrate use	28	nasal_top15
Streptococcus	CF8	38	38	1	1.47368421052632	1.47368421052632	21	17	38	16	Shared	35	FALSE	3	TRUE	TRUE	FALSE	TRUE	nasal_top15	37.6052631578947	module1	Nutrient acquisition and substrate utilization	Nutrient/substrate use	28	nasal_top15
Streptococcus	CF1	38	37	0.973684210526316	0.973684210526316	1	21	17	38	16	Shared	35	FALSE	3	TRUE	TRUE	FALSE	TRUE	nasal_top15	37.6052631578947	module2	Nucleotide metabolism and genome maintenance	Nucleotide/genome maintenance	28	nasal_top15
Streptococcus	CF3	38	37	0.973684210526316	1.15789473684211	1.18918918918919	21	17	38	16	Shared	35	FALSE	3	TRUE	TRUE	FALSE	TRUE	nasal_top15	37.6052631578947	module3	Nutrient acquisition and substrate utilization	Nutrient/substrate use	28	nasal_top15
Streptococcus	CF4	38	20	0.526315789473684	0.657894736842105	1.25	21	17	38	16	Shared	35	FALSE	3	TRUE	TRUE	FALSE	TRUE	nasal_top15	37.6052631578947	module4	Stress adaptation and envelope homeostasis	Stress/envelope homeostasis	28	nasal_top15
Streptococcus	CF7	38	0	0	0	0	21	17	38	16	Shared	35	FALSE	3	TRUE	TRUE	FALSE	TRUE	nasal_top15	37.6052631578947	module4	Stress adaptation and envelope homeostasis	Stress/envelope homeostasis	28	nasal_top15
Streptococcus	CF2_10	38	32	0.842105263157895	0.842105263157895	1	21	17	38	16	Shared	35	FALSE	3	TRUE	TRUE	FALSE	TRUE	nasal_top15	37.6052631578947	module5	Nutrient acquisition and substrate utilization	Nutrient/substrate use	28	nasal_top15
Streptococcus	CF2_4	38	38	1	1.13157894736842	1.13157894736842	21	17	38	16	Shared	35	FALSE	3	TRUE	TRUE	FALSE	TRUE	nasal_top15	37.6052631578947	module5	Nutrient acquisition and substrate utilization	Nutrient/substrate use	28	nasal_top15
Streptococcus	CF6	38	37	0.973684210526316	0.973684210526316	1	21	17	38	16	Shared	35	FALSE	3	TRUE	TRUE	FALSE	TRUE	nasal_top15	37.6052631578947	module5	Nutrient acquisition and substrate utilization	Nutrient/substrate use	28	nasal_top15
Streptococcus	CF5	38	37	0.973684210526316	0.973684210526316	1	21	17	38	16	Shared	35	FALSE	3	TRUE	TRUE	FALSE	TRUE	nasal_top15	37.6052631578947	module6	Nucleotide metabolism and genome maintenance	Nucleotide/genome maintenance	28	nasal_top15
Streptococcus	CF9_12	38	1	0.0263157894736842	0.0263157894736842	1	21	17	38	16	Shared	35	FALSE	3	TRUE	TRUE	FALSE	TRUE	nasal_top15	37.6052631578947	module7	Poorly characterized candidate modules	Poorly characterized	28	nasal_top15
Streptococcus	CF9_9	38	35	0.921052631578947	0.921052631578947	1	21	17	38	16	Shared	35	FALSE	3	TRUE	TRUE	FALSE	TRUE	nasal_top15	37.6052631578947	module7	Poorly characterized candidate modules	Poorly characterized	28	nasal_top15
Streptococcus	CF10	38	37	0.973684210526316	1.15789473684211	1.18918918918919	21	17	38	16	Shared	35	FALSE	3	TRUE	TRUE	FALSE	TRUE	nasal_top15	37.6052631578947	module8	Nucleotide metabolism and genome maintenance	Nucleotide/genome maintenance	28	nasal_top15
Streptococcus	CF22	38	5	0.131578947368421	0.157894736842105	1.2	21	17	38	16	Shared	35	FALSE	3	TRUE	TRUE	FALSE	TRUE	nasal_top15	37.6052631578947	module8	Nucleotide metabolism and genome maintenance	Nucleotide/genome maintenance	28	nasal_top15
Streptococcus	CF25	38	38	1	1.05263157894737	1.05263157894737	21	17	38	16	Shared	35	FALSE	3	TRUE	TRUE	FALSE	TRUE	nasal_top15	37.6052631578947	module8	Nucleotide metabolism and genome maintenance	Nucleotide/genome maintenance	28	nasal_top15
Streptococcus	CF11	38	36	0.947368421052632	1	1.05555555555556	21	17	38	16	Shared	35	FALSE	3	TRUE	TRUE	FALSE	TRUE	nasal_top15	37.6052631578947	module9	Nutrient acquisition and substrate utilization	Nutrient/substrate use	28	nasal_top15
Streptococcus	CF19	38	30	0.789473684210526	1.07894736842105	1.36666666666667	21	17	38	16	Shared	35	FALSE	3	TRUE	TRUE	FALSE	TRUE	nasal_top15	37.6052631578947	module9	Nutrient acquisition and substrate utilization	Nutrient/substrate use	28	nasal_top15
Streptococcus	CF13	38	38	1	3.76315789473684	3.76315789473684	21	17	38	16	Shared	35	FALSE	3	TRUE	TRUE	FALSE	TRUE	nasal_top15	37.6052631578947	module10	Translation and RNA-centered regulation	Translation/RNA regulation	28	nasal_top15
Streptococcus	CF14	38	37	0.973684210526316	1	1.02702702702703	21	17	38	16	Shared	35	FALSE	3	TRUE	TRUE	FALSE	TRUE	nasal_top15	37.6052631578947	module10	Translation and RNA-centered regulation	Translation/RNA regulation	28	nasal_top15
Streptococcus	CF24	38	36	0.947368421052632	0.947368421052632	1	21	17	38	16	Shared	35	FALSE	3	TRUE	TRUE	FALSE	TRUE	nasal_top15	37.6052631578947	module10	Translation and RNA-centered regulation	Translation/RNA regulation	28	nasal_top15
Streptococcus	CF15_17	38	38	1	1.02631578947368	1.02631578947368	21	17	38	16	Shared	35	FALSE	3	TRUE	TRUE	FALSE	TRUE	nasal_top15	37.6052631578947	module11	Translation and RNA-centered regulation	Translation/RNA regulation	28	nasal_top15
Streptococcus	CF15_19	38	0	0	0	0	21	17	38	16	Shared	35	FALSE	3	TRUE	TRUE	FALSE	TRUE	nasal_top15	37.6052631578947	module11	Translation and RNA-centered regulation	Translation/RNA regulation	28	nasal_top15
Streptococcus	CF16	38	37	0.973684210526316	0.973684210526316	1	21	17	38	16	Shared	35	FALSE	3	TRUE	TRUE	FALSE	TRUE	nasal_top15	37.6052631578947	module12	Translation and RNA-centered regulation	Translation/RNA regulation	28	nasal_top15
Streptococcus	CF17_20	38	4	0.105263157894737	0.105263157894737	1	21	17	38	16	Shared	35	FALSE	3	TRUE	TRUE	FALSE	TRUE	nasal_top15	37.6052631578947	module13	Nutrient acquisition and substrate utilization	Nutrient/substrate use	28	nasal_top15
Streptococcus	CF17_23	38	32	0.842105263157895	0.842105263157895	1	21	17	38	16	Shared	35	FALSE	3	TRUE	TRUE	FALSE	TRUE	nasal_top15	37.6052631578947	module13	Nutrient acquisition and substrate utilization	Nutrient/substrate use	28	nasal_top15
Streptococcus	CF18	38	18	0.473684210526316	0.526315789473684	1.11111111111111	21	17	38	16	Shared	35	FALSE	3	TRUE	TRUE	FALSE	TRUE	nasal_top15	37.6052631578947	module14	Stress adaptation and envelope homeostasis	Stress/envelope homeostasis	28	nasal_top15
Streptococcus	CF20	38	37	0.973684210526316	0.973684210526316	1	21	17	38	16	Shared	35	FALSE	3	TRUE	TRUE	FALSE	TRUE	nasal_top15	37.6052631578947	module15	Translation and RNA-centered regulation	Translation/RNA regulation	28	nasal_top15
Streptococcus	CF21	38	10	0.263157894736842	0.263157894736842	1	21	17	38	16	Shared	35	FALSE	3	TRUE	TRUE	FALSE	TRUE	nasal_top15	37.6052631578947	module16	Poorly characterized candidate modules	Poorly characterized	28	nasal_top15
Streptococcus	CF23	38	7	0.184210526315789	0.184210526315789	1	21	17	38	16	Shared	35	FALSE	3	TRUE	TRUE	FALSE	TRUE	nasal_top15	37.6052631578947	module17	Poorly characterized candidate modules	Poorly characterized	28	nasal_top15
Streptococcus	CF26	38	37	0.973684210526316	0.973684210526316	1	21	17	38	16	Shared	35	FALSE	3	TRUE	TRUE	FALSE	TRUE	nasal_top15	37.6052631578947	module18	Intercellular communication signal	Communication signal	28	nasal_top15
Serratia	CF0	33	33	1	4.21212121212121	4.21212121212121	21	12	33	8	Shared	36	FALSE	8	TRUE	TRUE	FALSE	TRUE	nasal_top15	71.3636363636364	module1	Nutrient acquisition and substrate utilization	Nutrient/substrate use	28	nasal_top15
Serratia	CF12	33	33	1	18.7272727272727	18.7272727272727	21	12	33	8	Shared	36	FALSE	8	TRUE	TRUE	FALSE	TRUE	nasal_top15	71.3636363636364	module1	Nutrient acquisition and substrate utilization	Nutrient/substrate use	28	nasal_top15
Serratia	CF8	33	33	1	4.12121212121212	4.12121212121212	21	12	33	8	Shared	36	FALSE	8	TRUE	TRUE	FALSE	TRUE	nasal_top15	71.3636363636364	module1	Nutrient acquisition and substrate utilization	Nutrient/substrate use	28	nasal_top15
Serratia	CF1	33	32	0.96969696969697	0.96969696969697	1	21	12	33	8	Shared	36	FALSE	8	TRUE	TRUE	FALSE	TRUE	nasal_top15	71.3636363636364	module2	Nucleotide metabolism and genome maintenance	Nucleotide/genome maintenance	28	nasal_top15
Serratia	CF3	33	32	0.96969696969697	1.78787878787879	1.84375	21	12	33	8	Shared	36	FALSE	8	TRUE	TRUE	FALSE	TRUE	nasal_top15	71.3636363636364	module3	Nutrient acquisition and substrate utilization	Nutrient/substrate use	28	nasal_top15
Serratia	CF4	33	33	1	2.6969696969697	2.6969696969697	21	12	33	8	Shared	36	FALSE	8	TRUE	TRUE	FALSE	TRUE	nasal_top15	71.3636363636364	module4	Stress adaptation and envelope homeostasis	Stress/envelope homeostasis	28	nasal_top15
Serratia	CF7	33	33	1	1.06060606060606	1.06060606060606	21	12	33	8	Shared	36	FALSE	8	TRUE	TRUE	FALSE	TRUE	nasal_top15	71.3636363636364	module4	Stress adaptation and envelope homeostasis	Stress/envelope homeostasis	28	nasal_top15
Serratia	CF2_10	33	33	1	1.21212121212121	1.21212121212121	21	12	33	8	Shared	36	FALSE	8	TRUE	TRUE	FALSE	TRUE	nasal_top15	71.3636363636364	module5	Nutrient acquisition and substrate utilization	Nutrient/substrate use	28	nasal_top15
Serratia	CF2_4	33	33	1	1.24242424242424	1.24242424242424	21	12	33	8	Shared	36	FALSE	8	TRUE	TRUE	FALSE	TRUE	nasal_top15	71.3636363636364	module5	Nutrient acquisition and substrate utilization	Nutrient/substrate use	28	nasal_top15
Serratia	CF6	33	33	1	2.21212121212121	2.21212121212121	21	12	33	8	Shared	36	FALSE	8	TRUE	TRUE	FALSE	TRUE	nasal_top15	71.3636363636364	module5	Nutrient acquisition and substrate utilization	Nutrient/substrate use	28	nasal_top15
Serratia	CF5	33	33	1	1	1	21	12	33	8	Shared	36	FALSE	8	TRUE	TRUE	FALSE	TRUE	nasal_top15	71.3636363636364	module6	Nucleotide metabolism and genome maintenance	Nucleotide/genome maintenance	28	nasal_top15
Serratia	CF9_12	33	0	0	0	0	21	12	33	8	Shared	36	FALSE	8	TRUE	TRUE	FALSE	TRUE	nasal_top15	71.3636363636364	module7	Poorly characterized candidate modules	Poorly characterized	28	nasal_top15
Serratia	CF9_9	33	33	1	1	1	21	12	33	8	Shared	36	FALSE	8	TRUE	TRUE	FALSE	TRUE	nasal_top15	71.3636363636364	module7	Poorly characterized candidate modules	Poorly characterized	28	nasal_top15
Serratia	CF10	33	33	1	2	2	21	12	33	8	Shared	36	FALSE	8	TRUE	TRUE	FALSE	TRUE	nasal_top15	71.3636363636364	module8	Nucleotide metabolism and genome maintenance	Nucleotide/genome maintenance	28	nasal_top15
Serratia	CF22	33	33	1	1.90909090909091	1.90909090909091	21	12	33	8	Shared	36	FALSE	8	TRUE	TRUE	FALSE	TRUE	nasal_top15	71.3636363636364	module8	Nucleotide metabolism and genome maintenance	Nucleotide/genome maintenance	28	nasal_top15
Serratia	CF25	33	3	0.0909090909090909	0.0909090909090909	1	21	12	33	8	Shared	36	FALSE	8	TRUE	TRUE	FALSE	TRUE	nasal_top15	71.3636363636364	module8	Nucleotide metabolism and genome maintenance	Nucleotide/genome maintenance	28	nasal_top15
Serratia	CF11	33	33	1	1.03030303030303	1.03030303030303	21	12	33	8	Shared	36	FALSE	8	TRUE	TRUE	FALSE	TRUE	nasal_top15	71.3636363636364	module9	Nutrient acquisition and substrate utilization	Nutrient/substrate use	28	nasal_top15
Serratia	CF19	33	33	1	10.3636363636364	10.3636363636364	21	12	33	8	Shared	36	FALSE	8	TRUE	TRUE	FALSE	TRUE	nasal_top15	71.3636363636364	module9	Nutrient acquisition and substrate utilization	Nutrient/substrate use	28	nasal_top15
Serratia	CF13	33	33	1	4.03030303030303	4.03030303030303	21	12	33	8	Shared	36	FALSE	8	TRUE	TRUE	FALSE	TRUE	nasal_top15	71.3636363636364	module10	Translation and RNA-centered regulation	Translation/RNA regulation	28	nasal_top15
Serratia	CF14	33	33	1	1	1	21	12	33	8	Shared	36	FALSE	8	TRUE	TRUE	FALSE	TRUE	nasal_top15	71.3636363636364	module10	Translation and RNA-centered regulation	Translation/RNA regulation	28	nasal_top15
Serratia	CF24	33	32	0.96969696969697	1	1.03125	21	12	33	8	Shared	36	FALSE	8	TRUE	TRUE	FALSE	TRUE	nasal_top15	71.3636363636364	module10	Translation and RNA-centered regulation	Translation/RNA regulation	28	nasal_top15
Serratia	CF15_17	33	0	0	0	0	21	12	33	8	Shared	36	FALSE	8	TRUE	TRUE	FALSE	TRUE	nasal_top15	71.3636363636364	module11	Translation and RNA-centered regulation	Translation/RNA regulation	28	nasal_top15
Serratia	CF15_19	33	32	0.96969696969697	0.96969696969697	1	21	12	33	8	Shared	36	FALSE	8	TRUE	TRUE	FALSE	TRUE	nasal_top15	71.3636363636364	module11	Translation and RNA-centered regulation	Translation/RNA regulation	28	nasal_top15
Serratia	CF16	33	33	1	1	1	21	12	33	8	Shared	36	FALSE	8	TRUE	TRUE	FALSE	TRUE	nasal_top15	71.3636363636364	module12	Translation and RNA-centered regulation	Translation/RNA regulation	28	nasal_top15
Serratia	CF17_20	33	33	1	1.90909090909091	1.90909090909091	21	12	33	8	Shared	36	FALSE	8	TRUE	TRUE	FALSE	TRUE	nasal_top15	71.3636363636364	module13	Nutrient acquisition and substrate utilization	Nutrient/substrate use	28	nasal_top15
Serratia	CF17_23	33	0	0	0	0	21	12	33	8	Shared	36	FALSE	8	TRUE	TRUE	FALSE	TRUE	nasal_top15	71.3636363636364	module13	Nutrient acquisition and substrate utilization	Nutrient/substrate use	28	nasal_top15
Serratia	CF18	33	28	0.848484848484849	0.848484848484849	1	21	12	33	8	Shared	36	FALSE	8	TRUE	TRUE	FALSE	TRUE	nasal_top15	71.3636363636364	module14	Stress adaptation and envelope homeostasis	Stress/envelope homeostasis	28	nasal_top15
Serratia	CF20	33	32	0.96969696969697	0.96969696969697	1	21	12	33	8	Shared	36	FALSE	8	TRUE	TRUE	FALSE	TRUE	nasal_top15	71.3636363636364	module15	Translation and RNA-centered regulation	Translation/RNA regulation	28	nasal_top15
Serratia	CF21	33	33	1	1	1	21	12	33	8	Shared	36	FALSE	8	TRUE	TRUE	FALSE	TRUE	nasal_top15	71.3636363636364	module16	Poorly characterized candidate modules	Poorly characterized	28	nasal_top15
Serratia	CF23	33	33	1	2	2	21	12	33	8	Shared	36	FALSE	8	TRUE	TRUE	FALSE	TRUE	nasal_top15	71.3636363636364	module17	Poorly characterized candidate modules	Poorly characterized	28	nasal_top15
Serratia	CF26	33	33	1	1	1	21	12	33	8	Shared	36	FALSE	8	TRUE	TRUE	FALSE	TRUE	nasal_top15	71.3636363636364	module18	Intercellular communication signal	Communication signal	28	nasal_top15
Moraxella	CF0	25	25	1	1.4	1.4	13	12	25	3	Shared	59	FALSE	9	TRUE	TRUE	FALSE	TRUE	nasal_top15	24.68	module1	Nutrient acquisition and substrate utilization	Nutrient/substrate use	23	nasal_top15
Moraxella	CF12	25	25	1	2.72	2.72	13	12	25	3	Shared	59	FALSE	9	TRUE	TRUE	FALSE	TRUE	nasal_top15	24.68	module1	Nutrient acquisition and substrate utilization	Nutrient/substrate use	23	nasal_top15
Moraxella	CF8	25	25	1	1	1	13	12	25	3	Shared	59	FALSE	9	TRUE	TRUE	FALSE	TRUE	nasal_top15	24.68	module1	Nutrient acquisition and substrate utilization	Nutrient/substrate use	23	nasal_top15
Moraxella	CF1	25	25	1	1	1	13	12	25	3	Shared	59	FALSE	9	TRUE	TRUE	FALSE	TRUE	nasal_top15	24.68	module2	Nucleotide metabolism and genome maintenance	Nucleotide/genome maintenance	23	nasal_top15
Moraxella	CF3	25	9	0.36	0.36	1	13	12	25	3	Shared	59	FALSE	9	TRUE	TRUE	FALSE	TRUE	nasal_top15	24.68	module3	Nutrient acquisition and substrate utilization	Nutrient/substrate use	23	nasal_top15
Moraxella	CF4	25	20	0.8	0.8	1	13	12	25	3	Shared	59	FALSE	9	TRUE	TRUE	FALSE	TRUE	nasal_top15	24.68	module4	Stress adaptation and envelope homeostasis	Stress/envelope homeostasis	23	nasal_top15
Moraxella	CF7	25	20	0.8	0.8	1	13	12	25	3	Shared	59	FALSE	9	TRUE	TRUE	FALSE	TRUE	nasal_top15	24.68	module4	Stress adaptation and envelope homeostasis	Stress/envelope homeostasis	23	nasal_top15
Moraxella	CF2_10	25	0	0	0	0	13	12	25	3	Shared	59	FALSE	9	TRUE	TRUE	FALSE	TRUE	nasal_top15	24.68	module5	Nutrient acquisition and substrate utilization	Nutrient/substrate use	23	nasal_top15
Moraxella	CF2_4	25	25	1	1	1	13	12	25	3	Shared	59	FALSE	9	TRUE	TRUE	FALSE	TRUE	nasal_top15	24.68	module5	Nutrient acquisition and substrate utilization	Nutrient/substrate use	23	nasal_top15
Moraxella	CF6	25	24	0.96	0.96	1	13	12	25	3	Shared	59	FALSE	9	TRUE	TRUE	FALSE	TRUE	nasal_top15	24.68	module5	Nutrient acquisition and substrate utilization	Nutrient/substrate use	23	nasal_top15
Moraxella	CF5	25	24	0.96	0.96	1	13	12	25	3	Shared	59	FALSE	9	TRUE	TRUE	FALSE	TRUE	nasal_top15	24.68	module6	Nucleotide metabolism and genome maintenance	Nucleotide/genome maintenance	23	nasal_top15
Moraxella	CF9_12	25	0	0	0	0	13	12	25	3	Shared	59	FALSE	9	TRUE	TRUE	FALSE	TRUE	nasal_top15	24.68	module7	Poorly characterized candidate modules	Poorly characterized	23	nasal_top15
Moraxella	CF9_9	25	25	1	1	1	13	12	25	3	Shared	59	FALSE	9	TRUE	TRUE	FALSE	TRUE	nasal_top15	24.68	module7	Poorly characterized candidate modules	Poorly characterized	23	nasal_top15
Moraxella	CF10	25	22	0.88	0.88	1	13	12	25	3	Shared	59	FALSE	9	TRUE	TRUE	FALSE	TRUE	nasal_top15	24.68	module8	Nucleotide metabolism and genome maintenance	Nucleotide/genome maintenance	23	nasal_top15
Moraxella	CF22	25	22	0.88	0.88	1	13	12	25	3	Shared	59	FALSE	9	TRUE	TRUE	FALSE	TRUE	nasal_top15	24.68	module8	Nucleotide metabolism and genome maintenance	Nucleotide/genome maintenance	23	nasal_top15
Moraxella	CF25	25	0	0	0	0	13	12	25	3	Shared	59	FALSE	9	TRUE	TRUE	FALSE	TRUE	nasal_top15	24.68	module8	Nucleotide metabolism and genome maintenance	Nucleotide/genome maintenance	23	nasal_top15
Moraxella	CF11	25	5	0.2	0.2	1	13	12	25	3	Shared	59	FALSE	9	TRUE	TRUE	FALSE	TRUE	nasal_top15	24.68	module9	Nutrient acquisition and substrate utilization	Nutrient/substrate use	23	nasal_top15
Moraxella	CF19	25	0	0	0	0	13	12	25	3	Shared	59	FALSE	9	TRUE	TRUE	FALSE	TRUE	nasal_top15	24.68	module9	Nutrient acquisition and substrate utilization	Nutrient/substrate use	23	nasal_top15
Moraxella	CF13	25	25	1	3	3	13	12	25	3	Shared	59	FALSE	9	TRUE	TRUE	FALSE	TRUE	nasal_top15	24.68	module10	Translation and RNA-centered regulation	Translation/RNA regulation	23	nasal_top15
Moraxella	CF14	25	24	0.96	0.96	1	13	12	25	3	Shared	59	FALSE	9	TRUE	TRUE	FALSE	TRUE	nasal_top15	24.68	module10	Translation and RNA-centered regulation	Translation/RNA regulation	23	nasal_top15
Moraxella	CF24	25	25	1	1	1	13	12	25	3	Shared	59	FALSE	9	TRUE	TRUE	FALSE	TRUE	nasal_top15	24.68	module10	Translation and RNA-centered regulation	Translation/RNA regulation	23	nasal_top15
Moraxella	CF15_17	25	0	0	0	0	13	12	25	3	Shared	59	FALSE	9	TRUE	TRUE	FALSE	TRUE	nasal_top15	24.68	module11	Translation and RNA-centered regulation	Translation/RNA regulation	23	nasal_top15
Moraxella	CF15_19	25	25	1	1	1	13	12	25	3	Shared	59	FALSE	9	TRUE	TRUE	FALSE	TRUE	nasal_top15	24.68	module11	Translation and RNA-centered regulation	Translation/RNA regulation	23	nasal_top15
Moraxella	CF16	25	24	0.96	0.96	1	13	12	25	3	Shared	59	FALSE	9	TRUE	TRUE	FALSE	TRUE	nasal_top15	24.68	module12	Translation and RNA-centered regulation	Translation/RNA regulation	23	nasal_top15
Moraxella	CF17_20	25	20	0.8	0.8	1	13	12	25	3	Shared	59	FALSE	9	TRUE	TRUE	FALSE	TRUE	nasal_top15	24.68	module13	Nutrient acquisition and substrate utilization	Nutrient/substrate use	23	nasal_top15
Moraxella	CF17_23	25	0	0	0	0	13	12	25	3	Shared	59	FALSE	9	TRUE	TRUE	FALSE	TRUE	nasal_top15	24.68	module13	Nutrient acquisition and substrate utilization	Nutrient/substrate use	23	nasal_top15
Moraxella	CF18	25	0	0	0	0	13	12	25	3	Shared	59	FALSE	9	TRUE	TRUE	FALSE	TRUE	nasal_top15	24.68	module14	Stress adaptation and envelope homeostasis	Stress/envelope homeostasis	23	nasal_top15
Moraxella	CF20	25	25	1	1	1	13	12	25	3	Shared	59	FALSE	9	TRUE	TRUE	FALSE	TRUE	nasal_top15	24.68	module15	Translation and RNA-centered regulation	Translation/RNA regulation	23	nasal_top15
Moraxella	CF21	25	25	1	1	1	13	12	25	3	Shared	59	FALSE	9	TRUE	TRUE	FALSE	TRUE	nasal_top15	24.68	module16	Poorly characterized candidate modules	Poorly characterized	23	nasal_top15
Moraxella	CF23	25	25	1	1	1	13	12	25	3	Shared	59	FALSE	9	TRUE	TRUE	FALSE	TRUE	nasal_top15	24.68	module17	Poorly characterized candidate modules	Poorly characterized	23	nasal_top15
Moraxella	CF26	25	0	0	0	0	13	12	25	3	Shared	59	FALSE	9	TRUE	TRUE	FALSE	TRUE	nasal_top15	24.68	module18	Intercellular communication signal	Communication signal	23	nasal_top15
Finegoldia	CF0	24	24	1	1	1	8	16	24	6	Shared	112	FALSE	4	TRUE	TRUE	FALSE	TRUE	nasal_top15	31.9166666666667	module1	Nutrient acquisition and substrate utilization	Nutrient/substrate use	25	nasal_top15
Finegoldia	CF12	24	24	1	7.625	7.625	8	16	24	6	Shared	112	FALSE	4	TRUE	TRUE	FALSE	TRUE	nasal_top15	31.9166666666667	module1	Nutrient acquisition and substrate utilization	Nutrient/substrate use	25	nasal_top15
Finegoldia	CF8	24	24	1	1	1	8	16	24	6	Shared	112	FALSE	4	TRUE	TRUE	FALSE	TRUE	nasal_top15	31.9166666666667	module1	Nutrient acquisition and substrate utilization	Nutrient/substrate use	25	nasal_top15
Finegoldia	CF1	24	24	1	1	1	8	16	24	6	Shared	112	FALSE	4	TRUE	TRUE	FALSE	TRUE	nasal_top15	31.9166666666667	module2	Nucleotide metabolism and genome maintenance	Nucleotide/genome maintenance	25	nasal_top15
Finegoldia	CF3	24	24	1	2.25	2.25	8	16	24	6	Shared	112	FALSE	4	TRUE	TRUE	FALSE	TRUE	nasal_top15	31.9166666666667	module3	Nutrient acquisition and substrate utilization	Nutrient/substrate use	25	nasal_top15
Finegoldia	CF4	24	24	1	1.04166666666667	1.04166666666667	8	16	24	6	Shared	112	FALSE	4	TRUE	TRUE	FALSE	TRUE	nasal_top15	31.9166666666667	module4	Stress adaptation and envelope homeostasis	Stress/envelope homeostasis	25	nasal_top15
Finegoldia	CF7	24	7	0.291666666666667	0.291666666666667	1	8	16	24	6	Shared	112	FALSE	4	TRUE	TRUE	FALSE	TRUE	nasal_top15	31.9166666666667	module4	Stress adaptation and envelope homeostasis	Stress/envelope homeostasis	25	nasal_top15
Finegoldia	CF2_10	24	24	1	1	1	8	16	24	6	Shared	112	FALSE	4	TRUE	TRUE	FALSE	TRUE	nasal_top15	31.9166666666667	module5	Nutrient acquisition and substrate utilization	Nutrient/substrate use	25	nasal_top15
Finegoldia	CF2_4	24	23	0.958333333333333	0.958333333333333	1	8	16	24	6	Shared	112	FALSE	4	TRUE	TRUE	FALSE	TRUE	nasal_top15	31.9166666666667	module5	Nutrient acquisition and substrate utilization	Nutrient/substrate use	25	nasal_top15
Finegoldia	CF6	24	24	1	1	1	8	16	24	6	Shared	112	FALSE	4	TRUE	TRUE	FALSE	TRUE	nasal_top15	31.9166666666667	module5	Nutrient acquisition and substrate utilization	Nutrient/substrate use	25	nasal_top15
Finegoldia	CF5	24	24	1	1	1	8	16	24	6	Shared	112	FALSE	4	TRUE	TRUE	FALSE	TRUE	nasal_top15	31.9166666666667	module6	Nucleotide metabolism and genome maintenance	Nucleotide/genome maintenance	25	nasal_top15
Finegoldia	CF9_12	24	0	0	0	0	8	16	24	6	Shared	112	FALSE	4	TRUE	TRUE	FALSE	TRUE	nasal_top15	31.9166666666667	module7	Poorly characterized candidate modules	Poorly characterized	25	nasal_top15
Finegoldia	CF9_9	24	24	1	1	1	8	16	24	6	Shared	112	FALSE	4	TRUE	TRUE	FALSE	TRUE	nasal_top15	31.9166666666667	module7	Poorly characterized candidate modules	Poorly characterized	25	nasal_top15
Finegoldia	CF10	24	24	1	1	1	8	16	24	6	Shared	112	FALSE	4	TRUE	TRUE	FALSE	TRUE	nasal_top15	31.9166666666667	module8	Nucleotide metabolism and genome maintenance	Nucleotide/genome maintenance	25	nasal_top15
Finegoldia	CF22	24	1	0.0416666666666667	0.0416666666666667	1	8	16	24	6	Shared	112	FALSE	4	TRUE	TRUE	FALSE	TRUE	nasal_top15	31.9166666666667	module8	Nucleotide metabolism and genome maintenance	Nucleotide/genome maintenance	25	nasal_top15
Finegoldia	CF25	24	23	0.958333333333333	0.958333333333333	1	8	16	24	6	Shared	112	FALSE	4	TRUE	TRUE	FALSE	TRUE	nasal_top15	31.9166666666667	module8	Nucleotide metabolism and genome maintenance	Nucleotide/genome maintenance	25	nasal_top15
Finegoldia	CF11	24	24	1	1	1	8	16	24	6	Shared	112	FALSE	4	TRUE	TRUE	FALSE	TRUE	nasal_top15	31.9166666666667	module9	Nutrient acquisition and substrate utilization	Nutrient/substrate use	25	nasal_top15
Finegoldia	CF19	24	0	0	0	0	8	16	24	6	Shared	112	FALSE	4	TRUE	TRUE	FALSE	TRUE	nasal_top15	31.9166666666667	module9	Nutrient acquisition and substrate utilization	Nutrient/substrate use	25	nasal_top15
Finegoldia	CF13	24	24	1	1	1	8	16	24	6	Shared	112	FALSE	4	TRUE	TRUE	FALSE	TRUE	nasal_top15	31.9166666666667	module10	Translation and RNA-centered regulation	Translation/RNA regulation	25	nasal_top15
Finegoldia	CF14	24	23	0.958333333333333	0.958333333333333	1	8	16	24	6	Shared	112	FALSE	4	TRUE	TRUE	FALSE	TRUE	nasal_top15	31.9166666666667	module10	Translation and RNA-centered regulation	Translation/RNA regulation	25	nasal_top15
Finegoldia	CF24	24	22	0.916666666666667	0.916666666666667	1	8	16	24	6	Shared	112	FALSE	4	TRUE	TRUE	FALSE	TRUE	nasal_top15	31.9166666666667	module10	Translation and RNA-centered regulation	Translation/RNA regulation	25	nasal_top15
Finegoldia	CF15_17	24	24	1	1.04166666666667	1.04166666666667	8	16	24	6	Shared	112	FALSE	4	TRUE	TRUE	FALSE	TRUE	nasal_top15	31.9166666666667	module11	Translation and RNA-centered regulation	Translation/RNA regulation	25	nasal_top15
Finegoldia	CF15_19	24	0	0	0	0	8	16	24	6	Shared	112	FALSE	4	TRUE	TRUE	FALSE	TRUE	nasal_top15	31.9166666666667	module11	Translation and RNA-centered regulation	Translation/RNA regulation	25	nasal_top15
Finegoldia	CF16	24	23	0.958333333333333	0.958333333333333	1	8	16	24	6	Shared	112	FALSE	4	TRUE	TRUE	FALSE	TRUE	nasal_top15	31.9166666666667	module12	Translation and RNA-centered regulation	Translation/RNA regulation	25	nasal_top15
Finegoldia	CF17_20	24	0	0	0	0	8	16	24	6	Shared	112	FALSE	4	TRUE	TRUE	FALSE	TRUE	nasal_top15	31.9166666666667	module13	Nutrient acquisition and substrate utilization	Nutrient/substrate use	25	nasal_top15
Finegoldia	CF17_23	24	24	1	1	1	8	16	24	6	Shared	112	FALSE	4	TRUE	TRUE	FALSE	TRUE	nasal_top15	31.9166666666667	module13	Nutrient acquisition and substrate utilization	Nutrient/substrate use	25	nasal_top15
Finegoldia	CF18	24	24	1	1	1	8	16	24	6	Shared	112	FALSE	4	TRUE	TRUE	FALSE	TRUE	nasal_top15	31.9166666666667	module14	Stress adaptation and envelope homeostasis	Stress/envelope homeostasis	25	nasal_top15
Finegoldia	CF20	24	24	1	1	1	8	16	24	6	Shared	112	FALSE	4	TRUE	TRUE	FALSE	TRUE	nasal_top15	31.9166666666667	module15	Translation and RNA-centered regulation	Translation/RNA regulation	25	nasal_top15
Finegoldia	CF21	24	23	0.958333333333333	0.958333333333333	1	8	16	24	6	Shared	112	FALSE	4	TRUE	TRUE	FALSE	TRUE	nasal_top15	31.9166666666667	module16	Poorly characterized candidate modules	Poorly characterized	25	nasal_top15
Finegoldia	CF23	24	0	0	0	0	8	16	24	6	Shared	112	FALSE	4	TRUE	TRUE	FALSE	TRUE	nasal_top15	31.9166666666667	module17	Poorly characterized candidate modules	Poorly characterized	25	nasal_top15
Finegoldia	CF26	24	22	0.916666666666667	0.916666666666667	1	8	16	24	6	Shared	112	FALSE	4	TRUE	TRUE	FALSE	TRUE	nasal_top15	31.9166666666667	module18	Intercellular communication signal	Communication signal	25	nasal_top15
Alloprevotella	CF0	20	0	0	0	0	15	5	20	7	Shared	51	FALSE	14	TRUE	TRUE	FALSE	TRUE	nasal_top15	17.6	module1	Nutrient acquisition and substrate utilization	Nutrient/substrate use	16	nasal_top15
Alloprevotella	CF12	20	5	0.25	0.25	1	15	5	20	7	Shared	51	FALSE	14	TRUE	TRUE	FALSE	TRUE	nasal_top15	17.6	module1	Nutrient acquisition and substrate utilization	Nutrient/substrate use	16	nasal_top15
Alloprevotella	CF8	20	0	0	0	0	15	5	20	7	Shared	51	FALSE	14	TRUE	TRUE	FALSE	TRUE	nasal_top15	17.6	module1	Nutrient acquisition and substrate utilization	Nutrient/substrate use	16	nasal_top15
Alloprevotella	CF1	20	20	1	1	1	15	5	20	7	Shared	51	FALSE	14	TRUE	TRUE	FALSE	TRUE	nasal_top15	17.6	module2	Nucleotide metabolism and genome maintenance	Nucleotide/genome maintenance	16	nasal_top15
Alloprevotella	CF3	20	0	0	0	0	15	5	20	7	Shared	51	FALSE	14	TRUE	TRUE	FALSE	TRUE	nasal_top15	17.6	module3	Nutrient acquisition and substrate utilization	Nutrient/substrate use	16	nasal_top15
Alloprevotella	CF4	20	0	0	0	0	15	5	20	7	Shared	51	FALSE	14	TRUE	TRUE	FALSE	TRUE	nasal_top15	17.6	module4	Stress adaptation and envelope homeostasis	Stress/envelope homeostasis	16	nasal_top15
Alloprevotella	CF7	20	0	0	0	0	15	5	20	7	Shared	51	FALSE	14	TRUE	TRUE	FALSE	TRUE	nasal_top15	17.6	module4	Stress adaptation and envelope homeostasis	Stress/envelope homeostasis	16	nasal_top15
Alloprevotella	CF2_10	20	0	0	0	0	15	5	20	7	Shared	51	FALSE	14	TRUE	TRUE	FALSE	TRUE	nasal_top15	17.6	module5	Nutrient acquisition and substrate utilization	Nutrient/substrate use	16	nasal_top15
Alloprevotella	CF2_4	20	18	0.9	0.9	1	15	5	20	7	Shared	51	FALSE	14	TRUE	TRUE	FALSE	TRUE	nasal_top15	17.6	module5	Nutrient acquisition and substrate utilization	Nutrient/substrate use	16	nasal_top15
Alloprevotella	CF6	20	18	0.9	0.9	1	15	5	20	7	Shared	51	FALSE	14	TRUE	TRUE	FALSE	TRUE	nasal_top15	17.6	module5	Nutrient acquisition and substrate utilization	Nutrient/substrate use	16	nasal_top15
Alloprevotella	CF5	20	20	1	1	1	15	5	20	7	Shared	51	FALSE	14	TRUE	TRUE	FALSE	TRUE	nasal_top15	17.6	module6	Nucleotide metabolism and genome maintenance	Nucleotide/genome maintenance	16	nasal_top15
Alloprevotella	CF9_12	20	0	0	0	0	15	5	20	7	Shared	51	FALSE	14	TRUE	TRUE	FALSE	TRUE	nasal_top15	17.6	module7	Poorly characterized candidate modules	Poorly characterized	16	nasal_top15
Alloprevotella	CF9_9	20	19	0.95	0.95	1	15	5	20	7	Shared	51	FALSE	14	TRUE	TRUE	FALSE	TRUE	nasal_top15	17.6	module7	Poorly characterized candidate modules	Poorly characterized	16	nasal_top15
Alloprevotella	CF10	20	2	0.1	0.1	1	15	5	20	7	Shared	51	FALSE	14	TRUE	TRUE	FALSE	TRUE	nasal_top15	17.6	module8	Nucleotide metabolism and genome maintenance	Nucleotide/genome maintenance	16	nasal_top15
Alloprevotella	CF22	20	18	0.9	0.9	1	15	5	20	7	Shared	51	FALSE	14	TRUE	TRUE	FALSE	TRUE	nasal_top15	17.6	module8	Nucleotide metabolism and genome maintenance	Nucleotide/genome maintenance	16	nasal_top15
Alloprevotella	CF25	20	0	0	0	0	15	5	20	7	Shared	51	FALSE	14	TRUE	TRUE	FALSE	TRUE	nasal_top15	17.6	module8	Nucleotide metabolism and genome maintenance	Nucleotide/genome maintenance	16	nasal_top15
Alloprevotella	CF11	20	0	0	0	0	15	5	20	7	Shared	51	FALSE	14	TRUE	TRUE	FALSE	TRUE	nasal_top15	17.6	module9	Nutrient acquisition and substrate utilization	Nutrient/substrate use	16	nasal_top15
Alloprevotella	CF19	20	0	0	0	0	15	5	20	7	Shared	51	FALSE	14	TRUE	TRUE	FALSE	TRUE	nasal_top15	17.6	module9	Nutrient acquisition and substrate utilization	Nutrient/substrate use	16	nasal_top15
Alloprevotella	CF13	20	20	1	4.6	4.6	15	5	20	7	Shared	51	FALSE	14	TRUE	TRUE	FALSE	TRUE	nasal_top15	17.6	module10	Translation and RNA-centered regulation	Translation/RNA regulation	16	nasal_top15
Alloprevotella	CF14	20	20	1	1	1	15	5	20	7	Shared	51	FALSE	14	TRUE	TRUE	FALSE	TRUE	nasal_top15	17.6	module10	Translation and RNA-centered regulation	Translation/RNA regulation	16	nasal_top15
Alloprevotella	CF24	20	20	1	1	1	15	5	20	7	Shared	51	FALSE	14	TRUE	TRUE	FALSE	TRUE	nasal_top15	17.6	module10	Translation and RNA-centered regulation	Translation/RNA regulation	16	nasal_top15
Alloprevotella	CF15_17	20	0	0	0	0	15	5	20	7	Shared	51	FALSE	14	TRUE	TRUE	FALSE	TRUE	nasal_top15	17.6	module11	Translation and RNA-centered regulation	Translation/RNA regulation	16	nasal_top15
Alloprevotella	CF15_19	20	0	0	0	0	15	5	20	7	Shared	51	FALSE	14	TRUE	TRUE	FALSE	TRUE	nasal_top15	17.6	module11	Translation and RNA-centered regulation	Translation/RNA regulation	16	nasal_top15
Alloprevotella	CF16	20	0	0	0	0	15	5	20	7	Shared	51	FALSE	14	TRUE	TRUE	FALSE	TRUE	nasal_top15	17.6	module12	Translation and RNA-centered regulation	Translation/RNA regulation	16	nasal_top15
Alloprevotella	CF17_20	20	20	1	1	1	15	5	20	7	Shared	51	FALSE	14	TRUE	TRUE	FALSE	TRUE	nasal_top15	17.6	module13	Nutrient acquisition and substrate utilization	Nutrient/substrate use	16	nasal_top15
Alloprevotella	CF17_23	20	0	0	0	0	15	5	20	7	Shared	51	FALSE	14	TRUE	TRUE	FALSE	TRUE	nasal_top15	17.6	module13	Nutrient acquisition and substrate utilization	Nutrient/substrate use	16	nasal_top15
Alloprevotella	CF18	20	20	1	1.05	1.05	15	5	20	7	Shared	51	FALSE	14	TRUE	TRUE	FALSE	TRUE	nasal_top15	17.6	module14	Stress adaptation and envelope homeostasis	Stress/envelope homeostasis	16	nasal_top15
Alloprevotella	CF20	20	19	0.95	0.95	1	15	5	20	7	Shared	51	FALSE	14	TRUE	TRUE	FALSE	TRUE	nasal_top15	17.6	module15	Translation and RNA-centered regulation	Translation/RNA regulation	16	nasal_top15
Alloprevotella	CF21	20	0	0	0	0	15	5	20	7	Shared	51	FALSE	14	TRUE	TRUE	FALSE	TRUE	nasal_top15	17.6	module16	Poorly characterized candidate modules	Poorly characterized	16	nasal_top15
Alloprevotella	CF23	20	20	1	1	1	15	5	20	7	Shared	51	FALSE	14	TRUE	TRUE	FALSE	TRUE	nasal_top15	17.6	module17	Poorly characterized candidate modules	Poorly characterized	16	nasal_top15
Alloprevotella	CF26	20	20	1	1	1	15	5	20	7	Shared	51	FALSE	14	TRUE	TRUE	FALSE	TRUE	nasal_top15	17.6	module18	Intercellular communication signal	Communication signal	16	nasal_top15
Campylobacter_B	CF0	20	20	1	1.05	1.05	5	15	20	5	Shared	153	FALSE	6	TRUE	TRUE	FALSE	TRUE	nasal_top15	21.05	module1	Nutrient acquisition and substrate utilization	Nutrient/substrate use	20	nasal_top15
Campylobacter_B	CF12	20	20	1	3	3	5	15	20	5	Shared	153	FALSE	6	TRUE	TRUE	FALSE	TRUE	nasal_top15	21.05	module1	Nutrient acquisition and substrate utilization	Nutrient/substrate use	20	nasal_top15
Campylobacter_B	CF8	20	19	0.95	0.95	1	5	15	20	5	Shared	153	FALSE	6	TRUE	TRUE	FALSE	TRUE	nasal_top15	21.05	module1	Nutrient acquisition and substrate utilization	Nutrient/substrate use	20	nasal_top15
Campylobacter_B	CF1	20	19	0.95	0.95	1	5	15	20	5	Shared	153	FALSE	6	TRUE	TRUE	FALSE	TRUE	nasal_top15	21.05	module2	Nucleotide metabolism and genome maintenance	Nucleotide/genome maintenance	20	nasal_top15
Campylobacter_B	CF3	20	20	1	1	1	5	15	20	5	Shared	153	FALSE	6	TRUE	TRUE	FALSE	TRUE	nasal_top15	21.05	module3	Nutrient acquisition and substrate utilization	Nutrient/substrate use	20	nasal_top15
Campylobacter_B	CF4	20	0	0	0	0	5	15	20	5	Shared	153	FALSE	6	TRUE	TRUE	FALSE	TRUE	nasal_top15	21.05	module4	Stress adaptation and envelope homeostasis	Stress/envelope homeostasis	20	nasal_top15
Campylobacter_B	CF7	20	4	0.2	0.2	1	5	15	20	5	Shared	153	FALSE	6	TRUE	TRUE	FALSE	TRUE	nasal_top15	21.05	module4	Stress adaptation and envelope homeostasis	Stress/envelope homeostasis	20	nasal_top15
Campylobacter_B	CF2_10	20	0	0	0	0	5	15	20	5	Shared	153	FALSE	6	TRUE	TRUE	FALSE	TRUE	nasal_top15	21.05	module5	Nutrient acquisition and substrate utilization	Nutrient/substrate use	20	nasal_top15
Campylobacter_B	CF2_4	20	17	0.85	0.85	1	5	15	20	5	Shared	153	FALSE	6	TRUE	TRUE	FALSE	TRUE	nasal_top15	21.05	module5	Nutrient acquisition and substrate utilization	Nutrient/substrate use	20	nasal_top15
Campylobacter_B	CF6	20	17	0.85	0.85	1	5	15	20	5	Shared	153	FALSE	6	TRUE	TRUE	FALSE	TRUE	nasal_top15	21.05	module5	Nutrient acquisition and substrate utilization	Nutrient/substrate use	20	nasal_top15
Campylobacter_B	CF5	20	17	0.85	0.85	1	5	15	20	5	Shared	153	FALSE	6	TRUE	TRUE	FALSE	TRUE	nasal_top15	21.05	module6	Nucleotide metabolism and genome maintenance	Nucleotide/genome maintenance	20	nasal_top15
Campylobacter_B	CF9_12	20	0	0	0	0	5	15	20	5	Shared	153	FALSE	6	TRUE	TRUE	FALSE	TRUE	nasal_top15	21.05	module7	Poorly characterized candidate modules	Poorly characterized	20	nasal_top15
Campylobacter_B	CF9_9	20	20	1	1	1	5	15	20	5	Shared	153	FALSE	6	TRUE	TRUE	FALSE	TRUE	nasal_top15	21.05	module7	Poorly characterized candidate modules	Poorly characterized	20	nasal_top15
Campylobacter_B	CF10	20	20	1	1	1	5	15	20	5	Shared	153	FALSE	6	TRUE	TRUE	FALSE	TRUE	nasal_top15	21.05	module8	Nucleotide metabolism and genome maintenance	Nucleotide/genome maintenance	20	nasal_top15
Campylobacter_B	CF22	20	20	1	1	1	5	15	20	5	Shared	153	FALSE	6	TRUE	TRUE	FALSE	TRUE	nasal_top15	21.05	module8	Nucleotide metabolism and genome maintenance	Nucleotide/genome maintenance	20	nasal_top15
Campylobacter_B	CF25	20	0	0	0	0	5	15	20	5	Shared	153	FALSE	6	TRUE	TRUE	FALSE	TRUE	nasal_top15	21.05	module8	Nucleotide metabolism and genome maintenance	Nucleotide/genome maintenance	20	nasal_top15
Campylobacter_B	CF11	20	0	0	0	0	5	15	20	5	Shared	153	FALSE	6	TRUE	TRUE	FALSE	TRUE	nasal_top15	21.05	module9	Nutrient acquisition and substrate utilization	Nutrient/substrate use	20	nasal_top15
Campylobacter_B	CF19	20	0	0	0	0	5	15	20	5	Shared	153	FALSE	6	TRUE	TRUE	FALSE	TRUE	nasal_top15	21.05	module9	Nutrient acquisition and substrate utilization	Nutrient/substrate use	20	nasal_top15
Campylobacter_B	CF13	20	20	1	1.85	1.85	5	15	20	5	Shared	153	FALSE	6	TRUE	TRUE	FALSE	TRUE	nasal_top15	21.05	module10	Translation and RNA-centered regulation	Translation/RNA regulation	20	nasal_top15
Campylobacter_B	CF14	20	20	1	1	1	5	15	20	5	Shared	153	FALSE	6	TRUE	TRUE	FALSE	TRUE	nasal_top15	21.05	module10	Translation and RNA-centered regulation	Translation/RNA regulation	20	nasal_top15
Campylobacter_B	CF24	20	18	0.9	0.9	1	5	15	20	5	Shared	153	FALSE	6	TRUE	TRUE	FALSE	TRUE	nasal_top15	21.05	module10	Translation and RNA-centered regulation	Translation/RNA regulation	20	nasal_top15
Campylobacter_B	CF15_17	20	0	0	0	0	5	15	20	5	Shared	153	FALSE	6	TRUE	TRUE	FALSE	TRUE	nasal_top15	21.05	module11	Translation and RNA-centered regulation	Translation/RNA regulation	20	nasal_top15
Campylobacter_B	CF15_19	20	0	0	0	0	5	15	20	5	Shared	153	FALSE	6	TRUE	TRUE	FALSE	TRUE	nasal_top15	21.05	module11	Translation and RNA-centered regulation	Translation/RNA regulation	20	nasal_top15
Campylobacter_B	CF16	20	20	1	1	1	5	15	20	5	Shared	153	FALSE	6	TRUE	TRUE	FALSE	TRUE	nasal_top15	21.05	module12	Translation and RNA-centered regulation	Translation/RNA regulation	20	nasal_top15
Campylobacter_B	CF17_20	20	0	0	0	0	5	15	20	5	Shared	153	FALSE	6	TRUE	TRUE	FALSE	TRUE	nasal_top15	21.05	module13	Nutrient acquisition and substrate utilization	Nutrient/substrate use	20	nasal_top15
Campylobacter_B	CF17_23	20	0	0	0	0	5	15	20	5	Shared	153	FALSE	6	TRUE	TRUE	FALSE	TRUE	nasal_top15	21.05	module13	Nutrient acquisition and substrate utilization	Nutrient/substrate use	20	nasal_top15
Campylobacter_B	CF18	20	16	0.8	0.8	1	5	15	20	5	Shared	153	FALSE	6	TRUE	TRUE	FALSE	TRUE	nasal_top15	21.05	module14	Stress adaptation and envelope homeostasis	Stress/envelope homeostasis	20	nasal_top15
Campylobacter_B	CF20	20	0	0	0	0	5	15	20	5	Shared	153	FALSE	6	TRUE	TRUE	FALSE	TRUE	nasal_top15	21.05	module15	Translation and RNA-centered regulation	Translation/RNA regulation	20	nasal_top15
Campylobacter_B	CF21	20	17	0.85	0.85	1	5	15	20	5	Shared	153	FALSE	6	TRUE	TRUE	FALSE	TRUE	nasal_top15	21.05	module16	Poorly characterized candidate modules	Poorly characterized	20	nasal_top15
Campylobacter_B	CF23	20	19	0.95	0.95	1	5	15	20	5	Shared	153	FALSE	6	TRUE	TRUE	FALSE	TRUE	nasal_top15	21.05	module17	Poorly characterized candidate modules	Poorly characterized	20	nasal_top15
Campylobacter_B	CF26	20	20	1	1	1	5	15	20	5	Shared	153	FALSE	6	TRUE	TRUE	FALSE	TRUE	nasal_top15	21.05	module18	Intercellular communication signal	Communication signal	20	nasal_top15
Negativicoccus	CF0	13	13	1	1.38461538461538	1.38461538461538	7	6	13	2	Shared	126	FALSE	12	TRUE	TRUE	FALSE	TRUE	nasal_top15	26.3076923076923	module1	Nutrient acquisition and substrate utilization	Nutrient/substrate use	20	nasal_top15
Negativicoccus	CF12	13	13	1	6	6	7	6	13	2	Shared	126	FALSE	12	TRUE	TRUE	FALSE	TRUE	nasal_top15	26.3076923076923	module1	Nutrient acquisition and substrate utilization	Nutrient/substrate use	20	nasal_top15
Negativicoccus	CF8	13	13	1	2	2	7	6	13	2	Shared	126	FALSE	12	TRUE	TRUE	FALSE	TRUE	nasal_top15	26.3076923076923	module1	Nutrient acquisition and substrate utilization	Nutrient/substrate use	20	nasal_top15
Negativicoccus	CF1	13	0	0	0	0	7	6	13	2	Shared	126	FALSE	12	TRUE	TRUE	FALSE	TRUE	nasal_top15	26.3076923076923	module2	Nucleotide metabolism and genome maintenance	Nucleotide/genome maintenance	20	nasal_top15
Negativicoccus	CF3	13	13	1	1	1	7	6	13	2	Shared	126	FALSE	12	TRUE	TRUE	FALSE	TRUE	nasal_top15	26.3076923076923	module3	Nutrient acquisition and substrate utilization	Nutrient/substrate use	20	nasal_top15
Negativicoccus	CF4	13	0	0	0	0	7	6	13	2	Shared	126	FALSE	12	TRUE	TRUE	FALSE	TRUE	nasal_top15	26.3076923076923	module4	Stress adaptation and envelope homeostasis	Stress/envelope homeostasis	20	nasal_top15
Negativicoccus	CF7	13	0	0	0	0	7	6	13	2	Shared	126	FALSE	12	TRUE	TRUE	FALSE	TRUE	nasal_top15	26.3076923076923	module4	Stress adaptation and envelope homeostasis	Stress/envelope homeostasis	20	nasal_top15
Negativicoccus	CF2_10	13	12	0.923076923076923	0.923076923076923	1	7	6	13	2	Shared	126	FALSE	12	TRUE	TRUE	FALSE	TRUE	nasal_top15	26.3076923076923	module5	Nutrient acquisition and substrate utilization	Nutrient/substrate use	20	nasal_top15
Negativicoccus	CF2_4	13	12	0.923076923076923	1.07692307692308	1.16666666666667	7	6	13	2	Shared	126	FALSE	12	TRUE	TRUE	FALSE	TRUE	nasal_top15	26.3076923076923	module5	Nutrient acquisition and substrate utilization	Nutrient/substrate use	20	nasal_top15
Negativicoccus	CF6	13	13	1	1.07692307692308	1.07692307692308	7	6	13	2	Shared	126	FALSE	12	TRUE	TRUE	FALSE	TRUE	nasal_top15	26.3076923076923	module5	Nutrient acquisition and substrate utilization	Nutrient/substrate use	20	nasal_top15
Negativicoccus	CF5	13	13	1	1	1	7	6	13	2	Shared	126	FALSE	12	TRUE	TRUE	FALSE	TRUE	nasal_top15	26.3076923076923	module6	Nucleotide metabolism and genome maintenance	Nucleotide/genome maintenance	20	nasal_top15
Negativicoccus	CF9_12	13	0	0	0	0	7	6	13	2	Shared	126	FALSE	12	TRUE	TRUE	FALSE	TRUE	nasal_top15	26.3076923076923	module7	Poorly characterized candidate modules	Poorly characterized	20	nasal_top15
Negativicoccus	CF9_9	13	13	1	1.07692307692308	1.07692307692308	7	6	13	2	Shared	126	FALSE	12	TRUE	TRUE	FALSE	TRUE	nasal_top15	26.3076923076923	module7	Poorly characterized candidate modules	Poorly characterized	20	nasal_top15
Negativicoccus	CF10	13	0	0	0	0	7	6	13	2	Shared	126	FALSE	12	TRUE	TRUE	FALSE	TRUE	nasal_top15	26.3076923076923	module8	Nucleotide metabolism and genome maintenance	Nucleotide/genome maintenance	20	nasal_top15
Negativicoccus	CF22	13	0	0	0	0	7	6	13	2	Shared	126	FALSE	12	TRUE	TRUE	FALSE	TRUE	nasal_top15	26.3076923076923	module8	Nucleotide metabolism and genome maintenance	Nucleotide/genome maintenance	20	nasal_top15
Negativicoccus	CF25	13	0	0	0	0	7	6	13	2	Shared	126	FALSE	12	TRUE	TRUE	FALSE	TRUE	nasal_top15	26.3076923076923	module8	Nucleotide metabolism and genome maintenance	Nucleotide/genome maintenance	20	nasal_top15
Negativicoccus	CF11	13	0	0	0	0	7	6	13	2	Shared	126	FALSE	12	TRUE	TRUE	FALSE	TRUE	nasal_top15	26.3076923076923	module9	Nutrient acquisition and substrate utilization	Nutrient/substrate use	20	nasal_top15
Negativicoccus	CF19	13	13	1	1	1	7	6	13	2	Shared	126	FALSE	12	TRUE	TRUE	FALSE	TRUE	nasal_top15	26.3076923076923	module9	Nutrient acquisition and substrate utilization	Nutrient/substrate use	20	nasal_top15
Negativicoccus	CF13	13	13	1	1	1	7	6	13	2	Shared	126	FALSE	12	TRUE	TRUE	FALSE	TRUE	nasal_top15	26.3076923076923	module10	Translation and RNA-centered regulation	Translation/RNA regulation	20	nasal_top15
Negativicoccus	CF14	13	13	1	1	1	7	6	13	2	Shared	126	FALSE	12	TRUE	TRUE	FALSE	TRUE	nasal_top15	26.3076923076923	module10	Translation and RNA-centered regulation	Translation/RNA regulation	20	nasal_top15
Negativicoccus	CF24	13	13	1	1	1	7	6	13	2	Shared	126	FALSE	12	TRUE	TRUE	FALSE	TRUE	nasal_top15	26.3076923076923	module10	Translation and RNA-centered regulation	Translation/RNA regulation	20	nasal_top15
Negativicoccus	CF15_17	13	13	1	1.07692307692308	1.07692307692308	7	6	13	2	Shared	126	FALSE	12	TRUE	TRUE	FALSE	TRUE	nasal_top15	26.3076923076923	module11	Translation and RNA-centered regulation	Translation/RNA regulation	20	nasal_top15
Negativicoccus	CF15_19	13	0	0	0	0	7	6	13	2	Shared	126	FALSE	12	TRUE	TRUE	FALSE	TRUE	nasal_top15	26.3076923076923	module11	Translation and RNA-centered regulation	Translation/RNA regulation	20	nasal_top15
Negativicoccus	CF16	13	13	1	1.07692307692308	1.07692307692308	7	6	13	2	Shared	126	FALSE	12	TRUE	TRUE	FALSE	TRUE	nasal_top15	26.3076923076923	module12	Translation and RNA-centered regulation	Translation/RNA regulation	20	nasal_top15
Negativicoccus	CF17_20	13	0	0	0	0	7	6	13	2	Shared	126	FALSE	12	TRUE	TRUE	FALSE	TRUE	nasal_top15	26.3076923076923	module13	Nutrient acquisition and substrate utilization	Nutrient/substrate use	20	nasal_top15
Negativicoccus	CF17_23	13	11	0.846153846153846	0.846153846153846	1	7	6	13	2	Shared	126	FALSE	12	TRUE	TRUE	FALSE	TRUE	nasal_top15	26.3076923076923	module13	Nutrient acquisition and substrate utilization	Nutrient/substrate use	20	nasal_top15
Negativicoccus	CF18	13	10	0.769230769230769	0.769230769230769	1	7	6	13	2	Shared	126	FALSE	12	TRUE	TRUE	FALSE	TRUE	nasal_top15	26.3076923076923	module14	Stress adaptation and envelope homeostasis	Stress/envelope homeostasis	20	nasal_top15
Negativicoccus	CF20	13	13	1	1	1	7	6	13	2	Shared	126	FALSE	12	TRUE	TRUE	FALSE	TRUE	nasal_top15	26.3076923076923	module15	Translation and RNA-centered regulation	Translation/RNA regulation	20	nasal_top15
Negativicoccus	CF21	13	13	1	1	1	7	6	13	2	Shared	126	FALSE	12	TRUE	TRUE	FALSE	TRUE	nasal_top15	26.3076923076923	module16	Poorly characterized candidate modules	Poorly characterized	20	nasal_top15
Negativicoccus	CF23	13	13	1	1	1	7	6	13	2	Shared	126	FALSE	12	TRUE	TRUE	FALSE	TRUE	nasal_top15	26.3076923076923	module17	Poorly characterized candidate modules	Poorly characterized	20	nasal_top15
Negativicoccus	CF26	13	0	0	0	0	7	6	13	2	Shared	126	FALSE	12	TRUE	TRUE	FALSE	TRUE	nasal_top15	26.3076923076923	module18	Intercellular communication signal	Communication signal	20	nasal_top15
Dolosigranulum	CF0	10	10	1	4.4	4.4	6	4	10	1	Shared	136	FALSE	18	FALSE	FALSE	TRUE	TRUE	manual_keep	42.6	module1	Nutrient acquisition and substrate utilization	Nutrient/substrate use	22	manual_keep
Dolosigranulum	CF12	10	10	1	7.5	7.5	6	4	10	1	Shared	136	FALSE	18	FALSE	FALSE	TRUE	TRUE	manual_keep	42.6	module1	Nutrient acquisition and substrate utilization	Nutrient/substrate use	22	manual_keep
Dolosigranulum	CF8	10	10	1	6.9	6.9	6	4	10	1	Shared	136	FALSE	18	FALSE	FALSE	TRUE	TRUE	manual_keep	42.6	module1	Nutrient acquisition and substrate utilization	Nutrient/substrate use	22	manual_keep
Dolosigranulum	CF1	10	10	1	1	1	6	4	10	1	Shared	136	FALSE	18	FALSE	FALSE	TRUE	TRUE	manual_keep	42.6	module2	Nucleotide metabolism and genome maintenance	Nucleotide/genome maintenance	22	manual_keep
Dolosigranulum	CF3	10	10	1	3	3	6	4	10	1	Shared	136	FALSE	18	FALSE	FALSE	TRUE	TRUE	manual_keep	42.6	module3	Nutrient acquisition and substrate utilization	Nutrient/substrate use	22	manual_keep
Dolosigranulum	CF4	10	10	1	1	1	6	4	10	1	Shared	136	FALSE	18	FALSE	FALSE	TRUE	TRUE	manual_keep	42.6	module4	Stress adaptation and envelope homeostasis	Stress/envelope homeostasis	22	manual_keep
Dolosigranulum	CF7	10	0	0	0	0	6	4	10	1	Shared	136	FALSE	18	FALSE	FALSE	TRUE	TRUE	manual_keep	42.6	module4	Stress adaptation and envelope homeostasis	Stress/envelope homeostasis	22	manual_keep
Dolosigranulum	CF2_10	10	10	1	1	1	6	4	10	1	Shared	136	FALSE	18	FALSE	FALSE	TRUE	TRUE	manual_keep	42.6	module5	Nutrient acquisition and substrate utilization	Nutrient/substrate use	22	manual_keep
Dolosigranulum	CF2_4	10	10	1	1	1	6	4	10	1	Shared	136	FALSE	18	FALSE	FALSE	TRUE	TRUE	manual_keep	42.6	module5	Nutrient acquisition and substrate utilization	Nutrient/substrate use	22	manual_keep
Dolosigranulum	CF6	10	10	1	1	1	6	4	10	1	Shared	136	FALSE	18	FALSE	FALSE	TRUE	TRUE	manual_keep	42.6	module5	Nutrient acquisition and substrate utilization	Nutrient/substrate use	22	manual_keep
Dolosigranulum	CF5	10	10	1	1	1	6	4	10	1	Shared	136	FALSE	18	FALSE	FALSE	TRUE	TRUE	manual_keep	42.6	module6	Nucleotide metabolism and genome maintenance	Nucleotide/genome maintenance	22	manual_keep
Dolosigranulum	CF9_12	10	10	1	1	1	6	4	10	1	Shared	136	FALSE	18	FALSE	FALSE	TRUE	TRUE	manual_keep	42.6	module7	Poorly characterized candidate modules	Poorly characterized	22	manual_keep
Dolosigranulum	CF9_9	10	0	0	0	0	6	4	10	1	Shared	136	FALSE	18	FALSE	FALSE	TRUE	TRUE	manual_keep	42.6	module7	Poorly characterized candidate modules	Poorly characterized	22	manual_keep
Dolosigranulum	CF10	10	10	1	1	1	6	4	10	1	Shared	136	FALSE	18	FALSE	FALSE	TRUE	TRUE	manual_keep	42.6	module8	Nucleotide metabolism and genome maintenance	Nucleotide/genome maintenance	22	manual_keep
Dolosigranulum	CF22	10	0	0	0	0	6	4	10	1	Shared	136	FALSE	18	FALSE	FALSE	TRUE	TRUE	manual_keep	42.6	module8	Nucleotide metabolism and genome maintenance	Nucleotide/genome maintenance	22	manual_keep
Dolosigranulum	CF25	10	10	1	1	1	6	4	10	1	Shared	136	FALSE	18	FALSE	FALSE	TRUE	TRUE	manual_keep	42.6	module8	Nucleotide metabolism and genome maintenance	Nucleotide/genome maintenance	22	manual_keep
Dolosigranulum	CF11	10	10	1	1	1	6	4	10	1	Shared	136	FALSE	18	FALSE	FALSE	TRUE	TRUE	manual_keep	42.6	module9	Nutrient acquisition and substrate utilization	Nutrient/substrate use	22	manual_keep
Dolosigranulum	CF19	10	0	0	0	0	6	4	10	1	Shared	136	FALSE	18	FALSE	FALSE	TRUE	TRUE	manual_keep	42.6	module9	Nutrient acquisition and substrate utilization	Nutrient/substrate use	22	manual_keep
Dolosigranulum	CF13	10	10	1	3	3	6	4	10	1	Shared	136	FALSE	18	FALSE	FALSE	TRUE	TRUE	manual_keep	42.6	module10	Translation and RNA-centered regulation	Translation/RNA regulation	22	manual_keep
Dolosigranulum	CF14	10	10	1	1	1	6	4	10	1	Shared	136	FALSE	18	FALSE	FALSE	TRUE	TRUE	manual_keep	42.6	module10	Translation and RNA-centered regulation	Translation/RNA regulation	22	manual_keep
Dolosigranulum	CF24	10	10	1	1	1	6	4	10	1	Shared	136	FALSE	18	FALSE	FALSE	TRUE	TRUE	manual_keep	42.6	module10	Translation and RNA-centered regulation	Translation/RNA regulation	22	manual_keep
Dolosigranulum	CF15_17	10	10	1	1	1	6	4	10	1	Shared	136	FALSE	18	FALSE	FALSE	TRUE	TRUE	manual_keep	42.6	module11	Translation and RNA-centered regulation	Translation/RNA regulation	22	manual_keep
Dolosigranulum	CF15_19	10	0	0	0	0	6	4	10	1	Shared	136	FALSE	18	FALSE	FALSE	TRUE	TRUE	manual_keep	42.6	module11	Translation and RNA-centered regulation	Translation/RNA regulation	22	manual_keep
Dolosigranulum	CF16	10	8	0.8	0.8	1	6	4	10	1	Shared	136	FALSE	18	FALSE	FALSE	TRUE	TRUE	manual_keep	42.6	module12	Translation and RNA-centered regulation	Translation/RNA regulation	22	manual_keep
Dolosigranulum	CF17_20	10	0	0	0	0	6	4	10	1	Shared	136	FALSE	18	FALSE	FALSE	TRUE	TRUE	manual_keep	42.6	module13	Nutrient acquisition and substrate utilization	Nutrient/substrate use	22	manual_keep
Dolosigranulum	CF17_23	10	0	0	0	0	6	4	10	1	Shared	136	FALSE	18	FALSE	FALSE	TRUE	TRUE	manual_keep	42.6	module13	Nutrient acquisition and substrate utilization	Nutrient/substrate use	22	manual_keep
Dolosigranulum	CF18	10	10	1	1	1	6	4	10	1	Shared	136	FALSE	18	FALSE	FALSE	TRUE	TRUE	manual_keep	42.6	module14	Stress adaptation and envelope homeostasis	Stress/envelope homeostasis	22	manual_keep
Dolosigranulum	CF20	10	10	1	1	1	6	4	10	1	Shared	136	FALSE	18	FALSE	FALSE	TRUE	TRUE	manual_keep	42.6	module15	Translation and RNA-centered regulation	Translation/RNA regulation	22	manual_keep
Dolosigranulum	CF21	10	0	0	0	0	6	4	10	1	Shared	136	FALSE	18	FALSE	FALSE	TRUE	TRUE	manual_keep	42.6	module16	Poorly characterized candidate modules	Poorly characterized	22	manual_keep
Dolosigranulum	CF23	10	0	0	0	0	6	4	10	1	Shared	136	FALSE	18	FALSE	FALSE	TRUE	TRUE	manual_keep	42.6	module17	Poorly characterized candidate modules	Poorly characterized	22	manual_keep
Dolosigranulum	CF26	10	10	1	2	2	6	4	10	1	Shared	136	FALSE	18	FALSE	FALSE	TRUE	TRUE	manual_keep	42.6	module18	Intercellular communication signal	Communication signal	22	manual_keep
