protein,pog
human0|p287,0
human264|p323,0
human623|p2227,0
human921|p1259,0
human2439|p618,0
human3198|p616,0
human3524|p1713,0
human3525|p497,0
human3526|p1436,0
human3527|p2316,0
human3744|p926,0
human2197|p1938,0
human3121|p1127,0
human2|p997,0
human1063|p1025,0
human3523|p947,0
human722|p129,0
human268|p2334,0
human702|p1936,0
human803|p1042,0
human1145|p1961,0
human1165|p1948,0
human699|p193,0
human3544|p2476,0
human1009|p1232,0
human880|p2038,0
human494|p587,0
human3751|p2375,0
human3752|p2315,0
human320|p811,0
human454|p966,0
human524|p1611,0
human545|p169,0
human619|p497,0
human683|p1276,0
human927|p485,0
human928|p485,0
human3019|p483,0
human3518|p624,0
human3519|p414,0
human3520|p877,0
human3521|p428,0
human3522|p719,0
human3545|p147,0
human3546|p1650,0
human3547|p466,0
human3548|p624,0
human3549|p2223,0
human3550|p839,0
human3551|p1128,0
human3745|p462,0
human3746|p782,0
human3747|p1608,0
human3748|p107,0
human3749|p80,0
human3750|p2126,0
human3753|p1345,0
human3754|p1271,0
human3755|p856,0
human3756|p1757,0
human3757|p1364,0
human3758|p1912,0
human3759|p792,0
human402|p1843,0
human811|p1615,0
human712|p1088,0
human521|p129,0
human809|p92,0
human1662|p321,0
human2521|p1079,0
human2189|p1003,0
human867|p1757,0
human1927|p527,0
human2417|p572,0
human705|p2016,0
human774|p1149,0
human845|p481,0
human745|p1126,0
human779|p1260,0
human844|p630,0
human3315|p1412,0
human3317|p1411,0
human772|p1833,0
human1809|p1633,0
human763|p195,0
human913|p1738,0
human914|p696,0
human2519|p1350,0
human3771|p499,0
human3772|p2099,0
human3760|p370,0
human3761|p1188,0
human3762|p1245,0
human3531|p641,0
human3536|p1398,0
human3530|p1226,0
human3532|p168,0
human3533|p939,0
human3535|p305,0
human489|p363,0
human499|p1046,0
human780|p1993,0
human3767|p1318,0
human3768|p507,0
human1708|p916,0
human1712|p561,0
human1713|p562,0
human585|p1848,0
human584|p1634,0
human2051|p482,0
human2054|p482,0
human2746|p1410,0
human3537|p798,0
human3538|p202,0
human3539|p277,0
human3540|p1991,0
human3541|p629,0
human3542|p323,0
human3543|p840,0
human3763|p747,0
human3764|p79,0
human3765|p684,0
human3766|p1364,0
human3769|p1504,0
human3770|p126,0
human3773|p2099,0
human2883|p1225,0
human773|p1066,0
human832|p1029,0
human839|p614,0
human2078|p675,0
human1351|p1623,0
human1353|p1621,0
human1767|p1557,0
human1772|p1448,0
human1777|p1674,0
human3252|p4712,0
human2569|p233,0
human1344|p1925,0
human1375|p2004,0
human1705|p1920,0
human1710|p1868,0
human3433|p767,0
human3416|p875,0
human31|p1942,0
human35|p1647,0
human587|p771,0
human1642|p1380,0
human1047|p640,0
human2658|p2181,0
human2663|p2143,0
human2670|p1933,0
human90|p749,0
human1126|p1539,0
human1652|p676,0
human1660|p2116,0
human2180|p1100,0
human2262|p289,0
human2940|p862,0
human2952|p866,0
human2959|p864,0
human2978|p1196,0
human1337|p1496,0
human1948|p1274,0
human2207|p321,0
human721|p57,0
human42|p1373,0
human2406|p1111,0
human2433|p1794,0
human2434|p1753,0
human2704|p28,0
human1173|p1845,0
human2236|p355,0
human896|p128,0
human1341|p1627,0
human1222|p830,0
human2883|p1420,0
human904|p812,0
human1928|p803,0
human2527|p762,0
human2543|p1233,0
human465|p2051,0
human200|p1666,0
human354|p511,0
human2408|p615,0
human720|p1949,0
human2336|p1462,0
human2535|p2219,0
human1060|p681,0
human1061|p1976,0
human2438|p340,0
human259|p637,0
human413|p311,0
human1907|p1445,0
human2449|p1186,0
human2683|p143,0
human2929|p2435,0
human2936|p2281,0
human2937|p2207,0
human2948|p2100,0
human2965|p2297,0
human2967|p2186,0
human3024|p619,0
human3278|p2054,0
human711|p580,0
human907|p1372,0
human12|p1306,0
human404|p959,0
human1262|p1169,0
human1995|p317,0
human2023|p1461,0
human2042|p1111,0
human2418|p1824,0
human2423|p1473,0
human2750|p625,0
human2020|p61,0
human2437|p1074,0
human2155|p1135,0
human775|p570,0
human892|p1262,0
human1645|p1284,0
human1649|p1284,0
human1730|p1343,0
human647|p4364,0
human648|p3947,0
human649|p4160,0
human650|p2838,0
human651|p4991,0
human653|p4080,0
human654|p4005,0
human655|p4744,0
human729|p1812,0
human2554|p253,0
human846|p70,0
human2238|p305,0
human2416|p1755,0
human2903|p867,0
human2198|p800,0
human2522|p792,0
human2534|p849,0
human895|p1306,0
human813|p167,0
human829|p28,0
human870|p1377,0
human703|p1454,0
human732|p1091,0
human852|p996,0
human857|p1232,0
human860|p19,0
human888|p1195,0
human890|p939,0
human397|p2095,0
human490|p830,0
human621|p1123,0
human3528|p1752,0
human3529|p999,0
human3775|p107,0
human3776|p550,0
human3777|p1262,0
human3778|p724,0
human3774|p991,0
human696|p52,0
human1068|p862,0
human1069|p173,0
human3452|p986,0
human1094|p2268,0
human2769|p906,0
human1585|p2950,0
human1593|p3092,0
human214|p845,0
human459|p2461,0
human37|p1594,0
human526|p1350,0
human942|p1881,0
human942|p4183,0
human943|p1882,0
human979|p262,0
human982|p193,0
human3034|p464,0
human3173|p2206,0
human3176|p1998,0
human3177|p2003,0
human3221|p1284,0
human2230|p343,0
human2232|p343,0
human3259|p1572,0
human3263|p1661,0
human3264|p1662,0
human3333|p634,0
human3334|p1604,0
human3006|p2162,0
human3443|p1682,0
human473|p904,0
human614|p1960,0
human801|p1568,0
human3018|p325,0
human3042|p2348,0
human3236|p1539,0
human3237|p840,0
human3239|p840,0
human3354|p756,0
human3356|p756,0
human2204|p447,0
human2324|p247,0
human2326|p248,0
human2334|p2570,0
human2675|p741,0
human251|p1484,0
human1292|p202,0
human3233|p345,0
human735|p961,0
human750|p501,0
human3469|p993,0
human3470|p993,0
human805|p2432,0
human3284|p2165,0
human1752|p688,0
human1031|p1126,0
human770|p666,0
human2258|p1948,0
human2328|p1310,0
human3003|p2194,0
human3023|p2274,0
human3268|p1835,0
human3271|p1847,0
human3272|p1835,0
human1111|p87,0
human1119|p87,0
human493|p2052,0
human360|p1495,0
human618|p2095,0
human963|p481,0
human967|p481,0
human3061|p1268,0
human3042|p2834,0
human247|p1614,0
human693|p1637,0
human874|p1604,0
human1714|p516,0
human1908|p679,0
human2241|p559,0
human3557|p2122,0
human3558|p1668,0
human3559|p869,0
human3560|p740,0
human3561|p586,0
human1683|p2588,0
human1692|p1667,0
human3243|p1621,0
human2560|p260,0
human461|p1214,0
human76|p860,0
human276|p1135,0
human674|p340,0
human1504|p1569,0
human2651|p1103,0
human3553|p1691,0
human984|p995,0
human989|p995,0
human865|p1176,0
human869|p460,0
human3371|p46,0
human3556|p745,0
human1373|p948,0
human1656|p774,0
human2201|p400,0
human2397|p1109,0
human2631|p68,0
human2736|p1299,0
human3081|p1711,0
human3475|p1280,0
human3477|p1008,0
human68|p841,0
human1171|p1804,0
human1441|p1677,0
human2081|p1300,0
human2082|p1311,0
human2114|p1742,0
human2139|p1430,0
human2377|p966,0
human2989|p1103,0
human2993|p486,0
human1945|p1365,0
human3557|p764,0
human418|p512,0
human228|p1749,0
human3554|p1338,0
human987|p673,0
human644|p246,0
human1070|p860,0
human1641|p1755,0
human2587|p1538,0
human2988|p311,0
human2990|p644,0
human2991|p644,0
human3147|p292,0
human3289|p1587,0
human3375|p1125,0
human3381|p766,0
human3455|p578,0
human736|p1045,0
human749|p167,0
human777|p322,0
human1657|p804,0
human1724|p407,0
human751|p2291,0
human40|p137,0
human102|p1021,0
human223|p725,0
human284|p703,0
human468|p97,0
human543|p1777,0
human998|p1402,0
human2809|p1490,0
human3096|p1264,0
human3562|p1524,0
human2531|p306,0
human2748|p428,0
human2754|p917,0
human3419|p722,0
human3681|p462,0
human3682|p1239,0
human1811|p1773,0
human2688|p8,0
human290|p524,0
human864|p1953,0
human866|p1424,0
human3278|p914,0
human422|p287,0
human2751|p808,0
human2760|p2081,0
human2994|p236,0
human2158|p1763,0
human2163|p1763,0
human1177|p72,0
human1745|p1321,0
human1750|p229,0
human1934|p1516,0
human2339|p843,0
human2348|p844,0
human1190|p520,0
human2908|p1100,0
human2502|p1874,0
human2644|p422,0
human2110|p1675,0
human2975|p171,0
human717|p910,0
human1370|p1535,0
human2292|p1001,0
human3460|p1600,0
human3461|p1612,0
human186|p1224,0
human601|p982,0
human2313|p1269,0
human2525|p5124,0
human2799|p1263,0
human804|p995,0
human806|p1563,0
human2143|p64,0
human3191|p232,0
human3194|p234,0
human3196|p1051,0
human544|p4622,0
human3092|p4173,0
human3094|p4132,0
human3159|p3207,0
human344|p1742,0
human3328|p160,0
human3340|p321,0
human2734|p558,0
human2739|p556,0
human2743|p926,0
human2755|p776,0
human2767|p627,0
human2770|p625,0
human1072|p1306,0
human1739|p1053,0
human1924|p924,0
human1926|p1233,0
human1993|p619,0
human2660|p663,0
human2933|p1073,0
human1819|p60,0
human2073|p616,0
human2076|p617,0
human2636|p172,0
human2756|p71,0
human3286|p459,0
human3288|p459,0
human203|p4717,0
human1376|p2056,0
human3306|p462,0
human3307|p462,0
human1424|p1876,0
human1399|p2188,0
human1254|p2268,0
human1553|p2032,0
human1840|p2337,0
human1845|p2337,0
human1852|p2243,0
human1863|p2237,0
human1867|p2236,0
human1873|p2260,0
human1877|p2266,0
human1879|p2177,0
human89|p1720,0
human1676|p481,0
human1699|p806,0
human1624|p3092,0
human1625|p2764,0
human1626|p2819,0
human1269|p2526,0
human1273|p2441,0
human1281|p1002,0
human3555|p2854,0
human929|p2437,0
human3031|p2165,0
human2305|p2275,0
human2713|p1199,0
human166|p3128,0
human562|p2038,0
human631|p1128,0
human1363|p3083,0
human1365|p615,0
human1368|p615,0
human1496|p338,0
human3110|p310,0
human2669|p788,0
human3417|p1523,0
human2771|p1585,0
human9|p976,0
human477|p939,0
human878|p136,0
human133|p1790,0
human2311|p347,0
human2316|p347,0
human2806|p835,0
human70|p1080,0
human1138|p92,0
human1142|p441,0
human1144|p441,0
human349|p744,0
human3131|p3389,0
human1245|p442,0
human1252|p442,0
human1668|p376,0
human2921|p468,0
human2923|p466,0
human3145|p4185,0
human267|p231,0
human492|p770,0
human1969|p464,0
human1760|p561,0
human1764|p560,0
human977|p2982,0
human3073|p5575,0
human3076|p5122,0
human3077|p3576,0
human3112|p4031,0
human3166|p4285,0
human3167|p5077,0
human3393|p1129,0
human3395|p4071,0
human3396|p4071,0
human3422|p2876,0
human3434|p4437,0
human1025|p3139,0
human2999|p4056,0
human3002|p4193,0
human3219|p959,0
human3287|p3090,0
human3344|p896,0
human3382|p4048,0
human3384|p3962,0
human3405|p4179,0
human3411|p2629,0
human3430|p2090,0
human3010|p4027,0
human3011|p4027,0
human3048|p4116,0
human3100|p4469,0
human3103|p4209,0
human3113|p2788,0
human964|p2295,0
human965|p2298,0
human3062|p3101,0
human3178|p2520,0
human3195|p3491,0
human3390|p2332,0
human3462|p1739,0
human3242|p3506,0
human3246|p2669,0
human3420|p3811,0
human2733|p134,0
human2738|p134,0
human2759|p741,0
human2766|p741,0
human2774|p741,0
human3040|p2280,0
human3373|p1591,0
human1238|p715,0
human1248|p715,0
human1249|p714,0
human1999|p390,0
human2032|p157,0
human2913|p230,0
human11|p1397,0
human47|p283,0
human2925|p2243,0
human3150|p1773,0
human737|p314,0
human1822|p1400,0
human1203|p1969,0
human1213|p833,0
human3218|p102,0
human1040|p787,0
human3407|p987,0
human482|p1833,0
human1680|p1058,0
human1175|p854,0
human1954|p268,0
human2312|p1028,0
human2566|p990,0
human2567|p990,0
human2652|p1813,0
human2655|p1731,0
human2666|p1138,0
human288|p2167,0
human3092|p2778,0
human3094|p2779,0
human3159|p2252,0
human2818|p284,0
human1098|p607,0
human3164|p1696,0
human3168|p1371,0
human3171|p1372,0
human2029|p678,0
human3552|p669,0
human3515|p2551,0
human3414|p2014,0
human985|p2329,0
human993|p3738,0
human2491|p1214,0
human3047|p2367,0
human3088|p2287,0
human3122|p2327,0
human3184|p149,0
human3186|p149,0
human3262|p2332,0
human3269|p2245,0
human3312|p2437,0
human3394|p2411,0
human3048|p570,0
human3113|p2668,0
human2005|p1972,0
human2014|p1933,0
human2022|p1405,0
human931|p1136,0
human940|p1136,0
human3040|p1628,0
human3373|p5323,0
human139|p1607,0
human1581|p479,0
human3108|p2469,0
human3109|p2209,0
human3429|p2214,0
human789|p1896,0
human991|p729,0
human996|p605,0
human2005|p2353,0
human2014|p2263,0
human2022|p2505,0
human2568|p2341,0
human3135|p1768,0
human3323|p2038,0
human3325|p301,0
human3386|p670,0
human3449|p920,0
human3468|p388,0
human1749|p241,0
human2256|p986,0
human2444|p1919,0
human2445|p1865,0
human2904|p1586,0
human1793|p2017,0
human1805|p2017,0
human1818|p4919,0
human1046|p997,0
human2433|p1815,0
human2940|p2664,0
human2978|p2521,0
human3273|p499,0
human3290|p2124,0
human3424|p1065,0
human908|p680,0
human1482|p1347,0
human1487|p2204,0
human90|p711,0
human2180|p1894,0
human2262|p2375,0
human2287|p1184,0
human2070|p418,0
human2910|p872,0
human298|p1709,0
human1049|p493,0
human1057|p388,0
human1058|p2435,0
human1532|p784,0
human1538|p1021,0
human1556|p1024,0
human1570|p1022,0
human1583|p1391,0
human1600|p1315,0
human2066|p387,0
human2069|p227,0
human3091|p1395,0
human3114|p1324,0
human3127|p627,0
human3247|p745,0
human3428|p2724,0
human3445|p171,0
human3446|p171,0
human2406|p639,0
human2704|p1435,0
human3036|p4010,0
human992|p1266,0
human993|p1266,0
human994|p1266,0
human2124|p2459,0
human2130|p2410,0
human2141|p2389,0
human256|p2365,0
human2091|p1524,0
human2100|p1527,0
human3400|p3248,0
human420|p315,0
human27|p1684,0
human59|p1359,0
human82|p2203,0
human281|p808,0
human522|p1080,0
human523|p3075,0
human926|p936,0
human953|p183,0
human962|p2228,0
human1020|p2347,0
human1457|p904,0
human1661|p311,0
human3020|p705,0
human3021|p705,0
human3132|p1209,0
human3241|p1866,0
human3342|p1013,0
human3480|p1705,0
human706|p1900,0
human1200|p1800,0
human116|p1318,0
human944|p1838,0
human3035|p1676,0
human3697|p1858,0
human292|p1053,0
human345|p1063,0
human1242|p1188,0
human1286|p57,0
human1289|p57,0
human1733|p822,0
human2009|p638,0
human2917|p352,0
human286|p2195,0
human3517|p2345,0
human3429|p446,0
human743|p502,0
human747|p1980,0
human3051|p1730,0
human3052|p1729,0
human3694|p2182,0
human3695|p1872,0
human1847|p4733,0
human1337|p226,0
human1652|p1917,0
human1660|p1014,0
human1948|p2023,0
human2059|p1168,0
human2061|p1115,0
human213|p408,0
human435|p2252,0
human277|p1534,0
human2105|p1123,0
human1792|p1044,0
human2717|p848,0
human413|p1132,0
human976|p1922,0
human980|p1919,0
human3066|p1406,0
human3068|p1444,0
human3071|p1911,0
human3279|p1043,0
human3281|p1396,0
human90|p1450,0
human2940|p2435,0
human2952|p2305,0
human2959|p2269,0
human2978|p1899,0
human834|p1142,0
human837|p1130,0
human2384|p179,0
human3563|p11,0
human3564|p231,0
human3565|p1532,0
human1293|p2571,0
human1173|p208,0
human2287|p1189,0
human1923|p873,0
human2450|p1152,0
human3642|p1101,0
human1454|p180,0
human1467|p180,0
human1476|p180,0
human1491|p2856,0
human1500|p2793,0
human877|p77,0
human919|p1253,0
human3696|p453,0
human2007|p4013,0
human1900|p1876,0
human1907|p109,0
human2449|p213,0
human2683|p303,0
human2929|p1198,0
human2936|p1128,0
human2937|p1122,0
human2948|p994,0
human2965|p1061,0
human2967|p991,0
human2678|p1629,0
human2849|p500,0
human2884|p500,0
human2919|p2967,0
human1384|p2208,0
human2433|p1809,0
human1088|p1115,0
human1781|p709,0
human2640|p591,0
human2812|p93,0
human932|p92,0
human933|p92,0
human938|p92,0
human971|p627,0
human1633|p2459,0
human1653|p2312,0
human1655|p2335,0
human2115|p1185,0
human2117|p1121,0
human2132|p2843,0
human2135|p2675,0
human3017|p3738,0
human3029|p4252,0
human3032|p838,0
human3063|p619,0
human3124|p4156,0
human3353|p1039,0
human3355|p1031,0
human3387|p841,0
human3392|p2969,0
human3401|p2034,0
human3423|p2781,0
human2365|p556,0
human2407|p582,0
human3438|p1340,0
human3439|p1337,0
human2914|p272,0
human3676|p3721,0
human1622|p3255,0
human2539|p1821,0
human2541|p1820,0
human2544|p1755,0
human853|p1143,0
human862|p1289,0
human3274|p535,0
human1738|p2353,0
human1756|p187,0
human1762|p187,0
human587|p684,0
human24|p5012,0
human657|p2201,0
human671|p2190,0
human681|p87,0
human687|p3642,0
human689|p337,0
human955|p5316,0
human960|p5315,0
human1703|p3008,0
human3056|p5678,0
human3058|p5244,0
human2067|p2389,0
human2409|p1200,0
human2414|p1194,0
human2415|p1193,0
human2442|p1011,0
human2476|p1079,0
human711|p140,0
human2262|p2324,0
human1779|p487,0
human270|p3555,0
human318|p1539,0
human1836|p766,0
human1851|p641,0
human2484|p38,0
human2485|p38,0
human2488|p1011,0
human2488|p2212,0
human382|p461,0
human1405|p355,0
human968|p1890,0
human2157|p1977,0
human2160|p1977,0
human2161|p1903,0
human3065|p464,0
human3070|p3750,0
human701|p757,0
human19|p3131,0
human83|p1922,0
human1291|p1273,0
human1042|p206,0
human1703|p3003,0
human1848|p2634,0
human1958|p1052,0
human1964|p902,0
human1966|p1049,0
human1973|p620,0
human1976|p474,0
human2343|p454,0
human2350|p454,0
human2393|p733,0
human2404|p732,0
human406|p431,0
human28|p1456,0
human495|p1970,0
human983|p1760,0
human990|p1760,0
human3078|p2451,0
human3079|p2451,0
human3280|p3192,0
human3283|p3362,0
human3298|p3245,0
human3313|p2813,0
human3314|p2818,0
human3389|p3441,0
human1240|p338,0
human1666|p283,0
human1|p1041,0
human1053|p1073,0
human1056|p1071,0
human2338|p1057,0
human3199|p1864,0
human3444|p718,0
human2093|p1057,0
human2535|p1911,0
human2025|p586,0
human3093|p104,0
human1210|p1309,0
human2249|p1558,0
human1299|p835,0
human1302|p833,0
human3143|p4196,0
human3326|p4021,0
human3327|p4025,0
human3363|p320,0
human3364|p320,0
human3566|p1350,0
human3568|p107,0
human3569|p332,0
human1011|p2039,0
human2712|p435,0
human328|p313,0
human1379|p1207,0
human2178|p1747,0
human2183|p1747,0
human2188|p1745,0
human3639|p796,0
human1729|p489,0
human1735|p489,0
human2447|p505,0
human2469|p506,0
human2920|p402,0
human188|p4634,0
human1450|p1833,0
human3705|p1085,0
human2025|p1719,0
human199|p281,0
human219|p27,0
human691|p507,0
human1167|p1677,0
human1711|p1696,0
human1790|p1530,0
human2053|p2004,0
human3700|p514,0
human3701|p1681,0
human3702|p100,0
human3703|p1775,0
human243|p5781,0
human1231|p3240,0
human1233|p3132,0
human1255|p508,0
human1259|p508,0
human997|p700,0
human258|p268,0
human2318|p279,0
human3615|p1704,0
human3616|p1669,0
human3617|p910,0
human3618|p1073,0
human2174|p1870,0
human2184|p1817,0
human2196|p1816,0
human541|p3442,0
human625|p1575,0
human1443|p1096,0
human1453|p970,0
human1469|p192,0
human1475|p193,0
human1490|p908,0
human1502|p907,0
human2699|p773,0
human3256|p1189,0
human3350|p578,0
human86|p1155,0
human578|p322,0
human1330|p1181,0
human2839|p1065,0
human2607|p368,0
human18|p124,0
human1109|p1576,0
human1896|p5231,0
human1905|p4844,0
human2391|p544,0
human1531|p2163,0
human1542|p1654,0
human1568|p1654,0
human3421|p1585,0
human3425|p1584,0
human2285|p1806,0
human2613|p978,0
human2628|p978,0
human2630|p1108,0
human2632|p1108,0
human2633|p1108,0
human2634|p820,0
human2635|p820,0
human609|p2133,0
human262|p3149,0
human854|p4233,0
human1113|p3191,0
human1954|p319,0
human3640|p1142,0
human1369|p659,0
human2681|p2788,0
human2691|p2433,0
human2698|p2780,0
human1028|p1025,0
human2431|p1320,0
human2548|p1542,0
human2549|p1529,0
human2561|p495,0
human3345|p558,0
human1175|p177,0
human2312|p447,0
human2566|p209,0
human2567|p209,0
human2652|p328,0
human2655|p328,0
human2666|p161,0
human3634|p109,0
human3719|p1720,0
human366|p2011,0
human591|p3700,0
human760|p1070,0
human1808|p2003,0
human1928|p2011,0
human2146|p1979,0
human2336|p1197,0
human2438|p285,0
human1784|p1200,0
human1064|p2197,0
human1065|p531,0
human471|p278,0
human873|p1477,0
human1186|p305,0
human2726|p929,0
human149|p3986,0
human409|p2003,0
human465|p715,0
human1341|p22,0
human3641|p450,0
human2753|p1000,0
human2028|p420,0
human2057|p284,0
human2572|p1658,0
human2816|p1262,0
human1217|p1076,0
human227|p1315,0
human2319|p1058,0
human1121|p840,0
human1128|p841,0
human1333|p572,0
human1728|p362,0
human1920|p1286,0
human2783|p1053,0
human3635|p1402,0
human3636|p267,0
human1996|p3301,0
human2391|p2222,0
human1902|p346,0
human30|p1345,0
human92|p2145,0
human98|p4016,0
human248|p2864,0
human272|p3641,0
human488|p982,0
human496|p3229,0
human561|p3250,0
human571|p2639,0
human579|p1871,0
human3808|p889,0
human2615|p1618,0
human2623|p1382,0
human3631|p125,0
human3633|p483,0
human3587|p1141,0
human350|p841,0
human3143|p4187,0
human3326|p4030,0
human3327|p4034,0
human3363|p311,0
human3364|p311,0
human1407|p3959,0
human1433|p5735,0
human1933|p1006,0
human2086|p235,0
human2103|p235,0
human2661|p4270,0
human1237|p135,0
human1287|p1151,0
human2835|p528,0
human754|p3126,0
human758|p199,0
human784|p5970,0
human1236|p619,0
human1247|p620,0
human1410|p4983,0
human2010|p442,0
human2016|p442,0
human2915|p263,0
human1357|p946,0
human1985|p701,0
human2094|p383,0
human2213|p1150,0
human2614|p892,0
human3729|p393,0
human2706|p1353,0
human997|p919,0
human2805|p1610,0
human2037|p2291,0
human1131|p124,0
human1986|p1225,0
human177|p2956,0
human2781|p276,0
human2212|p49,0
human3699|p1143,0
human2285|p13,0
human2400|p635,0
human1458|p3820,0
human1477|p3591,0
human2473|p1179,0
human2477|p1179,0
human2480|p1179,0
human2559|p1019,0
human2562|p1018,0
human2803|p2745,0
human2811|p2707,0
human64|p206,0
human1950|p1064,0
human1835|p943,0
human1841|p878,0
human1859|p611,0
human1861|p610,0
human1866|p610,0
human1874|p1483,0
human1878|p1482,0
human1881|p1483,0
human2179|p1454,0
human2186|p1456,0
human2200|p1456,0
human81|p1231,0
human1889|p3776,0
human1917|p3683,0
human1321|p3418,0
human1332|p3417,0
human1339|p3315,0
human1582|p1572,0
human1996|p331,0
human3204|p809,0
human167|p841,0
human713|p3532,0
human714|p2629,0
human715|p4855,0
human716|p1858,0
human718|p4943,0
human240|p707,0
human3585|p1553,0
human3436|p1585,0
human728|p846,0
human3291|p683,0
human3300|p3149,0
human3301|p3149,0
human3302|p2932,0
human1176|p484,0
human1183|p485,0
human1192|p60,0
human1197|p60,0
human1725|p1654,0
human3339|p687,0
human3341|p688,0
human3209|p48,0
human304|p1375,0
human1155|p340,0
human1161|p340,0
human1783|p119,0
human2443|p613,0
human2814|p1297,0
human2822|p650,0
human220|p352,0
human3366|p254,0
human3379|p469,0
human3574|p1298,0
human3576|p1257,0
human3577|p1561,0
human3579|p1659,0
human3580|p1442,0
human3582|p608,0
human3583|p1036,0
human3584|p287,0
human3586|p812,0
human256|p2418,0
human3072|p1815,0
human17|p20,0
human1322|p851,0
human215|p1902,0
human233|p781,0
human257|p594,0
human265|p1200,0
human641|p2541,0
human1125|p1598,0
human1136|p2076,0
human3575|p713,0
human3578|p1591,0
human3742|p1471,0
human167|p1991,0
human1801|p597,0
human1804|p597,0
human1810|p510,0
human2845|p3940,0
human2872|p3939,0
human275|p1118,0
human291|p2943,0
human307|p4856,0
human355|p4957,0
human427|p4908,0
human430|p2427,0
human3784|p2261,0
human2864|p703,0
human2890|p703,0
human364|p995,0
human2259|p245,0
human2263|p2808,0
human3581|p1130,0
human1754|p959,0
human1763|p959,0
human1942|p278,0
human3743|p151,0
human1776|p2021,0
human2429|p2644,0
human2432|p2682,0
human2478|p2927,0
human2490|p2430,0
human2500|p2529,0
human2680|p2539,0
human2843|p1918,0
human2844|p1913,0
human826|p1207,0
human1027|p547,0
human1030|p547,0
human1033|p547,0
human1052|p1188,0
human1055|p1189,0
human1200|p2009,0
human1975|p288,0
human1992|p2476,0
human2002|p790,0
human2012|p790,0
human2015|p790,0
human2411|p3151,0
human3303|p1240,0
human3305|p296,0
human3308|p296,0
human3346|p1089,0
human1093|p2346,0
human881|p2316,0
human1038|p292,0
human1342|p952,0
human1350|p1286,0
human1352|p617,0
human2571|p725,0
human2909|p1255,0
human3227|p1607,0
human3335|p1025,0
human3408|p291,0
human793|p907,0
human1266|p1154,0
human1011|p4543,0
human2712|p460,0
human589|p838,0
human1643|p857,0
human1955|p250,0
human2083|p1480,0
human2237|p1224,0
human2419|p1709,0
human3492|p901,0
human3676|p2890,0
human917|p4262,0
human920|p4269,0
human999|p1969,0
human1000|p1968,0
human2479|p302,0
human3155|p1816,0
human3157|p1496,0
human3160|p2693,0
human3163|p2695,0
human3170|p898,0
human3435|p18,0
human3457|p3028,0
human3472|p2541,0
human3476|p789,0
human2330|p680,0
human2333|p677,0
human3458|p311,0
human3478|p2193,0
human3680|p1052,0
human2603|p4585,0
human511|p45,0
human250|p1929,0
human61|p3896,0
human3490|p687,0
human144|p28,0
human918|p4500,0
human1013|p1136,0
human1015|p1135,0
human3101|p3390,0
human3139|p2477,0
human3144|p697,0
human3146|p595,0
human3293|p1951,0
human3376|p2508,0
human3377|p2511,0
human3683|p2090,0
human3688|p2426,0
human3689|p1853,0
human3690|p924,0
human3691|p1600,0
human3692|p530,0
human3693|p845,0
human54|p2149,0
human79|p4,0
human85|p1576,0
human235|p572,0
human271|p697,0
human383|p319,0
human469|p20,0
human475|p1729,0
human572|p714,0
human620|p553,0
human927|p564,0
human928|p564,0
human3019|p561,0
human1399|p2509,0
human1424|p2702,0
human1953|p1314,0
human2547|p53,0
human2552|p2367,0
human2555|p415,0
human2558|p2749,0
human1887|p371,0
human1891|p372,0
human1895|p371,0
human1910|p1395,0
human1914|p1395,0
human1919|p1395,0
human879|p2475,0
human1320|p586,0
human1960|p4176,0
human2722|p831,0
human754|p2880,0
human758|p73,0
human1967|p12,0
human2836|p727,0
human3573|p818,0
human1665|p129,0
human630|p5049,0
human254|p698,0
human1059|p964,0
human1253|p3131,0
human1257|p2438,0
human1326|p1488,0
human2825|p1091,0
human2838|p1090,0
human2939|p1408,0
human2970|p1298,0
human2981|p1299,0
human2996|p1689,0
human2997|p1696,0
human1581|p107,0
human3486|p1522,0
human3487|p920,0
human855|p3415,0
human947|p102,0
human949|p101,0
human2072|p2980,0
human3125|p4020,0
human3685|p921,0
human3687|p3107,0
human3738|p981,0
human545|p1301,0
human585|p683,0
human699|p270,0
human3518|p705,0
human3519|p1672,0
human3520|p955,0
human3521|p348,0
human3522|p640,0
human1906|p638,0
human708|p451,0
human1816|p441,0
human1940|p650,0
human2307|p1043,0
human2321|p1040,0
human2322|p936,0
human2327|p936,0
human3717|p818,0
human3724|p233,0
human784|p3034,0
human3108|p793,0
human3109|p793,0
human3141|p1599,0
human2777|p643,0
human22|p1951,0
human780|p1748,0
human3530|p2211,0
human3760|p1990,0
human74|p4296,0
human437|p2599,0
human856|p575,0
human2203|p945,0
human341|p1558,0
human3101|p3395,0
human402|p112,0
human494|p2188,0
human3751|p2254,0
human3756|p1835,0
human358|p1109,0
human2085|p1118,0
human698|p2049,0
human1627|p794,0
human3739|p1288,0
human2266|p620,0
human2267|p452,0
human2273|p449,0
human1174|p929,0
human1193|p927,0
human516|p1158,0
human588|p1471,0
human3712|p1826,0
human3721|p354,0
human3722|p1285,0
human3725|p1094,0
human3726|p130,0
human3728|p814,0
human840|p1140,0
human2202|p2222,0
human3108|p974,0
human3109|p975,0
human3489|p439,0
human3491|p1202,0
human983|p1765,0
human990|p1765,0
human3078|p2446,0
human3079|p2446,0
human3280|p3187,0
human3283|p3357,0
human3298|p3240,0
human3313|p2808,0
human3314|p2813,0
human3389|p3446,0
human3566|p793,0
human1019|p2156,0
human1578|p1225,0
human1580|p1636,0
human3151|p1354,0
human3213|p1706,0
human3214|p1705,0
human3225|p1876,0
human3275|p1419,0
human3277|p1419,0
human2494|p1972,0
human2498|p1972,0
human2501|p1971,0
human2504|p1401,0
human2505|p1109,0
human2963|p972,0
human2966|p973,0
human2974|p685,0
human2984|p652,0
human406|p3553,0
human497|p1395,0
human3266|p718,0
human746|p631,0
human950|p628,0
human1002|p1274,0
human1003|p1273,0
human1005|p1105,0
human2491|p3328,0
human3184|p519,0
human3186|p519,0
human3397|p123,0
human3515|p130,0
human3676|p3139,0
human3684|p136,0
human3686|p3978,0
human491|p1141,0
human586|p421,0
human592|p1820,0
human2049|p84,0
human2053|p85,0
human3567|p684,0
human3568|p853,0
human3569|p34,0
human1014|p393,0
human1017|p393,0
human1018|p392,0
human1035|p2072,0
human3138|p1148,0
human3140|p1060,0
human3148|p661,0
human3149|p661,0
human2857|p2322,0
human3075|p4128,0
human3082|p2093,0
human3087|p1173,0
human3089|p1172,0
human3251|p640,0
human3252|p641,0
human3254|p639,0
human3351|p3538,0
human3352|p3537,0
human3399|p2664,0
human590|p1276,0
human2782|p55,0
human930|p1453,0
human936|p1457,0
human1024|p3051,0
human1290|p1840,0
human3322|p1364,0
human3463|p1517,0
human3603|p3288,0
human2746|p276,0
human3516|p4732,0
human142|p21,0
human848|p3156,0
human1014|p2252,0
human1271|p365,0
human1274|p364,0
human3158|p1133,0
human3412|p4532,0
human3612|p338,0
human3613|p1924,0
human3714|p147,0
human3715|p31,0
human3716|p710,0
human3720|p615,0
human2275|p3896,0
human2276|p3849,0
human2938|p1606,0
human1050|p237,0
human2086|p639,0
human2103|p639,0
human2378|p1222,0
human3169|p3240,0
human3361|p4027,0
human1579|p872,0
human1706|p1099,0
human1979|p456,0
human1981|p457,0
human2224|p63,0
human2225|p63,0
human2226|p63,0
human2288|p1470,0
human2507|p1593,0
human2514|p1590,0
human2907|p2413,0
human3188|p1860,0
human798|p1838,0
human1962|p337,0
human1992|p1151,0
human2002|p649,0
human2012|p649,0
human2015|p649,0
human1800|p1798,0
human143|p317,0
human1201|p967,0
human1205|p883,0
human1207|p967,0
human1211|p1185,0
human1700|p237,0
human1700|p2676,0
human1970|p430,0
human1974|p432,0
human1978|p363,0
human2144|p559,0
human2145|p558,0
human2503|p1174,0
human2719|p392,0
human2720|p391,0
human3637|p724,0
human189|p1909,0
human2934|p2172,0
human2935|p2120,0
human3711|p545,0
human3723|p1638,0
human3727|p3319,0
human3485|p230,0
human3488|p194,0
human1290|p1835,0
human1054|p3093,0
human2907|p2408,0
human3454|p3392,0
human3456|p2606,0
human2731|p72,0
human3733|p1085,0
human287|p123,0
human359|p964,0
human733|p161,0
human1220|p1090,0
human1224|p1241,0
human2148|p1150,0
human3441|p493,0
human3466|p723,0
human3473|p774,0
human3643|p1223,0
human3740|p1541,0
human49|p862,0
human2222|p848,0
human1226|p949,0
human218|p3098,0
human452|p1123,0
human487|p3840,0
human952|p2585,0
human954|p2585,0
human2609|p239,0
human2621|p239,0
human2624|p239,0
human3210|p1464,0
human3599|p2380,0
human3600|p1026,0
human3601|p220,0
human3602|p2721,0
human300|p169,0
human346|p1280,0
human417|p1151,0
human423|p1877,0
human1356|p2312,0
human2530|p126,0
human2682|p753,0
human2697|p680,0
human1434|p438,0
human3614|p349,0
human3709|p3926,0
human1982|p79,0
human1659|p3358,0
human2008|p3019,0
human1166|p362,0
human1116|p2303,0
human1127|p2302,0
human1132|p2303,0
human8|p2300,0
human512|p1826,0
human3105|p2419,0
human3106|p2715,0
human596|p1358,0
human1664|p1091,0
human1932|p829,0
human2013|p1099,0
human2018|p1093,0
human2031|p34,0
human2044|p34,0
human2932|p1029,0
human915|p722,0
human916|p723,0
human3007|p78,0
human3016|p2050,0
human3402|p4278,0
human3403|p4280,0
human3404|p2302,0
human3604|p3982,0
human948|p782,0
human3038|p2311,0
human3045|p3142,0
human3676|p3774,0
human1110|p498,0
human1114|p495,0
human1122|p352,0
human2310|p1989,0
human2315|p1927,0
human241|p1275,0
human551|p1238,0
human796|p1364,0
human925|p1730,0
human3297|p1062,0
human1243|p1290,0
human2896|p2334,0
human1199|p123,0
human3203|p4564,0
human3206|p4564,0
human3282|p4986,0
human3358|p2940,0
human3431|p3519,0
human3598|p3125,0
human3001|p1649,0
human3005|p1517,0
human2489|p2540,0
human786|p2486,0
human2672|p522,0
human2149|p669,0
human2151|p526,0
human2156|p2780,0
human2165|p2419,0
human133|p1910,0
human477|p2223,0
human878|p155,0
human1260|p979,0
human2147|p1447,0
human2419|p1385,0
human2778|p470,0
human2779|p980,0
human2911|p1176,0
human2912|p1171,0
human3150|p2089,0
human1383|p262,0
human1388|p92,0
human1389|p92,0
human1983|p118,0
human2289|p758,0
human2290|p763,0
human2291|p757,0
human2298|p354,0
human2301|p354,0
human2247|p2027,0
human2255|p1720,0
human2922|p2466,0
human2944|p1948,0
human2954|p1628,0
human3220|p1101,0
human3224|p1070,0
human62|p2284,0
human212|p97,0
human964|p4152,0
human965|p4156,0
human977|p1746,0
human1025|p3351,0
human3062|p5060,0
human3073|p2914,0
human3076|p2674,0
human3077|p4922,0
human3112|p2424,0
human3166|p4494,0
human3167|p4208,0
human3178|p4261,0
human3195|p3065,0
human3344|p2262,0
human3382|p1860,0
human3384|p2868,0
human3390|p4058,0
human3395|p1521,0
human3396|p1521,0
human3434|p3649,0
human3494|p362,0
human256|p39,0
human922|p3364,0
human1991|p4478,0
human3012|p1845,0
human3372|p4036,0
human3646|p2416,0
human2025|p1104,0
human3203|p4525,0
human3206|p4525,0
human3330|p2203,0
human2041|p1019,0
human236|p1213,0
human424|p1170,0
human519|p1199,0
human981|p778,0
human1010|p1251,0
human1012|p1253,0
human1355|p899,0
human2995|p532,0
human2998|p532,0
human3117|p1391,0
human3120|p1398,0
human3234|p1137,0
human3235|p1139,0
human3357|p1723,0
human3611|p425,0
human3053|p784,0
human3250|p438,0
human3255|p438,0
human68|p1653,0
human1171|p1588,0
human1441|p1858,0
human2081|p1728,0
human2082|p1738,0
human2114|p1868,0
human2139|p919,0
human2377|p1957,0
human3493|p1472,0
human1200|p1473,0
human3400|p2131,0
human30|p771,0
human92|p40,0
human98|p524,0
human248|p956,0
human272|p2696,0
human488|p31,0
human496|p1999,0
human561|p4324,0
human571|p2549,0
human579|p1100,0
human807|p100,0
human1380|p2961,0
human867|p708,0
human1133|p555,0
human2080|p2170,0
human794|p2522,0
human2715|p1941,0
human800|p1374,0
human2775|p524,0
human3737|p670,0
human1382|p591,0
human1385|p592,0
human591|p3756,0
human760|p2599,0
human915|p2259,0
human916|p2260,0
human922|p414,0
human930|p2854,0
human936|p2860,0
human1024|p1101,0
human3007|p328,0
human3012|p976,0
human3203|p330,0
human3206|p330,0
human3322|p745,0
human3337|p684,0
human3402|p1090,0
human3403|p1091,0
human3463|p1666,0
human3603|p3044,0
human1941|p2171,0
human26|p405,0
human80|p256,0
human565|p987,0
human1925|p26,0
human2109|p68,0
human757|p1126,0
human795|p822,0
human1078|p321,0
human1079|p321,0
human1807|p222,0
human2690|p182,0
human2692|p182,0
human2695|p182,0
human3735|p76,0
human3736|p395,0
human937|p3481,0
human3026|p4208,0
human3027|p4195,0
human3028|p4196,0
human2207|p1393,0
human2528|p516,0
human2458|p21,0
human3638|p454,0
human906|p4021,0
human970|p2968,0
human973|p2973,0
human2090|p1332,0
human3064|p4761,0
human24|p3248,0
human657|p2219,0
human671|p217,0
human681|p2148,0
human687|p1955,0
human689|p5546,0
human955|p3532,0
human960|p3531,0
human3056|p3315,0
human3058|p3043,0
human3145|p3712,0
human3422|p1536,0
human787|p2256,0
human975|p2724,0
human978|p2731,0
human3516|p3605,0
human2462|p1155,0
human3604|p617,0
human356|p864,0
human3734|p571,0
human216|p724,0
human785|p367,0
human3207|p2122,0
human3270|p398,0
human622|p1422,0
human1757|p941,0
human3741|p1564,0
human1793|p2542,0
human1805|p2542,0
human1818|p3651,0
human956|p3515,0
human958|p3515,0
human3055|p2875,0
human3059|p2794,0
human3367|p1098,0
human3368|p1098,0
human3427|p3766,0
human915|p1638,0
human916|p1639,0
human2181|p1170,0
human3007|p3554,0
human3402|p2480,0
human3403|p2481,0
human3604|p216,0
human2790|p55,0
human2793|p55,0
human2496|p510,0
human3350|p1285,0
human3591|p1707,0
human594|p1133,0
human2700|p1582,0
human2701|p1611,0
human2703|p2416,0
human232|p1089,0
human2463|p799,0
human3499|p803,0
human752|p27,0
human792|p601,0
human847|p375,0
human850|p629,0
human863|p1152,0
human871|p1455,0
human875|p306,0
human898|p953,0
human901|p881,0
human3048|p3877,0
human3113|p4366,0
human902|p77,0
human141|p1167,0
human1117|p3195,0
human1367|p839,0
human1961|p2564,0
human2162|p2,0
human3097|p3201,0
human3126|p297,0
human3200|p340,0
human3421|p1271,0
human3425|p1271,0
human1241|p1082,0
human1250|p1083,0
human2916|p664,0
human3415|p615,0
human1953|p2780,0
human1026|p3350,0
human2800|p2380,0
human2804|p2382,0
human2807|p2380,0
human3343|p439,0
human1946|p239,0
human119|p2905,0
human1800|p1488,0
human3036|p2177,0
human3219|p1089,0
human1185|p1007,0
human1406|p2237,0
human1430|p2022,0
human1154|p468,0
human1156|p469,0
human2206|p1401,0
human3710|p221,0
human2085|p53,0
human121|p1146,0
human637|p3720,0
human3420|p2576,0
human2710|p1687,0
human737|p1612,0
human740|p1251,0
human415|p1241,0
human2994|p489,0
human2304|p437,0
human108|p1461,0
human326|p1974,0
human425|p3670,0
human431|p1488,0
human684|p1435,0
human2584|p457,0
human2585|p458,0
human296|p1565,0
human879|p85,0
human1320|p1099,0
human1850|p2308,0
human1857|p2136,0
human1865|p2138,0
human1868|p2134,0
human1883|p2174,0
human1960|p2955,0
human1028|p901,0
human2431|p836,0
human2548|p548,0
human2549|p548,0
human2561|p726,0
human3256|p370,0
human3345|p729,0
human3388|p43,0
human3451|p1583,0
human466|p763,0
human3228|p736,0
human3447|p232,0
human3453|p246,0
human885|p2764,0
human16|p3335,0
human365|p2910,0
human2153|p3752,0
human752|p774,0
human847|p569,0
human850|p404,0
human863|p199,0
human875|p1451,0
human642|p479,0
human3010|p3842,0
human3011|p3842,0
human3242|p1346,0
human3246|p3842,0
human3373|p435,0
human1701|p2625,0
human1701|p7577,0
human1704|p2602,0
human1706|p1094,0
human948|p4877,0
human3038|p3411,0
human3045|p1162,0
human1743|p1837,0
human3588|p840,0
human3590|p1089,0
human3383|p356,0
human75|p5672,0
human3133|p2759,0
human2041|p214,0
human2453|p1999,0
human2472|p2037,0
human2474|p2016,0
human2999|p3539,0
human3002|p5024,0
human3040|p2382,0
human3050|p3989,0
human3100|p4285,0
human3103|p4098,0
human3287|p1763,0
human3393|p1030,0
human3405|p1084,0
human3430|p4974,0
human3462|p1409,0
human2413|p976,0
human632|p1182,0
human3732|p863,0
human1199|p774,0
human2394|p176,0
human2403|p176,0
human2696|p646,0
human2768|p162,0
human518|p2430,0
human3131|p5077,0
human1553|p584,0
human1553|p2294,0
human1840|p1736,0
human1840|p2129,0
human1845|p1736,0
human1845|p2129,0
human1852|p2038,0
human1852|p2128,0
human1863|p2032,0
human1863|p2122,0
human1867|p2031,0
human1867|p2121,0
human1873|p2055,0
human1873|p2146,0
human1877|p2060,0
human1877|p2151,0
human1879|p2053,0
human1879|p2102,0
human2604|p3505,0
human2349|p735,0
human164|p3957,0
human574|p2013,0
human662|p2044,0
human3514|p604,0
human2064|p3251,0
human447|p1121,0
human798|p3611,0
human1962|p1419,0
human2458|p789,0
human756|p74,0
human759|p1082,0
human792|p1364,0
human898|p541,0
human901|p1012,0
human2349|p687,0
human3282|p4347,0
human3358|p4812,0
human3431|p452,0
human3589|p1114,0
human1680|p797,0
human3482|p2027,0
human1987|p4552,0
human3733|p1499,0
human2452|p1204,0
human3411|p2823,0
human3179|p315,0
human3181|p315,0
human3182|p1515,0
human738|p1822,0
human742|p3030,0
human3498|p1464,0
human2665|p1934,0
human2677|p1970,0
human3781|p1252,0
human1791|p2167,0
human3074|p153,0
human3084|p1365,0
human3085|p1365,0
human3086|p3282,0
human3090|p3130,0
human2653|p871,0
human88|p1973,0
human1178|p1004,0
human1191|p2660,0
human1196|p2592,0
human1198|p2451,0
human2764|p1594,0
human2772|p1594,0
human1037|p1261,0
human1045|p1089,0
human728|p1057,0
human2340|p3163,0
human2366|p3468,0
human2371|p3477,0
human2379|p3467,0
human2387|p4124,0
human2396|p4053,0
human751|p864,0
human2330|p13,0
human2333|p13,0
human3458|p2712,0
human3478|p4865,0
human3680|p3325,0
human3738|p1885,0
human1913|p1536,0
human3781|p1956,0
human1722|p4705,0
human1913|p661,0
human3429|p253,0
human188|p649,0
human3129|p1860,0
human3130|p1860,0
human599|p287,0
human2570|p665,0
human3046|p2143,0
human3495|p1191,0
human1321|p2832,0
human1332|p2831,0
human1339|p2729,0
human1116|p1625,0
human1127|p1359,0
human1132|p1396,0
human2486|p512,0
human3291|p2092,0
human3300|p926,0
human3301|p926,0
human3302|p926,0
human2222|p249,0
human3504|p1445,0
human1042|p2777,0
human1822|p1648,0
human274|p1075,0
human3505|p595,0
human1103|p2231,0
human1105|p2668,0
human1108|p2671,0
human3380|p2097,0
human819|p605,0
human1172|p488,0
human1264|p974,0
human1384|p20,0
human1438|p1368,0
human1594|p1465,0
human1829|p917,0
human2107|p856,0
human2337|p134,0
human1347|p643,0
human1707|p1309,0
human1778|p270,0
human2761|p1549,0
human3509|p877,0
human3506|p1273,0
human1151|p250,0
human3507|p169,0
human3508|p184,0
human443|p3873,0
human369|p533,0
human1980|p621,0
human2510|p223,0
human2532|p422,0
human2536|p918,0
human2546|p636,0
human3129|p941,0
human3130|p941,0
human3511|p1398,0
human3495|p826,0
human2412|p2393,0
human3046|p2682,0
human3512|p309,0
human105|p1269,0
human327|p3798,0
human428|p4122,0
human429|p2373,0
human658|p569,0
human2353|p7,0
human1212|p970,0
human2195|p33,0
human3502|p1488,0
human3510|p1215,0
human828|p1232,0
human2608|p838,0
human2036|p1270,0
human2039|p1271,0
human698|p922,0
human1627|p1739,0
human135|p4336,0
human446|p2126,0
human667|p291,0
human830|p2200,0
human1826|p785,0
human1827|p787,0
human2602|p693,0
human275|p4676,0
human2946|p1051,0
human2956|p1055,0
human2969|p231,0
human2983|p231,0
human3501|p497,0
human255|p421,0
human3115|p1222,0
human3116|p1225,0
human1913|p1776,0
human2413|p359,0
human2005|p2866,0
human2014|p2687,0
human2022|p3401,0
human3240|p624,0
human3244|p624,0
human3245|p624,0
human2653|p1491,0
human752|p156,0
human792|p471,0
human847|p1116,0
human850|p39,0
human863|p85,0
human871|p826,0
human875|p446,0
human898|p625,0
human901|p745,0
human1258|p81,0
human1621|p1151,0
human946|p1054,0
human77|p518,0
human3189|p776,0
human3190|p776,0
human3192|p249,0
human3193|p249,0
human1386|p1129,0
human3286|p1052,0
human3288|p1053,0
human1263|p1660,0
human1371|p91,0
human1377|p1460,0
human1381|p1165,0
human2576|p617,0
human2583|p617,0
human2677|p1873,0
human1819|p1920,0
human367|p1136,0
human2349|p947,0
human3500|p130,0
human330|p2842,0
human636|p3650,0
human3620|p878,0
human3621|p128,0
human3622|p628,0
human3625|p585,0
human3626|p123,0
human1843|p5822,0
human1853|p5312,0
human1872|p4987,0
human3685|p4100,0
human1006|p3758,0
human1008|p3762,0
human3095|p2394,0
human3119|p857,0
human3391|p2557,0
human3418|p1726,0
human1921|p857,0
human854|p2902,0
human2786|p1160,0
human282|p1452,0
human3623|p766,0
human1930|p134,0
human1931|p134,0
human1935|p1235,0
human595|p220,0
human3619|p970,0
human3809|p26,0
human3000|p2768,0
human3014|p1042,0
human3025|p1040,0
human3030|p1040,0
human3044|p971,0
human3060|p2221,0
human3069|p1254,0
human3201|p3705,0
human3212|p2772,0
human3215|p2770,0
human3238|p2008,0
human3248|p3577,0
human3424|p393,0
human1306|p766,0
human2312|p320,0
human2566|p965,0
human2567|p965,0
human2652|p467,0
human2655|p467,0
human2666|p1296,0
human3129|p170,0
human3130|p170,0
human1595|p389,0
human1046|p1900,0
human3232|p405,0
human3329|p1543,0
human2508|p1317,0
human2518|p1313,0
human707|p968,0
human3165|p2722,0
human991|p2021,0
human996|p1744,0
human3135|p1988,0
human3273|p669,0
human3386|p1363,0
human3449|p2011,0
human1902|p2028,0
human2073|p1030,0
human2076|p1036,0
human2756|p1537,0
human1014|p981,0
human1017|p981,0
human1018|p980,0
human1019|p1384,0
human1035|p1579,0
human1578|p1929,0
human1580|p2148,0
human3138|p1804,0
human3140|p1661,0
human3148|p1021,0
human3149|p1021,0
human3151|p1570,0
human3213|p1028,0
human3214|p1027,0
human3225|p1084,0
human3275|p753,0
human3277|p753,0
human305|p39,0
human1703|p3522,0
human2842|p1333,0
human2950|p743,0
human2958|p742,0
human2977|p883,0
human2985|p882,0
human256|p2327,0
human1013|p465,0
human1015|p465,0
human1376|p420,0
human1757|p354,0
human3092|p2470,0
human3094|p2471,0
human3159|p2288,0
human3414|p137,0
human2898|p1850,0
human3483|p435,0
human2565|p939,0
human910|p1389,0
human911|p189,0
human912|p1367,0
human3324|p1866,0
human3624|p855,0
human1175|p345,0
human1954|p438,0
human497|p1139,0
human549|p1126,0
human1680|p1144,0
human710|p497,0
human1124|p69,0
human1129|p69,0
human1922|p323,0
human1989|p217,0
human1990|p219,0
human2006|p3596,0
human274|p2433,0
human957|p657,0
human959|p657,0
human3054|p969,0
human3057|p970,0
human3136|p3023,0
human3440|p2271,0
human3442|p2272,0
human838|p281,0
human1323|p846,0
human1331|p846,0
human1338|p847,0
human2106|p131,0
human2108|p131,0
human2176|p366,0
human2187|p366,0
human2296|p1184,0
human2299|p1185,0
human2405|p658,0
human2586|p776,0
human280|p93,0
human2099|p1164,0
human2101|p1092,0
human2397|p2150,0
human3098|p4332,0
human3099|p3859,0
human1313|p540,0
human1303|p777,0
human2050|p712,0
human2052|p712,0
human3627|p722,0
human3628|p1107,0
human3629|p255,0
human3630|p719,0
human498|p1355,0
human208|p4633,0
human3347|p3923,0
human2664|p963,0
human91|p1845,0
human762|p1747,0
human2924|p1297,0
human2084|p1179,0
human2771|p3229,0
human838|p554,0
human1989|p1031,0
human1990|p1033,0
human2435|p625,0
human2436|p625,0
human2820|p1008,0
human2435|p292,0
human2436|p292,0
human398|p1212,0
human1359|p1635,0
human1727|p1739,0
human3046|p210,0
human1243|p458,0
human3174|p1014,0
human3175|p1014,0
human3332|p1493,0
human2723|p1489,0
human2725|p1488,0
human2729|p48,0
human723|p1662,0
human1001|p854,0
human1004|p853,0
human1016|p673,0
human3043|p874,0
human3360|p2671,0
human3362|p2501,0
human1757|p251,0
human1219|p2201,0
human1221|p2202,0
human1223|p1960,0
human2019|p2084,0
human2346|p3118,0
human2654|p2841,0
human2659|p1469,0
human3675|p2985,0
human983|p4036,0
human990|p4036,0
human1290|p737,0
human1579|p4051,0
human1701|p4058,0
human1701|p9010,0
human1704|p3910,0
human1706|p4536,0
human2224|p4601,0
human2225|p4333,0
human2226|p4235,0
human2288|p3642,0
human2907|p2577,0
human3078|p1953,0
human3079|p1953,0
human3101|p3160,0
human3280|p907,0
human3283|p634,0
human3298|p455,0
human3313|p3207,0
human3314|p3151,0
human3389|p1449,0
human2785|p15,0
human2789|p14,0
human997|p1636,0
human1979|p2094,0
human1981|p1950,0
human1987|p1317,0
human2507|p1611,0
human2514|p1608,0
human1175|p1996,0
human2312|p2096,0
human2566|p2031,0
human2567|p1796,0
human2652|p2102,0
human2655|p1918,0
human2666|p1851,0
human1217|p2851,0
human3471|p2818,0
human3474|p2817,0
human29|p3313,0
human2261|p245,0
human218|p79,0
human3676|p1237,0
human807|p4068,0
human956|p4357,0
human958|p4404,0
human3055|p4164,0
human3059|p4029,0
human3367|p1589,0
human3368|p1588,0
human3372|p1434,0
human3427|p1432,0
human3646|p132,0
human28|p92,0
human144|p3219,0
human495|p3556,0
human746|p1532,0
human918|p4674,0
human947|p2684,0
human949|p2684,0
human950|p3395,0
human1002|p3785,0
human1003|p3784,0
human1005|p3609,0
human3008|p4793,0
human3009|p4417,0
human3128|p3107,0
human3229|p374,0
human3230|p373,0
human3257|p1596,0
human3258|p1598,0
human3348|p3250,0
human3349|p3288,0
human3369|p1445,0
human3370|p1453,0
human3376|p2711,0
human3377|p2714,0
human3397|p4088,0
human3683|p4643,0
human3684|p4557,0
human3686|p4431,0
human3687|p1337,0
human3688|p259,0
human3689|p986,0
human3690|p4169,0
human3691|p4470,0
human3692|p4488,0
human3693|p4453,0
human1821|p2066,0
human2008|p2702,0
human918|p3754,0
human3155|p3015,0
human3157|p2696,0
human3160|p1166,0
human3163|p1167,0
human3170|p4673,0
human3365|p4506,0
human3435|p1565,0
human3457|p405,0
human3476|p1692,0
human2194|p2022,0
human1027|p1888,0
human1030|p1890,0
human1033|p1886,0
human1052|p3100,0
human1055|p3101,0
human3141|p3502,0
human3303|p751,0
human3305|p1987,0
human3308|p1985,0
human3346|p2014,0
human1992|p3020,0
human1996|p1340,0
human2002|p1267,0
human2012|p1267,0
human2015|p1267,0
human30|p2984,0
human92|p4269,0
human98|p4323,0
human248|p3201,0
human272|p353,0
human488|p1183,0
human496|p2821,0
human561|p1967,0
human571|p4264,0
human579|p1801,0
human999|p931,0
human1000|p930,0
human2072|p4393,0
human2479|p836,0
human3098|p2577,0
human3099|p2477,0
human3125|p2047,0
human3139|p4408,0
human3144|p464,0
human3146|p1743,0
human3293|p1619,0
human3472|p688,0
human1200|p2273,0
human2491|p1584,0
human3184|p4133,0
human3186|p4133,0
human3515|p3109,0
human2830|p131,0
human2700|p710,0
human2701|p712,0
human2703|p2220,0
human2087|p3187,0
human3571|p1551,0
human2179|p938,0
human2186|p940,0
human2200|p940,0
human698|p1276,0
human1627|p121,0
human591|p943,0
human760|p4782,0
human922|p3908,0
human930|p3851,0
human936|p3857,0
human1024|p3790,0
human1793|p1122,0
human1805|p1122,0
human1818|p4318,0
human3012|p4205,0
human3203|p1397,0
human3206|p1397,0
human3291|p648,0
human3300|p2666,0
human3301|p2666,0
human3302|p2542,0
human3322|p4174,0
human3402|p3,0
human3403|p3,0
human3463|p4477,0
human3603|p4437,0
human3604|p754,0
human291|p2612,0
human307|p3270,0
human355|p4858,0
human430|p3898,0
human447|p2429,0
human855|p2224,0
human2330|p3731,0
human3458|p5298,0
human3478|p5253,0
human3602|p1315,0
human3680|p2485,0
human3784|p4555,0
human2080|p2364,0
human452|p2899,0
human948|p1191,0
human2296|p420,0
human2299|p420,0
human3038|p868,0
human3045|p5987,0
human3102|p2851,0
human3104|p2853,0
human3161|p3536,0
human3162|p3552,0
human3282|p2448,0
human3358|p2175,0
human3431|p4114,0
human3598|p160,0
human915|p681,0
human916|p682,0
human3007|p2126,0
human798|p3124,0
human1054|p3406,0
human1962|p5197,0
human3123|p5251,0
human3210|p2562,0
human3454|p807,0
human3456|p847,0
human1964|p3450,0
human487|p2511,0
human952|p3673,0
human954|p3673,0
human3599|p626,0
human3600|p3801,0
human3601|p3142,0
human419|p1492,0
human2545|p746,0
human2922|p1041,0
human2184|p2056,0
human2725|p1669,0
human1800|p579,0
human1582|p2870,0
human2473|p1427,0
human2477|p1427,0
human2480|p1427,0
human2559|p3,0
human2562|p3,0
human2803|p2908,0
human2811|p2870,0
human1|p713,0
human83|p1314,0
human701|p2140,0
human1053|p671,0
human1056|p671,0
human1291|p1390,0
human2338|p1552,0
human3199|p607,0
human3444|p1600,0
human3705|p1441,0
human3051|p1227,0
human3052|p1227,0
human3702|p33,0
human3703|p1224,0
human3699|p599,0
human1620|p1471,0
human3359|p1826,0
human3374|p1409,0
human3704|p1571,0
human15|p854,0
human106|p651,0
human217|p1590,0
human451|p1466,0
human688|p169,0
human961|p1214,0
human1096|p1479,0
human1480|p1212,0
human2057|p166,0
human2572|p975,0
human2816|p799,0
human3698|p2106,0
human3378|p1395,0
human2613|p490,0
human2628|p490,0
human2630|p147,0
human2632|p147,0
human2633|p147,0
human2634|p524,0
human2635|p524,0
human199|p2397,0
human691|p2081,0
human1167|p1444,0
human1711|p355,0
human1790|p966,0
human3700|p1112,0
human219|p1805,0
human3701|p1819,0
human790|p1417,0
human1022|p1519,0
human1023|p1518,0
human3276|p415,0
human1062|p609,0
human3290|p2136,0
human3208|p1296,0
human704|p33,0
human1048|p675,0
human3708|p390,0
human3004|p1828,0
human3111|p1154,0
human3197|p1507,0
human3202|p1811,0
human951|p2476,0
human931|p1743,0
human940|p1741,0
human743|p2126,0
human747|p349,0
human919|p2558,0
human944|p1732,0
human3035|p1405,0
human3694|p1103,0
human3695|p2402,0
human3696|p2386,0
human3697|p2051,0
human3310|p1833,0
human3311|p1834,0
human1187|p1263,0
human1188|p1262,0
human2656|p1365,0
human2676|p1384,0
human3260|p1329,0
human3261|p556,0
human3267|p2038,0
human3309|p1458,0
human695|p2304,0
human700|p1391,0
human2254|p141,0
human2992|p1251,0
human3285|p2077,0
human966|p911,0
human2679|p1034,0
human791|p1905,0
human899|p1040,0
human900|p458,0
human753|p303,0
human1046|p1795,0
human3273|p1681,0
human991|p1037,0
human996|p868,0
human3135|p1517,0
human3152|p1445,0
human3386|p1468,0
human3424|p1294,0
human3449|p634,0
human1936|p1688,0
human1938|p1486,0
human2468|p1625,0
human945|p1223,0
human3180|p829,0
human3707|p1049,0
human985|p978,0
human995|p1426,0
human3047|p1048,0
human3088|p584,0
human3122|p666,0
human3262|p1104,0
human3265|p1104,0
human3269|p1362,0
human3312|p1393,0
human3394|p1352,0
human2077|p1348,0
human1213|p1336,0
human1203|p1730,0
human3318|p824,0
human3385|p79,0
human1822|p683,0
human1703|p758,0
human3168|p2078,0
human3171|p2079,0
human2302|p609,0
human2318|p1431,0
human3164|p488,0
human1977|p1061,0
human258|p705,0
human2699|p89,0
human1902|p1508,0
human1016|p916,0
human3043|p2399,0
human3429|p2082,0
human592|p1717,0
human3567|p1374,0
human3568|p1112,0
human723|p315,0
human1001|p230,0
human1004|p229,0
human3174|p827,0
human3175|p827,0
human3332|p932,0
human3360|p823,0
human3362|p823,0
human2049|p1052,0
human2053|p1144,0
human3566|p455,0
human3569|p1315,0
human491|p1331,0
human2731|p174,0
human586|p1620,0
human1202|p1067,0
human1206|p1068,0
human2787|p1823,0
human2792|p1822,0
human3337|p1617,0
human1343|p1144,0
human2332|p3609,0
human744|p2968,0
human3677|p2969,0
human3678|p3876,0
human2487|p1210,0
human283|p3241,0
human854|p2205,0
human387|p4392,0
human449|p2705,0
human458|p3341,0
human539|p3897,0
human923|p1938,0
human924|p1938,0
human3013|p2941,0
human3015|p2084,0
human3398|p3216,0
human152|p138,0
human2281|p148,0
human2282|p148,0
human2283|p148,0
human2284|p302,0
human2286|p302,0
human262|p2793,0
human1113|p4772,0
human858|p2197,0
human2564|p1327,0
human782|p59,0
human2577|p2700,0
human2578|p2700,0
human2580|p2697,0
human1792|p2126,0
human2717|p3472,0
human1041|p3390,0
human3409|p753,0
human1050|p2329,0
human2493|p1369,0
human3134|p3602,0
human3143|p1673,0
human3294|p688,0
human3295|p701,0
human3326|p1450,0
human3327|p1453,0
human3363|p2363,0
human3364|p2362,0
human3448|p2225,0
human3450|p2229,0
human1036|p749,0
human1044|p752,0
human2048|p2107,0
human319|p3261,0
human3|p668,0
human84|p5059,0
human130|p1318,0
human246|p5020,0
human536|p3083,0
human613|p66,0
human1050|p1248,0
human3169|p2990,0
human3361|p2973,0
human3410|p48,0
human794|p800,0
human2715|p1678,0
human3022|p1266,0
human868|p1621,0
human1792|p1364,0
human2717|p3733,0
human3448|p871,0
human3450|p872,0
human2556|p322,0
human1077|p3795,0
human1082|p4209,0
human1085|p4510,0
human858|p1052,0
human513|p2609,0
human348|p1013,0
human1284|p465,0
human1663|p301,0
human1681|p299,0
human1732|p323,0
human1734|p325,0
human1937|p1073,0
human2591|p1038,0
human2594|p957,0
human3|p1970,0
human84|p4086,0
human130|p3516,0
human246|p1125,0
human536|p3529,0
human613|p406,0
human782|p580,0
human1041|p8,0
human1050|p3819,0
human2577|p5041,0
human2578|p4950,0
human2580|p4988,0
human3134|p2504,0
human3143|p3484,0
human3169|p3506,0
human3326|p3798,0
human3327|p3802,0
human3361|p831,0
human3363|p3552,0
human3364|p3549,0
human3409|p4694,0
human1051|p2855,0
human3294|p1403,0
human3295|p1418,0
human1217|p1564,0
human252|p2784,0
human713|p3605,0
human714|p584,0
human716|p712,0
human718|p3605,0
human3410|p5257,0
human2275|p342,0
human2276|p340,0
human776|p1405,0
human1415|p1738,0
human2140|p537,0
human2172|p826,0
human2185|p777,0
human1036|p1632,0
human1044|p1636,0
human3136|p322,0
human3440|p1011,0
human3442|p1011,0
human719|p491,0
human810|p1061,0
human1709|p88,0
human2557|p663,0
human2638|p2472,0
human2089|p1794,0
human2460|p556,0
human2466|p479,0
human2410|p1772,0
human2425|p1810,0
human2426|p1810,0
human2427|p1809,0
human2499|p1173,0
human3552|p1102,0
human1943|p1152,0
human1944|p1542,0
human2943|p813,0
human2968|p42,0
human2979|p41,0
human957|p1974,0
human959|p1975,0
human3054|p1492,0
human3057|p1492,0
human2007|p1860,0
human854|p1152,0
human24|p62,0
human657|p5595,0
human671|p5187,0
human681|p5295,0
human687|p5228,0
human689|p1335,0
human955|p1783,0
human960|p1783,0
human3056|p1987,0
human3058|p1987,0
human893|p690,0
human3464|p1182,0
human3465|p1139,0
human1148|p1673,0
human2332|p1462,0
human1234|p303,0
human1304|p413,0
human1309|p58,0
human1812|p968,0
human1815|p610,0
human2295|p663,0
human2300|p663,0
human2593|p1172,0
human2918|p188,0
human2926|p193,0
human997|p3537,0
human3438|p3496,0
human3439|p3207,0
human363|p3422,0
human1343|p338,0
human3156|p1355,0
human3172|p1375,0
human3296|p1796,0
human3299|p1852,0
human3459|p981,0
human1758|p809,0
human841|p1562,0
human1086|p1191,0
human1089|p1199,0
human1090|p1191,0
human1092|p1112,0
human2598|p536,0
human2617|p350,0
human2620|p350,0
human1179|p1298,0
human1324|p1413,0
human1340|p1413,0
human1949|p402,0
human2827|p1156,0
human2833|p1107,0
human2942|p434,0
human2976|p668,0
human3071|p2985,0
human976|p2773,0
human980|p2768,0
human3066|p1825,0
human3068|p3600,0
human3279|p4401,0
human3281|p2940,0
human2885|p2033,0
human2791|p417,0
human2801|p410,0
human3274|p4093,0
human697|p1210,0
human886|p2911,0
human941|p1749,0
human969|p171,0
human1007|p260,0
human3049|p1271,0
human3118|p259,0
human3129|p1075,0
human3130|p1075,0
human3205|p171,0
human3316|p2010,0
human3426|p62,0
human1629|p576,0
human2461|p971,0
human744|p1350,0
human3677|p4602,0
human3678|p1816,0
human1684|p1475,0
human1693|p472,0
human972|p1805,0
human974|p1805,0
human3037|p1209,0
human3039|p1210,0
human3083|p3670,0
human3222|p2428,0
human3413|p2064,0
human3337|p526,0
human152|p360,0
human262|p3142,0
human1113|p4835,0
human2281|p4639,0
human2282|p4647,0
human2283|p4586,0
human2284|p4811,0
human2286|p4728,0
human781|p1119,0
human2227|p715,0
human2235|p719,0
human754|p3028,0
human758|p206,0
human784|p5963,0
human1685|p2340,0
human1695|p2379,0
human2210|p769,0
human3596|p1505,0
human3597|p1729,0
human2446|p1837,0
human2481|p1373,0
human3136|p3597,0
human3440|p1644,0
human3442|p1644,0
human167|p1999,0
human767|p948,0
human2625|p1597,0
human1901|p404,0
human1903|p451,0
human1354|p1081,0
human1619|p1248,0
human1639|p1240,0
human1741|p699,0
human1751|p426,0
human1753|p748,0
human1759|p561,0
human1929|p213,0
human2205|p1064,0
human2732|p540,0
human2820|p1778,0
human957|p4081,0
human959|p4082,0
human3054|p4030,0
human3057|p4420,0
human3348|p3978,0
human3349|p4003,0
human882|p2497,0
human3238|p2394,0
human519|p1639,0
human3234|p1220,0
human3235|p1222,0
human3036|p2241,0
human1123|p1123,0
human1130|p1123,0
human925|p1932,0
human1010|p1441,0
human1012|p1443,0
human2995|p1364,0
human2998|p1363,0
human3117|p995,0
human3158|p1941,0
human3297|p1810,0
human3324|p157,0
human3357|p2003,0
human3552|p4374,0
human3185|p468,0
human3187|p467,0
human3319|p436,0
human3320|p436,0
human3321|p436,0
human3432|p333,0
human964|p4692,0
human965|p4620,0
human3062|p4946,0
human3178|p4343,0
human3242|p4653,0
human3246|p4140,0
human1669|p1183,0
human2949|p534,0
human2955|p534,0
human2973|p1054,0
human513|p3533,0
human1006|p2262,0
human1008|p2263,0
human3095|p2487,0
human3119|p281,0
human3391|p2420,0
human2999|p3622,0
human3002|p3453,0
human3100|p3974,0
human3103|p3787,0
human3195|p4874,0
human3287|p4340,0
human3390|p4495,0
human3462|p2515,0
human236|p2305,0
human424|p2000,0
human796|p1923,0
human3611|p1788,0
human855|p1615,0
human2274|p2624,0
human3437|p1760,0
human1025|p3840,0
human1025|p5188,0
human3050|p4634,0
human3077|p4997,0
human3344|p2548,0
human3382|p5008,0
human3384|p3722,0
human3393|p587,0
human3405|p2054,0
human3411|p3997,0
human3422|p4613,0
human3434|p4722,0
human2234|p768,0
human2941|p1673,0
human1064|p1466,0
human1065|p732,0
human116|p545,0
human986|p1174,0
human988|p1173,0
human2987|p1000,0
human3041|p922,0
human3080|p2994,0
human3183|p1207,0
human3073|p4097,0
human3145|p4233,0
human3150|p5485,0
human3166|p4655,0
human3167|p4292,0
human3373|p5879,0
human3395|p5083,0
human3430|p4485,0
human2826|p1295,0
human2837|p1142,0
human2175|p1250,0
human2192|p1252,0
human2084|p645,0
human27|p1755,0
human281|p2452,0
human341|p1113,0
human522|p2932,0
human926|p1757,0
human1457|p494,0
human1661|p803,0
human3020|p1511,0
human3021|p1451,0
human977|p4870,0
human3048|p5121,0
human3113|p4620,0
human3131|p3622,0
human2591|p515,0
human2594|p476,0
human3112|p3170,0
human3420|p5223,0
human2152|p1262,0
human730|p333,0
human894|p691,0
human59|p3071,0
human82|p277,0
human286|p1721,0
human523|p3126,0
human953|p3026,0
human962|p2386,0
human1020|p2046,0
human1049|p702,0
human3091|p1627,0
human3114|p2585,0
human3132|p1341,0
human3241|p603,0
human3342|p1981,0
human3445|p2557,0
human3446|p2556,0
human1181|p521,0
human1189|p983,0
human971|p4096,0
human3063|p3103,0
human24|p3480,0
human657|p2727,0
human671|p678,0
human681|p4842,0
human687|p1859,0
human689|p4236,0
human955|p715,0
human960|p715,0
human3056|p1317,0
human3058|p1316,0
human3480|p978,0
human3124|p3319,0
human3392|p3954,0
human1219|p4596,0
human1221|p4600,0
human1223|p4200,0
human3000|p3340,0
human3014|p2310,0
human3025|p1901,0
human3030|p1901,0
human3044|p1271,0
human3069|p1977,0
human3201|p2325,0
human3212|p2147,0
human3215|p2145,0
human3248|p989,0
human3418|p2510,0
human3092|p733,0
human3094|p733,0
human3159|p59,0
human932|p2282,0
human933|p2281,0
human938|p2281,0
human1633|p3780,0
human3029|p1090,0
human3032|p948,0
human3401|p1606,0
human992|p1508,0
human993|p1508,0
human994|p1508,0
human1057|p1350,0
human1058|p1997,0
human3127|p755,0
human3247|p1404,0
human3428|p477,0
human833|p1297,0
human842|p268,0
human3592|p1712,0
human1653|p2728,0
human1655|p3471,0
human3353|p3375,0
human3355|p3218,0
human3423|p4373,0
human2723|p1339,0
human2725|p1338,0
human2729|p149,0
human2831|p1181,0
human2841|p1138,0
human1709|p749,0
human2557|p4351,0
human2638|p3050,0
human2646|p3732,0
human2753|p60,0
human3414|p2705,0
human2097|p356,0
human2951|p1073,0
human2953|p1226,0
human2980|p1173,0
human2982|p1175,0
human873|p1313,0
human788|p2028,0
human3785|p1822,0
human3046|p1054,0
human1998|p1641,0
human339|p368,0
human514|p96,0
human1436|p1284,0
human1702|p1832,0
human1702|p3822,0
human2650|p504,0
human2900|p3032,0
human2902|p2970,0
human1726|p425,0
human2483|p795,0
human3593|p1607,0
human3437|p2125,0
human3083|p2466,0
human3222|p2921,0
human2062|p469,0
human2065|p469,0
human2229|p1152,0
human2233|p1208,0
human1746|p74,0
human1390|p231,0
human1401|p231,0
human1414|p303,0
human1417|p304,0
human1432|p14,0
human1435|p538,0
human788|p1329,0
human882|p481,0
human986|p414,0
human988|p412,0
human2274|p2085,0
human2987|p172,0
human3041|p411,0
human3080|p437,0
human3137|p1620,0
human3183|p440,0
human3481|p717,0
human1073|p265,0
human1744|p148,0
human1747|p147,0
human1795|p737,0
human1802|p738,0
human2828|p829,0
human2832|p830,0
human781|p1033,0
human886|p2983,0
human941|p2689,0
human969|p259,0
human1007|p1681,0
human3049|p2542,0
human3118|p1366,0
human3205|p261,0
human3316|p825,0
human3426|p150,0
human972|p1791,0
human974|p1791,0
human3037|p1223,0
human3039|p1224,0
human3156|p1369,0
human3172|p1389,0
human3296|p1810,0
human3299|p1866,0
human3413|p2078,0
human3459|p967,0
human3713|p163,0
human3291|p1330,0
human3300|p1441,0
human3301|p1441,0
human3302|p1437,0
human2330|p1468,0
human2333|p1463,0
human3458|p1479,0
human3478|p3476,0
human3680|p2508,0
human956|p4260,0
human958|p4306,0
human3055|p3936,0
human3059|p3801,0
human3367|p3055,0
human3368|p3052,0
human3427|p2856,0
human3646|p3688,0
human1840|p302,0
human1845|p302,0
human1852|p619,0
human1863|p619,0
human1867|p619,0
human1873|p378,0
human1877|p378,0
human1879|p378,0
human948|p1351,0
human3038|p2068,0
human3045|p1566,0
human3282|p1728,0
human3358|p3248,0
human3431|p4547,0
human3598|p1219,0
human3676|p3285,0
human591|p417,0
human760|p93,0
human922|p709,0
human930|p517,0
human936|p517,0
human1024|p590,0
human3012|p117,0
human3322|p353,0
human3463|p933,0
human3603|p374,0
human3203|p957,0
human3206|p957,0
human915|p4583,0
human916|p4584,0
human3007|p3359,0
human3402|p312,0
human3403|p312,0
human3604|p2131,0
human1553|p1897,0
human2927|p43,0
human3211|p1380,0
human957|p1791,0
human959|p1791,0
human3054|p1677,0
human3057|p1675,0
human3136|p1059,0
human905|p1043,0
human3292|p565,0
human3440|p839,0
human3442|p839,0
human2667|p17,0
human2674|p287,0
human2475|p575,0
human632|p443,0
human2019|p1628,0
human2659|p2366,0
human906|p754,0
human855|p503,0
human2440|p759,0
human2654|p2117,0
human3313|p3844,0
human3314|p3752,0
human203|p4732,0
human1124|p428,0
human1129|p428,0
human1922|p1116,0
human2525|p1211,0
human2524|p4330,0
human194|p2069,0
human1305|p3396,0
human1785|p7602,0
human2092|p772,0
human723|p2074,0
human1001|p1580,0
human1004|p1579,0
human1016|p1373,0
human3043|p2095,0
human3174|p1484,0
human3175|p1484,0
human2025|p1033,0
human1630|p1563,0
human1635|p1332,0
human2092|p1893,0
human1703|p3872,0
human2931|p511,0
human1246|p156,0
human1251|p156,0
human2302|p623,0
human3516|p4534,0
human715|p5408,0
human2435|p1085,0
human2436|p1086,0
human1830|p1983,0
human2951|p977,0
human2980|p1088,0
human2723|p1218,0
human2725|p1217,0
human2729|p864,0
human1313|p708,0
human1989|p763,0
human1990|p765,0
human1581|p2408,0
human2176|p701,0
human379|p98,0
human3569|p129,0
human491|p1075,0
human2049|p227,0
human2053|p299,0
human3567|p612,0
human3566|p732,0
human2222|p1330,0
human2906|p1768,0
human3120|p2337,0
human3338|p2298,0
human3479|p2337,0
human215|p2294,0
human257|p2279,0
human265|p1583,0
human641|p2348,0
human1136|p898,0
human2511|p2165,0
human2515|p2133,0
human1821|p1062,0
human1991|p4624,0
human2496|p1589,0
human3495|p1727,0
human3338|p4062,0
human0|p49,1
human264|p1445,1
human623|p1321,1
human921|p1115,1
human2439|p58,1
human3198|p58,1
human3524|p1121,1
human3525|p1715,1
human3526|p1949,1
human3527|p1039,1
human2|p1673,1
human1063|p2271,1
human699|p1910,1
human1145|p996,1
human1165|p1515,1
human3523|p247,1
human2197|p757,1
human3544|p474,1
human268|p447,1
human811|p396,1
human3121|p1881,1
human3744|p721,1
human722|p1767,1
human702|p512,1
human803|p262,1
human880|p370,1
human3753|p1907,1
human585|p9,1
human927|p16,1
human928|p16,1
human3019|p346,1
human3519|p2025,1
human3521|p1893,1
human320|p1560,1
human454|p1484,1
human3545|p332,1
human3547|p683,1
human3746|p1035,1
human3752|p1781,1
human545|p687,1
human3522|p1198,1
human3758|p2000,1
human619|p1441,1
human683|p1562,1
human3546|p471,1
human3548|p1050,1
human3550|p537,1
human3518|p109,1
human3520|p2027,1
human524|p1896,1
human3551|p13,1
human3750|p1546,1
human3754|p2041,1
human3755|p1926,1
human3756|p791,1
human3757|p740,1
human3759|p2272,1
human3549|p1033,1
human402|p209,1
human494|p40,1
human3751|p219,1
human3745|p1165,1
human3747|p424,1
human3748|p948,1
human3749|p165,1
human763|p1829,1
human913|p1311,1
human914|p62,1
human712|p2263,1
human844|p1060,1
human772|p777,1
human779|p1547,1
human809|p2186,1
human1662|p676,1
human521|p1794,1
human1927|p1534,1
human867|p484,1
human774|p1918,1
human845|p2464,1
human2521|p332,1
human2189|p146,1
human2417|p695,1
human1009|p1265,1
human745|p1927,1
human705|p74,1
human2438|p1901,1
human35|p586,1
human51|p1774,1
human773|p1386,1
human2658|p2534,1
human2663|p2487,1
human2670|p2338,1
human2569|p2057,1
human832|p503,1
human839|p902,1
human711|p179,1
human3315|p18,1
human3317|p18,1
human721|p159,1
human465|p1442,1
human2146|p1412,1
human259|p454,1
human1928|p1510,1
human1341|p1029,1
human2883|p1304,1
human2078|p915,1
human584|p512,1
human3534|p1115,1
human1809|p1141,1
human3535|p1573,1
human3538|p1284,1
human31|p1266,1
human3542|p881,1
human2051|p1125,1
human2054|p1122,1
human896|p1588,1
human2236|p1679,1
human3763|p1232,1
human3764|p811,1
human3765|p1324,1
human3766|p927,1
human3770|p1977,1
human3772|p905,1
human3761|p1144,1
human489|p1002,1
human3530|p1461,1
human3531|p862,1
human3533|p1350,1
human3537|p587,1
human3539|p1160,1
human3769|p274,1
human3536|p733,1
human3760|p1437,1
human499|p1761,1
human3767|p1643,1
human3768|p290,1
human42|p1039,1
human3416|p1672,1
human3771|p1703,1
human1222|p1510,1
human2746|p1745,1
human3532|p967,1
human1767|p1449,1
human1772|p1379,1
human1777|p1311,1
human853|p992,1
human862|p733,1
human3543|p1683,1
human587|p1549,1
human1642|p1403,1
human3762|p896,1
human780|p1108,1
human1705|p1332,1
human1710|p1064,1
human1047|p699,1
human3433|p297,1
human3540|p2020,1
human2347|p2446,1
human720|p722,1
human3541|p1662,1
human1351|p1109,1
human1353|p1108,1
human1708|p221,1
human1712|p703,1
human1713|p704,1
human1752|p1016,1
human1344|p671,1
human1375|p1441,1
human2155|p1018,1
human717|p490,1
human1652|p236,1
human1660|p363,1
human2207|p1613,1
human2433|p70,1
human2434|p282,1
human1730|p771,1
human2287|p204,1
human2704|p367,1
human1173|p101,1
human1948|p1318,1
human1399|p1352,1
human1424|p2175,1
human90|p2087,1
human1126|p466,1
human2262|p1364,1
human2940|p1314,1
human2952|p1318,1
human2959|p1314,1
human2978|p674,1
human3340|p538,1
human2406|p814,1
human1337|p862,1
human730|p1857,1
human894|p2375,1
human418|p2469,1
human344|p1215,1
human2143|p2099,1
human3191|p1449,1
human3194|p1503,1
human3196|p1989,1
human3328|p1466,1
human804|p601,1
human2180|p767,1
human205|p525,1
human833|p2083,1
human842|p917,1
human802|p3318,1
human1624|p44,1
human1625|p44,1
human1626|p44,1
human2661|p4024,1
human1758|p1104,1
human1162|p1444,1
human1407|p1610,1
human2519|p1887,1
human1433|p4293,1
human2194|p2301,1
human498|p1162,1
human2994|p762,1
human2801|p1796,1
human1629|p1124,1
human2791|p1226,1
human2801|p816,1
human60|p3059,1
human1755|p662,1
human1765|p661,1
human419|p1776,1
human2545|p2133,1
human767|p1373,1
human3333|p1469,1
human3334|p2204,1
human2430|p629,1
human696|p230,1
human1068|p752,1
human1069|p2132,1
human3482|p1798,1
human183|p413,1
human2230|p1704,1
human2232|p1704,1
human864|p1967,1
human866|p1410,1
human200|p1304,1
human354|p2032,1
human904|p524,1
human2408|p255,1
human1795|p758,1
human1802|p759,1
human3289|p1573,1
human3233|p1663,1
human1146|p1119,1
human2840|p657,1
human1744|p126,1
human1747|p126,1
human2828|p454,1
human2832|p455,1
human1727|p370,1
human739|p4306,1
human741|p466,1
human3006|p1837,1
human3259|p1783,1
human3263|p1524,1
human3264|p1525,1
human3443|p1211,1
human2056|p1248,1
human2060|p439,1
human2794|p844,1
human2798|p878,1
human2511|p416,1
human2515|p416,1
human290|p839,1
human2278|p2279,1
human2280|p2272,1
human766|p652,1
human2446|p501,1
human2481|p533,1
human2625|p990,1
human397|p428,1
human3775|p590,1
human3777|p1019,1
human3778|p1697,1
human1441|p802,1
human2081|p368,1
human2082|p367,1
human2139|p692,1
human131|p2022,1
human2988|p297,1
human3375|p852,1
human1533|p2300,1
human1575|p2373,1
human2867|p2507,1
human2878|p2504,1
human2886|p2503,1
human3147|p278,1
human3236|p2120,1
human3237|p1883,1
human3239|p1882,1
human3354|p1491,1
human3356|p1491,1
human25|p959,1
human2771|p2920,1
human9|p4300,1
human473|p1592,1
human801|p1752,1
human3018|p27,1
human1269|p997,1
human1273|p996,1
human1281|p2474,1
human621|p1524,1
human3528|p362,1
human3776|p2221,1
human166|p1143,1
human562|p738,1
human631|p4512,1
human1363|p439,1
human1365|p2184,1
human1368|p2151,1
human3381|p780,1
human139|p505,1
human737|p1625,1
human740|p455,1
human2112|p886,1
human2120|p817,1
human2121|p1051,1
human2125|p953,1
human2126|p557,1
human3284|p375,1
human274|p1314,1
human2527|p162,1
human2543|p162,1
human2261|p947,1
human1676|p62,1
human1699|p264,1
human490|p849,1
human703|p1236,1
human770|p2039,1
human852|p1155,1
human857|p1956,1
human860|p1503,1
human3003|p2027,1
human3529|p1762,1
human3774|p583,1
human2114|p298,1
human203|p1578,1
human614|p1637,1
human2619|p805,1
human1307|p1346,1
human1325|p11,1
human1814|p929,1
human1820|p929,1
human493|p1286,1
human732|p1649,1
human888|p1458,1
human890|p536,1
human485|p53,1
human1386|p440,1
human1941|p2205,1
human3042|p908,1
human44|p3421,1
human549|p964,1
human3023|p1218,1
human1171|p360,1
human2377|p558,1
human2989|p1442,1
human2993|p871,1
human2990|p630,1
human2991|p630,1
human3455|p14,1
human70|p3244,1
human68|p1903,1
human261|p1930,1
human942|p1002,1
human942|p3304,1
human943|p1002,1
human979|p1039,1
human982|p939,1
human3034|p302,1
human3176|p1752,1
human3177|p1755,1
human1939|p509,1
human878|p2101,1
human2258|p2585,1
human1067|p259,1
human88|p1686,1
human1196|p1057,1
human1370|p1549,1
human2292|p986,1
human3460|p1614,1
human3461|p1626,1
human1191|p1059,1
human1198|p942,1
human2297|p1554,1
human1380|p1055,1
human2743|p1152,1
human2201|p103,1
human1178|p1898,1
human1254|p451,1
human2734|p213,1
human2739|p213,1
human2755|p1504,1
human2767|p1300,1
human2770|p1351,1
human2328|p2481,1
human3115|p1028,1
human3116|p1031,1
human1761|p1157,1
human1808|p2809,1
human3268|p2368,1
human3271|p2383,1
human3272|p2368,1
human2234|p1596,1
human2736|p265,1
human2938|p742,1
human2528|p476,1
human2703|p1969,1
human3221|p1989,1
human1656|p1185,1
human2397|p625,1
human2631|p122,1
human3475|p875,1
human3477|p420,1
human902|p1874,1
human154|p2263,1
human477|p2025,1
human731|p937,1
human897|p1673,1
human1328|p1515,1
human1335|p1566,1
human805|p1883,1
human1031|p60,1
human2674|p264,1
human484|p154,1
human627|p2752,1
human2006|p3087,1
human2826|p1413,1
human2837|p1269,1
human47|p165,1
human544|p2375,1
human2754|p930,1
human11|p2255,1
human89|p1358,1
human987|p1154,1
human1373|p2278,1
human3081|p1307,1
human1745|p1309,1
human1750|p241,1
human3682|p1227,1
human2305|p2449,1
human726|p1370,1
human727|p1458,1
human1630|p1901,1
human1635|p1599,1
human2667|p317,1
human2397|p770,1
human2531|p318,1
human2644|p2317,1
human2688|p1550,1
human1094|p125,1
human1095|p61,1
human2769|p381,1
human46|p1928,1
human2748|p416,1
human2636|p1172,1
human1264|p387,1
human1438|p701,1
human1594|p274,1
human2107|p85,1
human1657|p918,1
human1724|p419,1
human1811|p1368,1
human1376|p2130,1
human2073|p630,1
human2076|p631,1
human1819|p46,1
human3306|p448,1
human3307|p448,1
human2339|p831,1
human2348|p832,1
human3681|p474,1
human2898|p663,1
human2158|p2101,1
human2163|p2101,1
human194|p592,1
human1177|p60,1
human1190|p304,1
human251|p494,1
human1172|p1987,1
human1829|p1398,1
human2099|p1736,1
human2101|p1664,1
human2337|p1562,1
human865|p1237,1
human869|p319,1
human2975|p183,1
human3419|p1220,1
human1924|p941,1
human1926|p1250,1
human1993|p1170,1
human2933|p2407,1
human2768|p1281,1
human422|p183,1
human2751|p983,1
human2760|p1899,1
human2660|p680,1
human2756|p57,1
human3110|p1851,1
human3417|p811,1
human2525|p1526,1
human2000|p212,1
human3286|p473,1
human3288|p473,1
human186|p3343,1
human1934|p1574,1
human2908|p1456,1
human2925|p1115,1
human1305|p5810,1
human1785|p3219,1
human1788|p2833,1
human1292|p3706,1
human2556|p164,1
human1391|p1197,1
human1406|p1198,1
human1430|p87,1
human2713|p1550,1
human2394|p586,1
human2403|p559,1
human2604|p2955,1
human601|p822,1
human1072|p1748,1
human2251|p11,1
human37|p479,1
human1258|p3100,1
human751|p2409,1
human929|p99,1
human3031|p831,1
human121|p946,1
human518|p2628,1
human963|p2047,1
human967|p2047,1
human984|p2084,1
human989|p2086,1
human3061|p1644,1
human3243|p1859,1
human1527|p1065,1
human906|p3843,1
human2733|p689,1
human2738|p689,1
human2759|p549,1
human2766|p549,1
human2774|p549,1
human278|p2076,1
human280|p635,1
human461|p951,1
human467|p1311,1
human214|p3320,1
human340|p948,1
human526|p1000,1
human1739|p747,1
human360|p2179,1
human680|p947,1
human1360|p1018,1
human2900|p3608,1
human2902|p3545,1
human2158|p330,1
human2163|p330,1
human2560|p319,1
human1585|p801,1
human1593|p930,1
human1621|p210,1
human564|p244,1
human618|p1022,1
human2821|p2330,1
human2313|p891,1
human1182|p69,1
human1184|p69,1
human2467|p1341,1
human2781|p654,1
human874|p264,1
human1714|p1576,1
human3558|p512,1
human3561|p1146,1
human1093|p2461,1
human639|p1711,1
human1908|p1690,1
human2241|p1747,1
human295|p1813,1
human470|p1958,1
human647|p3489,1
human648|p2453,1
human649|p1620,1
human650|p1730,1
human651|p1611,1
human653|p474,1
human654|p933,1
human655|p331,1
human750|p445,1
human1645|p4319,1
human1649|p4170,1
human3469|p2143,1
human1111|p707,1
human1119|p627,1
human601|p4536,1
human1683|p433,1
human1692|p364,1
human693|p1060,1
human1605|p1150,1
human93|p682,1
human2354|p213,1
human2361|p501,1
human2370|p500,1
human2373|p501,1
human1850|p1318,1
human1857|p1647,1
human1865|p1648,1
human1868|p1645,1
human1883|p1802,1
human735|p257,1
human2764|p699,1
human2772|p699,1
human3559|p1670,1
human1584|p131,1
human1590|p131,1
human3557|p718,1
human2311|p578,1
human2316|p578,1
human221|p556,1
human1066|p1169,1
human1628|p204,1
human1644|p204,1
human1957|p205,1
human1972|p206,1
human2096|p261,1
human2629|p203,1
human3609|p1128,1
human2806|p517,1
human40|p2278,1
human102|p1872,1
human223|p1295,1
human284|p2289,1
human468|p1410,1
human543|p1552,1
human998|p1755,1
human2809|p2293,1
human3096|p2444,1
human3562|p1018,1
human2777|p1939,1
human1553|p275,1
human228|p766,1
human3371|p1936,1
human3554|p2602,1
human3555|p1272,1
human3556|p2344,1
human134|p295,1
human1153|p949,1
human1913|p2586,1
human3781|p974,1
human76|p807,1
human276|p1536,1
human674|p192,1
human1504|p1769,1
human2651|p1319,1
human3553|p833,1
human2502|p1787,1
human510|p1431,1
human1945|p1441,1
human2449|p2561,1
human2535|p2602,1
human2683|p2307,1
human2929|p1098,1
human2936|p1100,1
human2937|p1094,1
human2948|p2316,1
human2965|p2426,1
human2304|p1505,1
human2653|p650,1
human2677|p1183,1
human2665|p1976,1
human892|p1097,1
human2020|p751,1
human2437|p1070,1
human736|p1643,1
human749|p1214,1
human870|p828,1
human846|p390,1
human813|p1097,1
human829|p846,1
human2295|p641,1
human2300|p641,1
human2922|p1765,1
human397|p1778,1
human644|p1922,1
human777|p340,1
human1070|p1430,1
human1641|p1451,1
human2587|p1384,1
human1304|p390,1
human1309|p80,1
human2593|p1092,1
human1384|p1526,1
human1116|p1222,1
human1127|p1013,1
human1132|p1013,1
human2334|p1121,1
human2675|p259,1
human2198|p384,1
human2522|p175,1
human2534|p175,1
human2204|p459,1
human2324|p105,1
human2326|p106,1
human2820|p1265,1
human2227|p73,1
human2235|p73,1
human1234|p281,1
human1812|p757,1
human1815|p588,1
human2918|p210,1
human2926|p215,1
human2080|p1669,1
human2700|p1662,1
human2701|p1692,1
human2703|p1029,1
human895|p929,1
human2210|p106,1
human2442|p428,1
human2476|p508,1
human2903|p68,1
human1836|p407,1
human1851|p47,1
human2484|p255,1
human2485|p255,1
human2488|p372,1
human2488|p1573,1
human2238|p1510,1
human2524|p5156,1
human719|p1497,1
human3464|p536,1
human3465|p537,1
human2092|p1004,1
human2416|p345,1
human2428|p344,1
human2413|p3162,1
human707|p1046,1
human729|p1699,1
human137|p2761,1
human1995|p1582,1
human2418|p988,1
human2423|p1134,1
human840|p852,1
human3278|p435,1
human3452|p534,1
human12|p1810,1
human404|p863,1
human1262|p1434,1
human2042|p681,1
human2750|p327,1
human2086|p713,1
human2103|p713,1
human2023|p1585,1
human2097|p1778,1
human112|p404,1
human1060|p988,1
human1061|p1153,1
human3024|p339,1
human1657|p2009,1
human1392|p2001,1
human1397|p2001,1
human1403|p2001,1
human1416|p2492,1
human1426|p2491,1
human812|p981,1
human273|p1829,1
human260|p326,1
human3430|p3416,1
human517|p1951,1
human2365|p818,1
human2407|p1284,1
human311|p2695,1
human1226|p1088,1
human1955|p58,1
human1967|p187,1
human2836|p387,1
human3077|p4052,1
human3150|p4615,1
human3390|p2450,1
human3422|p3652,1
human3434|p3468,1
human3467|p373,1
human3486|p428,1
human3487|p419,1
human3488|p698,1
human3490|p1784,1
human3492|p1143,1
human54|p2026,1
human79|p2808,1
human235|p371,1
human271|p2724,1
human383|p824,1
human469|p347,1
human475|p64,1
human572|p1532,1
human620|p2072,1
human1016|p1223,1
human3043|p1219,1
human3174|p1947,1
human3175|p1947,1
human3332|p1539,1
human3360|p2305,1
human3362|p2242,1
human85|p2536,1
human14|p913,1
human2035|p1973,1
human2090|p1597,1
human386|p2017,1
human1025|p2846,1
human3166|p4065,1
human3167|p598,1
human3344|p1797,1
human3382|p2242,1
human3384|p2486,1
human3485|p504,1
human3489|p1501,1
human3491|p1501,1
human723|p1071,1
human1001|p2369,1
human1004|p2274,1
human909|p1281,1
human1886|p1786,1
human1915|p1004,1
human589|p1479,1
human3287|p3796,1
human520|p3696,1
human2830|p799,1
human2067|p15,1
human977|p1378,1
human3195|p2924,1
human2110|p1913,1
human1659|p840,1
human1899|p2803,1
human1904|p2147,1
human3010|p1299,1
human3011|p1299,1
human3393|p255,1
human3405|p825,1
human3411|p1872,1
human2863|p1311,1
human2881|p1315,1
human126|p708,1
human149|p1739,1
human1703|p41,1
human964|p1520,1
human965|p1522,1
human3062|p2601,1
human3178|p2021,1
human3242|p961,1
human3246|p1230,1
human147|p665,1
human1685|p913,1
human1695|p808,1
human2999|p2402,1
human3002|p1435,1
human3040|p1403,1
human3050|p2864,1
human3100|p2192,1
human3103|p2190,1
human3145|p4752,1
human3373|p4449,1
human3395|p1943,1
human3396|p1943,1
human3493|p906,1
human3494|p522,1
human301|p1499,1
human2409|p506,1
human2414|p502,1
human2415|p503,1
human1643|p67,1
human2083|p423,1
human2237|p753,1
human3484|p1644,1
human412|p3362,1
human3462|p65,1
human2946|p405,1
human2956|p406,1
human2969|p88,1
human2983|p88,1
human1738|p408,1
human1748|p396,1
human617|p2449,1
human511|p505,1
human556|p1216,1
human2400|p1238,1
human3219|p465,1
human1756|p342,1
human1762|p341,1
human1115|p1972,1
human3036|p3634,1
human3073|p3891,1
human3076|p3601,1
human1028|p1694,1
human3345|p1563,1
human1077|p446,1
human1082|p447,1
human358|p1721,1
human1405|p2410,1
human1439|p666,1
human3404|p1048,1
human2453|p3479,1
human2472|p3476,1
human2474|p3620,1
human3048|p302,1
human3113|p1347,1
human3420|p2944,1
human3420|p3079,1
human3483|p548,1
human3126|p1370,1
human3200|p1479,1
human3256|p445,1
human3421|p895,1
human3425|p895,1
human406|p1682,1
human2706|p256,1
human2431|p285,1
human2496|p825,1
human2548|p983,1
human2549|p983,1
human2561|p690,1
human3350|p393,1
human3388|p1686,1
human3451|p1322,1
human752|p1376,1
human792|p696,1
human847|p24,1
human850|p1398,1
human863|p881,1
human871|p363,1
human875|p1164,1
human898|p1292,1
human901|p232,1
human2805|p1862,1
human1011|p4613,1
human660|p2357,1
human664|p3159,1
human666|p2085,1
human668|p3656,1
human669|p2914,1
human672|p147,1
human675|p649,1
human679|p2290,1
human682|p1112,1
human690|p3350,1
human481|p239,1
human560|p2063,1
human633|p832,1
human1839|p2586,1
human1849|p2325,1
human1860|p1669,1
human841|p1641,1
human975|p913,1
human978|p917,1
human3016|p1143,1
human3067|p894,1
human379|p1617,1
human622|p564,1
human1260|p31,1
human2147|p752,1
human2419|p473,1
human2778|p2026,1
human2779|p515,1
human2911|p242,1
human2912|p242,1
human3741|p1454,1
human1091|p197,1
human1019|p2489,1
human1035|p2199,1
human1578|p1256,1
human1580|p1605,1
human3151|p1385,1
human3213|p1737,1
human3214|p1736,1
human3225|p1907,1
human3275|p1451,1
human3277|p1451,1
human2554|p1747,1
human301|p906,1
human3188|p162,1
human338|p2606,1
human3112|p355,1
human57|p2827,1
human824|p731,1
human1014|p461,1
human1017|p461,1
human1018|p460,1
human3138|p2364,1
human3140|p2176,1
human3148|p593,1
human3149|p593,1
human1343|p1382,1
human1722|p3816,1
human49|p1406,1
human505|p2352,1
human2309|p1671,1
human2622|p880,1
human3607|p28,1
human110|p2696,1
human1199|p1414,1
human1148|p732,1
human5|p1473,1
human369|p556,1
human826|p1915,1
human3414|p1189,1
human62|p2422,1
human138|p807,1
human212|p2536,1
human1535|p3066,1
human1574|p1028,1
human2040|p1284,1
human2457|p1396,1
human2465|p1396,1
human2610|p962,1
human2626|p962,1
human2819|p1671,1
human3796|p1374,1
human3131|p3944,1
human2600|p2160,1
human2601|p2109,1
human4|p2228,1
human132|p2143,1
human456|p2319,1
human537|p735,1
human2689|p879,1
human270|p1317,1
human318|p1426,1
human1830|p3966,1
human64|p566,1
human240|p1423,1
human2222|p1084,1
human1216|p599,1
human2211|p1301,1
human2550|p291,1
human2618|p254,1
human2627|p254,1
human119|p908,1
human1313|p421,1
human2860|p1602,1
human95|p3664,1
human868|p1743,1
human1102|p3087,1
human1106|p3421,1
human1107|p3292,1
human1080|p3036,1
human1083|p1155,1
human2927|p1606,1
human1564|p417,1
human1801|p1174,1
human1804|p1174,1
human1810|p1043,1
human3573|p1409,1
human1345|p949,1
human2462|p25,1
human2055|p129,1
human28|p3161,1
human495|p1055,1
human1152|p619,1
human1158|p619,1
human640|p3522,1
human1922|p506,1
human3797|p191,1
human771|p247,1
human1299|p4854,1
human1302|p4059,1
human1632|p836,1
human1797|p1094,1
human1813|p1073,1
human2497|p489,1
human2508|p387,1
human2518|p386,1
human2592|p981,1
human2824|p936,1
human2901|p379,1
human3606|p2028,1
human234|p131,1
human1137|p205,1
human1141|p6,1
human1150|p6,1
human1159|p6,1
human1620|p1121,1
human2589|p1402,1
human2176|p132,1
human2187|p132,1
human636|p4280,1
human2252|p853,1
human1842|p98,1
human1768|p801,1
human1770|p801,1
human3095|p2522,1
human3391|p2381,1
human3337|p2345,1
human838|p543,1
human1124|p935,1
human1129|p935,1
human2405|p1108,1
human2435|p637,1
human2436|p637,1
human2950|p470,1
human2958|p470,1
human2977|p427,1
human2985|p427,1
human3605|p1456,1
human1671|p626,1
human2942|p1054,1
human2976|p880,1
human1006|p2227,1
human1008|p2228,1
human3119|p245,1
human161|p605,1
human367|p1952,1
human177|p2291,1
human336|p2286,1
human13|p2491,1
human710|p550,1
human1323|p613,1
human1331|p613,1
human1338|p613,1
human2106|p406,1
human2108|p406,1
human2296|p1467,1
human2299|p1469,1
human1176|p995,1
human1183|p1068,1
human1192|p203,1
human1197|p203,1
human2349|p764,1
human1179|p539,1
human1324|p790,1
human1340|p790,1
human1949|p1001,1
human2827|p417,1
human2833|p417,1
human3179|p1796,1
human3181|p1824,1
human1989|p1042,1
human1990|p1044,1
human2608|p135,1
human317|p536,1
human2005|p3021,1
human2014|p2843,1
human2022|p3479,1
human2953|p228,1
human2982|p84,1
human1855|p1512,1
human1862|p1513,1
human1869|p1512,1
human1876|p358,1
human1882|p358,1
human2565|p1026,1
human2842|p893,1
human2447|p302,1
human2469|p302,1
human2118|p741,1
human2122|p1177,1
human2129|p752,1
human3164|p2367,1
human755|p2260,1
human761|p2174,1
human783|p92,1
human787|p1418,1
human190|p2752,1
human3400|p3288,1
human3168|p122,1
human3171|p122,1
human738|p1938,1
human742|p2163,1
human1450|p2785,1
human1497|p3159,1
human1449|p2787,1
human1497|p2860,1
human1902|p700,1
human2786|p218,1
human343|p1237,1
human1618|p1142,1
human1650|p1037,1
human1651|p1038,1
human2208|p1046,1
human2482|p1015,1
human2730|p716,1
human2741|p892,1
human3608|p1365,1
human1180|p660,1
human1195|p1488,1
human3782|p2511,1
human529|p1421,1
human3129|p1158,1
human3130|p1158,1
human1843|p2285,1
human1853|p4017,1
human1872|p3771,1
human3182|p40,1
human141|p2323,1
human1139|p979,1
human3238|p2424,1
human136|p1650,1
human197|p2336,1
human314|p2244,1
human353|p1991,1
human392|p779,1
human531|p2488,1
human1524|p1861,1
human3789|p1408,1
human196|p4348,1
human113|p1275,1
human356|p1664,1
human1117|p645,1
human1367|p1160,1
human1961|p2339,1
human2162|p1020,1
human3097|p2063,1
human305|p1168,1
human1306|p548,1
human2839|p1122,1
human3232|p1446,1
human3329|p1798,1
human2302|p1308,1
human1212|p1579,1
human287|p452,1
human143|p2186,1
human578|p1410,1
human1800|p1717,1
human2570|p1030,1
human3014|p3692,1
human3025|p2009,1
human3030|p2009,1
human3044|p1200,1
human3069|p1869,1
human3165|p2914,1
human3201|p1511,1
human3212|p2236,1
human3215|p2234,1
human3418|p4210,1
human144|p2636,1
human918|p3146,1
human3008|p1086,1
human3009|p946,1
human3376|p1225,1
human3377|p1226,1
human3688|p2167,1
human3689|p3079,1
human3690|p3406,1
human3691|p2793,1
human359|p140,1
human596|p968,1
human733|p1010,1
human1330|p694,1
human2148|p414,1
human3441|p1215,1
human3466|p514,1
human3473|p468,1
human3643|p255,1
human2486|p1081,1
human2710|p2375,1
human1219|p722,1
human1221|p723,1
human1223|p722,1
human947|p1368,1
human949|p1368,1
human3397|p2655,1
human3683|p3733,1
human3684|p3736,1
human3685|p3738,1
human3686|p549,1
human3692|p2866,1
human3693|p3169,1
human1201|p281,1
human1205|p195,1
human1207|p281,1
human1211|p1606,1
human3060|p3652,1
human746|p999,1
human950|p2606,1
human375|p26,1
human1383|p1855,1
human1388|p1534,1
human1389|p1496,1
human2289|p1017,1
human2290|p1024,1
human2291|p1016,1
human2298|p900,1
human2301|p872,1
human3638|p1403,1
human300|p539,1
human1581|p1617,1
human2310|p692,1
human2315|p691,1
human3108|p2107,1
human435|p192,1
human1921|p81,1
human3000|p3434,1
human3248|p1026,1
human1002|p4208,1
human1003|p4207,1
human1005|p4310,1
human1700|p502,1
human1700|p2941,1
human2719|p648,1
human2720|p643,1
human1110|p401,1
human1114|p398,1
human1133|p372,1
human1970|p1065,1
human1974|p1067,1
human1978|p994,1
human2144|p148,1
human2145|p148,1
human3637|p1880,1
human94|p277,1
human213|p3059,1
human2866|p3026,1
human2880|p3026,1
human2212|p691,1
human2220|p625,1
human491|p901,1
human86|p1254,1
human1508|p2028,1
human1534|p1940,1
human1552|p2276,1
human1567|p2273,1
human2851|p1685,1
human2870|p1685,1
human2895|p1684,1
human1612|p2635,1
human983|p2586,1
human990|p2586,1
human3078|p400,1
human3079|p400,1
human3280|p1929,1
human3283|p1904,1
human3313|p2885,1
human3314|p2890,1
human1975|p3116,1
human449|p4049,1
human458|p1886,1
human539|p621,1
human2862|p3013,1
human728|p1400,1
human1451|p322,1
human828|p122,1
human1983|p1023,1
human283|p2576,1
human387|p1543,1
human586|p1672,1
human592|p158,1
human923|p3090,1
human924|p3091,1
human2731|p1450,1
human3013|p1019,1
human3015|p2800,1
human3398|p443,1
human3566|p396,1
human3567|p776,1
human3568|p1167,1
human3569|p1121,1
human1757|p240,1
human313|p1086,1
human818|p1974,1
human288|p2380,1
human646|p1759,1
human3722|p902,1
human2951|p225,1
human2980|p380,1
human1543|p428,1
human2563|p3318,1
human2564|p3620,1
human1458|p3891,1
human1477|p3662,1
human182|p2823,1
human1930|p597,1
human1931|p550,1
human1935|p365,1
human3298|p429,1
human3389|p1197,1
human2818|p395,1
human502|p664,1
human2842|p697,1
human3051|p1848,1
human3052|p1847,1
human3330|p374,1
human1186|p464,1
human1220|p203,1
human1224|p204,1
human215|p2029,1
human257|p2544,1
human265|p1318,1
human641|p2083,1
human1136|p1163,1
human3728|p1620,1
human985|p1803,1
human995|p1853,1
human3047|p1951,1
human3088|p1834,1
human3122|p1901,1
human3262|p1977,1
human3265|p1912,1
human3269|p1977,1
human3312|p2111,1
human2835|p172,1
human277|p1271,1
human834|p1223,1
human837|p252,1
human1923|p740,1
human1098|p1172,1
human3046|p946,1
human2049|p1707,1
human2053|p1707,1
human307|p3472,1
human2216|p63,1
human2223|p62,1
human541|p53,1
human625|p729,1
human1900|p3355,1
human275|p1484,1
human291|p1029,1
human355|p3140,1
human427|p3407,1
human447|p4808,1
human3784|p3064,1
human15|p778,1
human884|p2671,1
human3570|p1469,1
human304|p167,1
human1357|p1199,1
human1369|p617,1
human1754|p537,1
human1763|p537,1
human2317|p534,1
human1443|p3353,1
human1453|p3082,1
human1469|p328,1
human1490|p3276,1
human1502|p3275,1
human1175|p561,1
human1203|p2038,1
human1831|p1556,1
human1954|p910,1
human2312|p1320,1
human2566|p678,1
human2567|p678,1
human2652|p424,1
human2655|p424,1
human2666|p403,1
human1784|p379,1
human3640|p99,1
human1519|p487,1
human1523|p481,1
human1548|p1358,1
human3806|p1116,1
human2285|p717,1
human34|p1207,1
human691|p1216,1
human1167|p1930,1
human1711|p2393,1
human1790|p485,1
human2634|p1843,1
human3700|p1187,1
human3723|p654,1
human776|p1478,1
human1415|p483,1
human1943|p404,1
human1944|p365,1
human2140|p388,1
human2172|p517,1
human2185|p491,1
human2968|p587,1
human2979|p586,1
human2723|p1499,1
human2725|p1498,1
human2729|p58,1
human1387|p686,1
human3394|p2060,1
human704|p237,1
human951|p1002,1
human1022|p1326,1
human1023|p1325,1
human1048|p1675,1
human3004|p1848,1
human3111|p1955,1
human3197|p834,1
human3202|p599,1
human3708|p1956,1
human527|p3083,1
human600|p566,1
human2469|p1432,1
human1595|p439,1
human1400|p545,1
human1412|p180,1
human1425|p180,1
human3092|p707,1
human3094|p707,1
human3159|p85,1
human219|p894,1
human3699|p2066,1
human3701|p1963,1
human1709|p1986,1
human2557|p1239,1
human2638|p2895,1
human2646|p844,1
human2702|p3374,1
human3721|p1592,1
human3725|p1050,1
human162|p2075,1
human698|p267,1
human1627|p1070,1
human1679|p160,1
human1688|p500,1
human1690|p500,1
human1697|p118,1
human1408|p704,1
human1421|p707,1
human1428|p707,1
human2586|p1135,1
human3641|p1877,1
human1298|p283,1
human1301|p283,1
human1246|p374,1
human1251|p374,1
human1131|p421,1
human2213|p1342,1
human3642|p694,1
human820|p642,1
human2411|p4277,1
human3102|p2039,1
human3104|p2041,1
human3136|p1578,1
human3440|p2026,1
human3442|p2027,1
human199|p736,1
human940|p2354,1
human2057|p1557,1
human2420|p1266,1
human2421|p1263,1
human2422|p1160,1
human2424|p1160,1
human2572|p1926,1
human2613|p1760,1
human2628|p1760,1
human2630|p2187,1
human2632|p2187,1
human2633|p2187,1
human2634|p2198,1
human2635|p2143,1
human2816|p1401,1
human3703|p883,1
human516|p1339,1
human2849|p235,1
human2884|p235,1
human299|p2323,1
human3208|p1518,1
human262|p4187,1
human1113|p2122,1
human1322|p806,1
human593|p736,1
human790|p213,1
human1062|p436,1
human2019|p2966,1
human2654|p1163,1
human2762|p1010,1
human160|p4680,1
human961|p1837,1
human1355|p1101,1
human3712|p1258,1
human2749|p1642,1
human2795|p120,1
human3657|p614,1
human497|p1502,1
human2105|p658,1
human3133|p2848,1
human106|p1215,1
human451|p1713,1
human688|p1053,1
human1096|p1869,1
human1480|p1805,1
human3698|p1049,1
human652|p1646,1
human1256|p2199,1
human1261|p637,1
human1994|p297,1
human1997|p194,1
human2021|p4660,1
human2071|p3005,1
human3715|p898,1
human3724|p1866,1
human3359|p1554,1
human3378|p1750,1
human1155|p288,1
human1161|p288,1
human1287|p666,1
human1783|p164,1
human1942|p1128,1
human1985|p63,1
human2443|p1125,1
human2722|p29,1
human1466|p727,1
human1485|p1061,1
human254|p2536,1
human3276|p549,1
human528|p3080,1
human2359|p4275,1
human2372|p4271,1
human1021|p2819,1
human1202|p1788,1
human1206|p1738,1
human2142|p1181,1
human2150|p1578,1
human2154|p2943,1
human2159|p2327,1
human2164|p2323,1
human2787|p926,1
human2792|p925,1
human3216|p2707,1
human3217|p2809,1
human3223|p2655,1
human3226|p2786,1
human1036|p563,1
human1044|p566,1
human1241|p608,1
human1250|p609,1
human2916|p880,1
human1986|p155,1
human217|p794,1
human3714|p313,1
human700|p1837,1
human3180|p1415,1
human3786|p2048,1
human2615|p1487,1
human2623|p1253,1
human3659|p69,1
human3662|p649,1
human533|p1976,1
human563|p608,1
human1596|p1501,1
human2111|p1311,1
human2116|p1313,1
human2131|p1618,1
human2134|p1619,1
human2138|p1618,1
human16|p4949,1
human957|p1213,1
human959|p1213,1
human1522|p2364,1
human1525|p2362,1
human1576|p802,1
human3054|p2969,1
human3057|p3243,1
human2346|p1641,1
human3471|p2975,1
human3474|p2974,1
human3479|p290,1
human3675|p81,1
human117|p1894,1
human3702|p228,1
human3711|p1010,1
human2025|p1446,1
human3438|p2650,1
human3439|p2646,1
human1512|p535,1
human1526|p535,1
human1536|p536,1
human1573|p536,1
human1971|p1119,1
human515|p208,1
human111|p120,1
human519|p246,1
human796|p936,1
human2944|p2257,1
human2954|p1870,1
human3158|p513,1
human3297|p1318,1
human1749|p931,1
human2256|p1199,1
human2444|p1159,1
human2445|p1159,1
human2904|p691,1
human2879|p1224,1
human2892|p1224,1
human77|p1470,1
human3189|p652,1
human3190|p652,1
human3192|p1162,1
human3193|p1163,1
human1013|p3577,1
human1015|p3576,1
human2931|p559,1
human3139|p2762,1
human3144|p2347,1
human3146|p2889,1
human3293|p3889,1
human420|p581,1
human945|p1887,1
human152|p1711,1
human2281|p5206,1
human2282|p5214,1
human2283|p5153,1
human2284|p5402,1
human2286|p5319,1
human207|p2294,1
human2664|p320,1
human1217|p558,1
human1010|p2076,1
human1012|p2153,1
human1271|p154,1
human1274|p153,1
human1434|p357,1
human3117|p1113,1
human3613|p474,1
human2868|p1970,1
human3713|p988,1
human2855|p1225,1
human976|p2554,1
human980|p2550,1
human3066|p2008,1
human3068|p2349,1
human3071|p2614,1
human3274|p1860,1
human3279|p2662,1
human3281|p2508,1
human2191|p489,1
human3496|p2209,1
human36|p1788,1
human2649|p155,1
human3658|p752,1
human140|p187,1
human211|p2057,1
human1243|p1349,1
human1448|p1249,1
human1452|p1253,1
human1478|p824,1
human1492|p1028,1
human1503|p900,1
human1884|p367,1
human1912|p511,1
human1916|p510,1
human637|p9,1
human3347|p2328,1
human82|p1323,1
human286|p2978,1
human953|p1237,1
human3120|p1147,1
human3132|p1436,1
human3241|p513,1
human236|p1784,1
human241|p868,1
human424|p2174,1
human925|p870,1
human981|p1164,1
human2247|p2246,1
human2255|p1891,1
human2266|p125,1
human2267|p2343,1
human2273|p1909,1
human2995|p1544,1
human2998|p1543,1
human3105|p502,1
human3106|p502,1
human3107|p501,1
human3234|p643,1
human3235|p646,1
human3324|p1933,1
human3357|p247,1
human3611|p304,1
human3612|p2282,1
human2657|p1920,1
human2671|p2306,1
human91|p176,1
human762|p974,1
human1359|p1875,1
human2924|p1177,1
human3716|p1402,1
human3285|p448,1
human3352|p4743,1
human3374|p1672,1
human3704|p1064,1
human823|p116,1
human827|p3319,1
human3718|p2439,1
human1074|p38,1
human1081|p38,1
human2694|p23,1
human2707|p1631,1
human2077|p1939,1
human2174|p942,1
human2184|p942,1
human2196|p941,1
human289|p1734,1
human1382|p473,1
human1385|p474,1
human1263|p327,1
human1371|p150,1
human1377|p701,1
human1381|p419,1
human1707|p176,1
human3720|p878,1
human999|p4076,1
human1000|p3925,1
human2072|p3185,1
human3098|p3155,1
human3099|p2922,1
human3472|p3285,1
human3783|p1070,1
human1041|p2979,1
human3409|p3118,1
human1040|p1288,1
human1998|p741,1
human3218|p1202,1
human3407|p1319,1
human525|p586,1
human1394|p3248,1
human1396|p3274,1
human1402|p3246,1
human1411|p3182,1
human1418|p3182,1
human2440|p421,1
human1349|p419,1
human2385|p4182,1
human2395|p4102,1
human2945|p1220,1
human2957|p1225,1
human2961|p1220,1
human2971|p987,1
human3621|p1417,1
human3622|p795,1
human3624|p1280,1
human2893|p732,1
human800|p2851,1
human2074|p973,1
human2075|p975,1
human2079|p974,1
human2775|p2096,1
human59|p599,1
human523|p309,1
human962|p1921,1
human1020|p802,1
human3342|p1924,1
human551|p1518,1
human1936|p2000,1
human1938|p1736,1
human2468|p2052,1
human2576|p402,1
human2583|p402,1
human2087|p2862,1
human3134|p1234,1
human567|p553,1
human1483|p2351,1
human1494|p2386,1
human142|p859,1
human2494|p2164,1
human2498|p2163,1
human2501|p2161,1
human2504|p1591,1
human2505|p1301,1
human2934|p456,1
human2935|p456,1
human2963|p805,1
human2966|p806,1
human2974|p2031,1
human2984|p1967,1
human2761|p441,1
human2906|p165,1
human3726|p851,1
human3676|p285,1
human2338|p932,1
human2193|p521,1
human63|p454,1
human2034|p358,1
human2038|p358,1
human2046|p358,1
human2814|p242,1
human2822|p1511,1
human3290|p1025,1
human1329|p707,1
human1336|p707,1
human1603|p3583,1
human1613|p3583,1
human282|p59,1
human595|p1495,1
human3619|p118,1
human3620|p135,1
human3623|p540,1
human3626|p1186,1
human365|p2613,1
human2584|p15,1
human2585|p15,1
human3240|p828,1
human3244|p828,1
human3245|p828,1
human2932|p1714,1
human3161|p1590,1
human3162|p1590,1
human2136|p1670,1
human3614|p1353,1
human1321|p720,1
human1332|p720,1
human1339|p720,1
human165|p767,1
human195|p1798,1
human1347|p61,1
human256|p287,1
human3291|p3089,1
human3300|p1582,1
human3301|p1582,1
human3302|p1578,1
human854|p4468,1
human339|p1066,1
human1436|p1658,1
human3597|p819,1
human1185|p392,1
human2173|p259,1
human3595|p1667,1
human1684|p1660,1
human1693|p3094,1
human1971|p2873,1
human2728|p1237,1
human2813|p801,1
human2815|p803,1
human2896|p413,1
human1078|p700,1
human1079|p601,1
human2229|p706,1
human2233|p707,1
human1582|p110,1
human2559|p1084,1
human2562|p1083,1
human2803|p3716,1
human2811|p3625,1
human3587|p1465,1
human3742|p1825,1
human590|p1313,1
human2699|p467,1
human1778|p163,1
human3717|p1002,1
human1996|p464,1
human2330|p3408,1
human2333|p3394,1
human3125|p3510,1
human3458|p4357,1
human3478|p1438,1
human3680|p3475,1
human1187|p835,1
human1188|p835,1
human2254|p504,1
human2656|p574,1
human2676|p811,1
human2905|p2020,1
human3267|p2396,1
human971|p1232,1
human1653|p2991,1
human1655|p4830,1
human3017|p3048,1
human3063|p2005,1
human3124|p2251,1
human3353|p3813,1
human3355|p3549,1
human3392|p4583,1
human3423|p4169,1
human1726|p597,1
human2483|p351,1
human3785|p968,1
human1194|p319,1
human2823|p1044,1
human815|p1400,1
human822|p1700,1
human1786|p441,1
human1715|p1476,1
human3625|p1379,1
human1563|p2916,1
human1740|p1470,1
human2690|p1041,1
human2692|p1044,1
human2695|p1041,1
human3737|p4,1
human1547|p1191,1
human466|p530,1
human3228|p416,1
human3383|p1527,1
human3447|p90,1
human3453|p90,1
human997|p467,1
human398|p1283,1
human764|p1098,1
human769|p758,1
human808|p1222,1
human831|p1317,1
human843|p601,1
human859|p1331,1
human1936|p2073,1
human3706|p365,1
human3707|p29,1
human948|p3758,1
human1054|p643,1
human2479|p3232,1
human3038|p5706,1
human3045|p4482,1
human3454|p379,1
human3456|p5203,1
human3571|p1366,1
human2992|p2353,1
human3260|p102,1
human3261|p71,1
human3304|p2014,1
human3309|p1395,1
human754|p6408,1
human758|p4100,1
human932|p4140,1
human933|p3927,1
human938|p3857,1
human1633|p3071,1
human3032|p3229,1
human3401|p4205,1
human430|p1161,1
human209|p944,1
human540|p772,1
human1308|p1048,1
human1311|p1047,1
human1731|p1541,1
human2454|p789,1
human2512|p982,1
human2520|p975,1
human2533|p964,1
human2537|p227,1
human2721|p1184,1
human2788|p1594,1
human2852|p2477,1
human2875|p2478,1
human2882|p2476,1
human2153|p1320,1
human931|p2257,1
human940|p2210,1
human249|p3082,1
human2782|p1138,1
human2790|p1143,1
human2793|p1034,1
human174|p2828,1
human855|p3218,1
human915|p3095,1
human916|p3096,1
human1200|p2142,1
human1793|p2912,1
human1805|p2913,1
human1818|p4195,1
human3007|p3760,1
human3282|p5515,1
human3358|p4207,1
human3431|p4470,1
human3516|p2058,1
human3598|p4015,1
human3604|p4774,1
human706|p1627,1
human743|p324,1
human747|p111,1
human944|p1405,1
human3035|p2143,1
human3694|p1955,1
human3695|p1181,1
human1792|p579,1
human3448|p4304,1
human3450|p4309,1
human1|p502,1
human83|p2344,1
human514|p426,1
human701|p1124,1
human1053|p569,1
human1056|p569,1
human1291|p152,1
human3199|p1906,1
human3444|p598,1
human3705|p423,1
human2259|p1136,1
human2263|p1373,1
human2450|p614,1
human310|p1046,1
human1071|p13,1
human2306|p1138,1
human2314|p1130,1
human2323|p1344,1
human2325|p1333,1
human2612|p1128,1
human753|p560,1
human791|p481,1
human861|p44,1
human899|p267,1
human900|p792,1
human1717|p328,1
human3661|p1725,1
human3436|p2496,1
human69|p2071,1
human1807|p944,1
human3735|p1394,1
human3736|p1602,1
human697|p1182,1
human941|p1797,1
human972|p518,1
human974|p518,1
human1007|p1641,1
human2062|p2251,1
human2065|p2182,1
human3037|p21,1
human3039|p21,1
human3049|p1222,1
human3118|p1326,1
human3156|p1209,1
human3172|p1242,1
human3205|p220,1
human3296|p147,1
human3299|p147,1
human3413|p231,1
human3426|p110,1
human3459|p655,1
human3582|p1360,1
human312|p1088,1
human2742|p817,1
human3437|p2052,1
human258|p442,1
human793|p114,1
human1962|p4465,1
human1992|p3419,1
human2002|p1583,1
human2012|p1583,1
human2015|p1583,1
human250|p2402,1
human3310|p1356,1
human3311|p1357,1
human3|p4070,1
human84|p1261,1
human130|p1911,1
human246|p855,1
human536|p4742,1
human613|p1455,1
human858|p4197,1
human1050|p2134,1
human3143|p908,1
human3169|p258,1
human3326|p2580,1
human3327|p2584,1
human3361|p3163,1
human3363|p4954,1
human3364|p4949,1
human3410|p3303,1
human482|p1745,1
human3678|p5430,1
human506|p16,1
human2717|p3349,1
human1963|p401,1
human1965|p402,1
human1968|p401,1
human3790|p155,1
human326|p426,1
human3734|p951,1
human886|p2452,1
human969|p219,1
human1049|p812,1
human3316|p786,1
human3445|p2424,1
human3446|p2423,1
human1982|p245,1
human879|p212,1
human1275|p865,1
human1279|p865,1
human1320|p1904,1
human1960|p2767,1
human2152|p1800,1
human191|p1249,1
human1203|p612,1
human1213|p1188,1
human135|p3933,1
human446|p1458,1
human667|p1689,1
human816|p3492,1
human830|p3678,1
human1826|p923,1
human1827|p925,1
human2203|p1305,1
human2602|p2833,1
human798|p878,1
human917|p3468,1
human920|p3438,1
human3155|p1572,1
human3157|p1253,1
human3160|p2891,1
human3163|p2893,1
human3170|p4343,1
human3435|p3371,1
human3457|p1100,1
human3476|p4889,1
human782|p4676,1
human2577|p510,1
human2578|p510,1
human2580|p510,1
human3387|p4534,1
human1702|p1276,1
human1702|p3266,1
human744|p1985,1
human3677|p4332,1
human851|p721,1
human2645|p1676,1
human108|p4093,1
human425|p1478,1
human431|p114,1
human2473|p1684,1
human2477|p1882,1
human2480|p1684,1
human1059|p1438,1
human3415|p362,1
human1979|p1126,1
human1981|p1126,1
human1991|p2732,1
human2507|p3730,1
human2514|p3641,1
human856|p2086,1
human30|p2146,1
human92|p381,1
human98|p2058,1
human248|p2134,1
human272|p920,1
human488|p3558,1
human496|p3291,1
human561|p1272,1
human571|p505,1
human579|p80,1
human2491|p3793,1
human3184|p4349,1
human3186|p4349,1
human3318|p1534,1
human3385|p1999,1
human3588|p1045,1
human3589|p1398,1
human3647|p338,1
human362|p2542,1
human2708|p1027,1
human885|p379,1
human1154|p877,1
human1156|p880,1
human3710|p1200,1
human3727|p4596,1
human128|p3635,1
human322|p2294,1
human2861|p433,1
human3203|p4493,1
human3206|p4493,1
human919|p2026,1
human3696|p984,1
human3697|p2154,1
human1822|p1550,1
human789|p353,1
human836|p1145,1
human2568|p1381,1
human3323|p512,1
human3325|p735,1
human3468|p2056,1
human3660|p1723,1
human350|p736,1
human3733|p1156,1
human2596|p1262,1
human3101|p44,1
human1838|p2571,1
human1846|p2569,1
human1856|p2563,1
human1870|p2564,1
human1875|p1869,1
human1880|p1868,1
human2943|p469,1
human3515|p3776,1
human2048|p3539,1
human3594|p1227,1
human3596|p983,1
human189|p563,1
human786|p898,1
human848|p846,1
human877|p1113,1
human1583|p999,1
human1600|p279,1
human3251|p2158,1
human3252|p2159,1
human3254|p1950,1
human3351|p1571,1
human3352|p1498,1
human3399|p2805,1
human2303|p1310,1
human2320|p1288,1
human3644|p669,1
human3645|p2096,1
human1447|p586,1
human1459|p1052,1
human2846|p1698,1
human2876|p1698,1
human3574|p937,1
human3578|p730,1
human3579|p1428,1
human3581|p1096,1
human3583|p1474,1
human3585|p1419,1
human3586|p1267,1
human3615|p558,1
human3616|p495,1
human3617|p523,1
human3618|p1184,1
human122|p653,1
human2318|p188,1
human2206|p1860,1
human452|p677,1
human807|p2060,1
human956|p3647,1
human958|p3647,1
human1052|p3376,1
human1055|p3377,1
human3055|p3035,1
human3059|p2954,1
human3141|p4056,1
human3367|p2128,1
human3368|p2127,1
human3372|p4777,1
human3402|p4677,1
human3403|p4679,1
human3427|p2003,1
human3646|p2791,1
human1505|p1079,1
human1521|p1079,1
human1550|p1079,1
human1558|p1079,1
human1050|p666,1
human2493|p2313,1
human3294|p853,1
human3295|p866,1
human2503|p937,1
human3292|p165,1
human2063|p2158,1
human2068|p3516,1
human2167|p1120,1
human2575|p70,1
human2579|p70,1
human3652|p910,1
human1468|p1421,1
human1472|p1417,1
human1501|p381,1
human992|p1927,1
human993|p1928,1
human994|p1927,1
human1057|p1223,1
human1058|p2992,1
human3075|p2149,1
human3082|p1906,1
human3087|p4146,1
human3089|p4150,1
human3091|p1535,1
human3114|p2493,1
human3127|p849,1
human3247|p1311,1
human3428|p385,1
human220|p598,1
human1125|p351,1
human3204|p1667,1
human3266|p1083,1
human3366|p300,1
human3379|p166,1
human3576|p770,1
human3577|p414,1
human3580|p1106,1
human1084|p2081,1
human218|p2453,1
human487|p2065,1
human591|p1121,1
human760|p4384,1
human922|p2948,1
human930|p395,1
human936|p395,1
human952|p466,1
human954|p466,1
human1027|p1154,1
human1030|p1154,1
human1033|p1152,1
human3012|p4755,1
human3210|p4516,1
human3303|p1804,1
human3305|p555,1
human3308|p555,1
human3346|p1492,1
human3463|p4787,1
human3599|p478,1
human3600|p4095,1
human3601|p3457,1
human3602|p581,1
human3603|p4025,1
human966|p1317,1
human2679|p570,1
human26|p940,1
human80|p313,1
human594|p932,1
human905|p309,1
human2475|p396,1
human3211|p671,1
human611|p4920,1
human3709|p1264,1
human3584|p1576,1
human29|p3762,1
human1073|p1049,1
human2910|p866,1
human3365|p3642,1
human1977|p427,1
human557|p1347,1
human3807|p1101,1
human3152|p1068,1
human565|p505,1
human2315|p2449,1
human1303|p1585,1
human1817|p582,1
human238|p1423,1
human548|p1003,1
human568|p960,1
human685|p1278,1
human3803|p482,1
human3743|p1600,1
human1029|p212,1
human1034|p212,1
human1266|p690,1
human3575|p1576,1
human1746|p674,1
human1024|p8,1
human3322|p4718,1
human2672|p1575,1
human389|p1869,1
human464|p2045,1
human3135|p1995,1
human3424|p386,1
human2109|p606,1
human2650|p308,1
human2513|p1161,1
human2517|p1097,1
human1037|p920,1
human1045|p748,1
human3412|p2249,1
human2033|p900,1
human2043|p901,1
human66|p1513,1
human104|p2364,1
human2763|p2597,1
human991|p2741,1
human996|p2327,1
human3593|p190,1
human3209|p1696,1
human2487|p1521,1
human1794|p409,1
human881|p1493,1
human910|p852,1
human911|p1052,1
human912|p1150,1
human1038|p1861,1
human1342|p1777,1
human1350|p933,1
human1352|p569,1
human2050|p453,1
human2052|p453,1
human2571|p770,1
human2909|p1010,1
human3227|p135,1
human3335|p1155,1
human3408|p1653,1
human3627|p1937,1
human3628|p1760,1
human3629|p1520,1
human319|p2077,1
human2509|p374,1
human3649|p1560,1
human508|p1987,1
human2737|p17,1
human2744|p733,1
human2773|p129,1
human1532|p1435,1
human1538|p1658,1
human1556|p1671,1
human1570|p1584,1
human3128|p2859,1
human3229|p3140,1
human3230|p3058,1
human3257|p4088,1
human3258|p4104,1
human3369|p1678,1
human3370|p1687,1
human1046|p1893,1
human3664|p1263,1
human74|p1770,1
human1887|p473,1
human1891|p474,1
human1895|p473,1
human1910|p2853,1
human1914|p2854,1
human1919|p2854,1
human3648|p670,1
human1445|p1118,1
human1456|p1118,1
human1462|p909,1
human1474|p909,1
human1495|p687,1
human27|p389,1
human281|p178,1
human341|p1995,1
human522|p1027,1
human926|p1955,1
human1661|p1139,1
human3020|p1813,1
human3021|p1721,1
human3480|p378,1
human1716|p69,1
human1720|p68,1
human233|p263,1
human1290|p690,1
human1579|p3901,1
human2288|p196,1
human2907|p506,1
human3338|p21,1
human3348|p533,1
human3349|p534,1
human3449|p2004,1
human445|p3554,1
human1906|p829,1
human1204|p726,1
human396|p1627,1
human3590|p79,1
human10|p2229,1
human21|p428,1
human1701|p323,1
human1701|p5275,1
human1704|p323,1
human2224|p1480,1
human2225|p1480,1
human2226|p1417,1
human532|p1958,1
human332|p2966,1
human187|p447,1
human817|p571,1
human1314|p1435,1
human1318|p1431,1
human323|p55,1
human547|p1285,1
human1673|p2093,1
human1678|p2093,1
human2936|p2574,1
human759|p2202,1
human1463|p2052,1
human374|p671,1
human580|p737,1
human756|p2323,1
human784|p2696,1
human3273|p662,1
human3386|p1370,1
human2547|p233,1
human2552|p1043,1
human2555|p2177,1
human2558|p19,1
human1513|p1541,1
human3591|p740,1
human3739|p882,1
human2848|p1443,1
human2897|p1443,1
human3798|p1518,1
human298|p2047,1
human546|p731,1
human607|p4740,1
human368|p4016,1
human1833|p787,1
human114|p101,1
human1631|p703,1
human1634|p703,1
human1636|p703,1
human1646|p704,1
human1647|p704,1
human1648|p704,1
human78|p1353,1
human279|p1677,1
human1147|p593,1
human2027|p26,1
human2641|p1065,1
human3653|p174,1
human3799|p2,1
human1680|p1220,1
human3654|p186,1
human3740|p793,1
human224|p3,1
human2253|p474,1
human2257|p474,1
human2319|p61,1
human3339|p2472,1
human3341|p2422,1
human2642|p532,1
human2647|p532,1
human1537|p1744,1
human2268|p2617,1
human2458|p44,1
human2740|p1737,1
human2765|p1568,1
human1064|p1388,1
human1065|p573,1
human2996|p628,1
human2997|p632,1
human2817|p1078,1
human38|p1269,1
human2041|p358,1
human3083|p2058,1
human3222|p3244,1
human2757|p1075,1
human436|p1943,1
human1858|p3015,1
human1864|p3019,1
human253|p3236,1
human377|p1822,1
human1984|p1737,1
human255|p284,1
human876|p2044,1
human2169|p618,1
human2170|p618,1
human1457|p355,1
human87|p919,1
human225|p2562,1
human483|p266,1
human416|p690,1
human3513|p899,1
human1947|p1416,1
human2526|p1750,1
human2582|p1542,1
human2597|p983,1
human3650|p1613,1
human3651|p1895,1
human67|p2472,1
human1362|p221,1
human1364|p221,1
human1437|p502,1
human1440|p964,1
human1442|p961,1
human2684|p2455,1
human2693|p2467,1
human2342|p575,1
human2357|p613,1
human2358|p1180,1
human2381|p1180,1
human2386|p1175,1
human2399|p1175,1
human2510|p2130,1
human2532|p1415,1
human2536|p428,1
human2546|p786,1
human125|p579,1
human222|p1373,1
human245|p1588,1
human583|p1643,1
human1515|p427,1
human1530|p427,1
human1551|p524,1
human3794|p11,1
human351|p1416,1
human2239|p1493,1
human2243|p1478,1
human239|p3020,1
human2796|p784,1
human2802|p783,1
human629|p1827,1
human734|p401,1
human835|p66,1
human887|p694,1
human889|p23,1
human891|p719,1
human1282|p1180,1
human1283|p1167,1
human2573|p1184,1
human3788|p47,1
human1506|p3303,1
human1544|p2706,1
human1557|p2705,1
human1566|p2703,1
human825|p1514,1
human1087|p20,1
human2588|p127,1
human1601|p1297,1
human1608|p704,1
human1718|p2304,1
human788|p123,1
human882|p1951,1
human986|p1081,1
human988|p1080,1
human2274|p690,1
human2987|p2472,1
human3041|p2063,1
human3080|p846,1
human3183|p1028,1
human52|p1076,1
human101|p1466,1
human384|p20,1
human559|p1185,1
human1168|p1715,1
human1169|p1717,1
human1170|p1715,1
human1980|p462,1
human2616|p237,1
human1782|p1429,1
human3663|p672,1
human2745|p847,1
human570|p251,1
human1346|p1341,1
human1769|p548,1
human1773|p1768,1
human3805|p1442,1
human3123|p5338,1
human2460|p112,1
human2466|p111,1
human2004|p1406,1
human316|p695,1
human444|p709,1
human1516|p1498,1
human1520|p1495,1
human1551|p1284,1
human2797|p2647,1
human2808|p2366,1
human334|p1989,1
human403|p1982,1
human503|p1592,1
human3022|p380,1
human1953|p425,1
human158|p1102,1
human370|p1835,1
human552|p2241,1
human2360|p1032,1
human2383|p947,1
human2398|p947,1
human1691|p496,1
human1799|p335,1
human573|p285,1
human1366|p1389,1
human2353|p103,1
human1987|p1466,1
human1514|p2963,1
human1565|p3267,1
human324|p1294,1
human192|p1438,1
human20|p729,1
human1151|p816,1
human3506|p244,1
human3507|p815,1
human3501|p539,1
human3432|p475,1
human146|p2424,1
human230|p633,1
human2441|p822,1
human3231|p413,1
human1798|p209,1
human1378|p341,1
human169|p159,1
human3732|p470,1
human1909|p787,1
human1918|p788,1
human3504|p503,1
human3505|p134,1
human3508|p455,1
human1952|p401,1
human1956|p751,1
human1032|p273,1
human3336|p1301,1
human2709|p2861,1
human2716|p2860,1
human781|p1268,1
human105|p4273,1
human327|p662,1
human428|p4842,1
human429|p1376,1
human658|p1860,1
human3503|p254,1
human3512|p1340,1
human501|p448,1
human3185|p137,1
human3187|p137,1
human3319|p131,1
human3320|p131,1
human3321|p131,1
human632|p580,1
human3500|p1507,1
human3502|p800,1
human3509|p1543,1
human3511|p1239,1
human107|p2645,1
human325|p2146,1
human797|p352,1
human1951|p163,1
human2928|p753,1
human822|p3526,1
human1470|p1925,1
human1484|p783,1
human416|p691,1
human2718|p605,1
human292|p4102,1
human3510|p638,1
human1157|p498,1
human1164|p497,1
human2003|p792,1
human550|p1362,1
human1529|p789,1
human1560|p2034,1
human1571|p2029,1
human2127|p1335,1
human3656|p1488,1
human709|p653,1
human1327|p1666,1
human1334|p1623,1
human2829|p1528,1
human2834|p1462,1
human582|p174,1
human1719|p1456,1
human1721|p1340,1
human634|p1323,1
human2705|p2079,1
human2714|p2077,1
human530|p2956,1
human1231|p2234,1
human1233|p2233,1
human1255|p3660,1
human1259|p3468,1
human2364|p3299,1
human2375|p3199,1
human3729|p1219,1
human1297|p1345,1
human1589|p1337,1
human1592|p1338,1
human1597|p1489,1
human1604|p1489,1
human1609|p1771,1
human1616|p1771,1
human263|p154,1
human576|p1026,1
human676|p496,1
human1723|p1200,1
human1890|p1229,1
human1897|p1238,1
human2776|p1172,1
human2780|p1106,1
human2195|p696,1
human1427|p1272,1
human175|p2143,1
human3730|p199,1
human883|p800,1
human3673|p1080,1
human3738|p1621,1
human2639|p117,1
human2648|p117,1
human1672|p1127,1
human3731|p761,1
human188|p3364,1
human3552|p4472,1
human3499|p452,1
human2499|p643,1
human3655|p257,1
human3670|p2659,1
human1112|p663,1
human1118|p663,1
human799|p1512,1
human2512|p981,1
human2520|p974,1
human2533|p965,1
human2537|p226,1
human1446|p159,1
human1461|p665,1
human1479|p662,1
human1488|p2211,1
human1499|p2010,1
human2643|p738,1
human180|p1911,1
human2248|p674,1
human3672|p2250,1
human3674|p2360,1
human684|p1352,1
human2800|p2626,1
human2804|p2628,1
human2807|p2626,1
human347|p347,1
human3665|p145,1
human1166|p1095,1
human1143|p436,1
human1160|p454,1
human2058|p410,1
human3667|p2150,1
human3669|p2783,1
human3792|p907,1
human1267|p1391,1
human1277|p885,1
human2455|p1086,1
human2947|p1164,1
human2960|p1160,1
human2972|p1039,1
human2986|p1040,1
human3666|p523,1
human3668|p677,1
human1736|p1012,1
human1181|p8,1
human1189|p439,1
human2685|p1906,1
human45|p1480,1
human3671|p837,1
human3791|p855,1
human366|p1385,1
human2098|p373,1
human2102|p373,1
human1134|p709,1
human2264|p1459,1
human2271|p1725,1
human2272|p1661,1
human244|p1952,1
human2687|p2038,1
human231|p1720,1
human2308|p1888,1
human2574|p1639,1
human1348|p525,1
human3795|p53,1
human1100|p3751,1
human1101|p3230,1
human1766|p1049,1
human1771|p1047,1
human1775|p1356,1
human3802|p178,1
human2215|p702,1
human2221|p702,1
human1140|p1058,1
human3572|p759,1
human1971|p1120,1
human1135|p1730,1
human2166|p820,1
human2747|p54,1
human1725|p1579,1
human1214|p52,1
human616|p1531,1
human1075|p1755,1
human1799|p336,1
human1076|p1880,1
human23|p1413,1
human575|p1859,1
human1674|p1331,1
human1675|p1375,1
human2026|p692,1
human442|p3053,1
human155|p2419,1
human3331|p2765,1
human2858|p3293,1
human2888|p2884,1
human1959|p1937,1
human24|p3908,1
human681|p1029,1
human955|p4932,1
human960|p4931,1
human3056|p4784,1
human3058|p4398,1
human2244|p3526,1
human2245|p3672,1
human657|p4866,1
human671|p2443,1
human687|p683,1
human689|p2304,1
human2919|p3080,1
human3801|p2395,1
human1847|p1417,1
human3517|p3275,1
human724|p1339,1
human1120|p1139,1
human2724|p1091,1
human2727|p1087,1
human1806|p985,1
human3664|p1262,1
human1586|p1485,1
human405|p2602,1
human43|p738,1
human127|p2561,1
human376|p2096,1
human2047|p2078,1
human785|p2737,1
human3053|p1307,1
human216|p2674,1
human2133|p394,1
human3497|p541,1
human757|p793,1
human3207|p370,1
human3220|p475,1
human3224|p470,1
human303|p109,1
human129|p2075,1
human71|p546,1
human124|p1539,1
human329|p771,1
human2581|p1004,1
human1209|p2358,1
human478|p2162,1
human1444|p469,1
human1464|p469,1
human1489|p1405,1
human2685|p1905,1
human1315|p1359,1
human1316|p1209,1
human3656|p1489,1
human1075|p1754,1
human1076|p1879,1
human2687|p2023,1
human1665|p100,1
human507|p4256,1
human1236|p138,1
human1247|p138,1
human2915|p67,1
human418|p281,1
human2110|p759,1
human2644|p1957,1
human0|p856,2
human623|p1008,2
human3526|p1003,2
human3524|p609,2
human3527|p784,2
human264|p1177,2
human1063|p2035,2
human3744|p1396,2
human2|p188,2
human3523|p1940,2
human2197|p729,2
human699|p696,2
human702|p705,2
human880|p1379,2
human811|p2039,2
human921|p108,2
human2439|p1404,2
human3198|p975,2
human3525|p2222,2
human803|p1984,2
human3121|p1823,2
human1009|p608,2
human1145|p121,2
human1165|p731,2
human722|p1677,2
human268|p76,2
human3544|p1502,2
human545|p584,2
human3518|p830,2
human927|p1477,2
human928|p1478,2
human3019|p1047,2
human524|p881,2
human3520|p1080,2
human3750|p520,2
human3754|p331,2
human3755|p1143,2
human3758|p2102,2
human3759|p533,2
human3545|p1775,2
human3757|p970,2
human3550|p1168,2
human320|p179,2
human3519|p1245,2
human3522|p10,2
human3546|p238,2
human3549|p1129,2
human3551|p315,2
human585|p839,2
human3521|p2219,2
human454|p1522,2
human619|p1942,2
human683|p2168,2
human3547|p137,2
human3548|p1451,2
human3749|p924,2
human3756|p1298,2
human3748|p592,2
human3747|p675,2
human3745|p1383,2
human494|p953,2
human3751|p1184,2
human3752|p1533,2
human3753|p1571,2
human3746|p253,2
human402|p328,2
human772|p808,2
human779|p1925,2
human844|p1220,2
human705|p2335,2
human745|p1001,2
human845|p1628,2
human809|p1308,2
human774|p1606,2
human712|p1273,2
human2189|p1088,2
human1662|p1114,2
human2417|p13,2
human1809|p2265,2
human1927|p788,2
human2521|p1740,2
human521|p1742,2
human2519|p563,2
human2658|p2468,2
human913|p713,2
human914|p739,2
human2569|p1187,2
human2658|p2466,2
human2663|p2423,2
human499|p574,2
human3764|p1596,2
human3761|p1297,2
human3770|p14,2
human3773|p1923,2
human780|p443,2
human3769|p212,2
human3771|p384,2
human3765|p1177,2
human1928|p380,2
human489|p222,2
human3768|p627,2
human3763|p1819,2
human3766|p2008,2
human3535|p190,2
human3536|p1047,2
human3767|p1208,2
human3530|p1116,2
human3531|p532,2
human3532|p59,2
human3533|p828,2
human3534|p144,2
human3537|p691,2
human465|p1987,2
human2146|p308,2
human584|p1860,2
human2051|p389,2
human2054|p388,2
human2746|p1186,2
human3539|p2000,2
human3541|p724,2
human3538|p298,2
human3772|p2237,2
human3542|p233,2
human3543|p930,2
human31|p874,2
human896|p571,2
human2883|p1052,2
human773|p1482,2
human832|p1911,2
human839|p147,2
human35|p23,2
human33|p1407,2
human1708|p251,2
human1712|p1708,2
human1713|p1642,2
human3540|p1074,2
human2236|p1430,2
human259|p2124,2
human1222|p1135,2
human42|p1326,2
human51|p941,2
human1642|p999,2
human1375|p828,2
human587|p1107,2
human1047|p651,2
human1344|p1054,2
human1351|p1387,2
human1353|p1386,2
human3433|p833,2
human720|p1379,2
human2336|p1317,2
human2438|p738,2
human1767|p2190,2
human1705|p539,2
human1710|p594,2
human1767|p993,2
human1772|p993,2
human1777|p785,2
human2078|p1571,2
human721|p371,2
human3416|p1734,2
human3760|p253,2
human3762|p1355,2
human1752|p1240,2
human200|p2039,2
human904|p1207,2
human711|p480,2
human2527|p447,2
human2543|p447,2
human354|p237,2
human2408|p538,2
human2201|p2470,2
human1373|p1390,2
human2397|p2070,2
human1656|p807,2
human2631|p2310,2
human2736|p2537,2
human3475|p2110,2
human3477|p1738,2
human987|p1277,2
human3081|p1844,2
human750|p122,2
human3469|p935,2
human3470|p936,2
human3147|p1717,2
human2143|p1024,2
human804|p1365,2
human806|p2125,2
human549|p630,2
human344|p187,2
human3191|p648,2
human3194|p681,2
human290|p751,2
human3328|p852,2
human864|p2135,2
human866|p2050,2
human3340|p1722,2
human2938|p129,2
human3381|p1919,2
human131|p33,2
human3289|p1421,2
human3375|p2086,2
human2988|p610,2
human2990|p939,2
human2991|p939,2
human3455|p2065,2
human735|p1331,2
human1376|p1588,2
human2433|p1229,2
human2434|p799,2
human2287|p448,2
human2704|p1236,2
human2406|p950,2
human763|p696,2
human913|p712,2
human914|p738,2
human2756|p658,2
human2073|p1984,2
human2076|p2046,2
human853|p800,2
human862|p1283,2
human3315|p1615,2
human3317|p1614,2
human90|p1562,2
human1126|p632,2
human2180|p679,2
human2262|p814,2
human2940|p776,2
human2952|p780,2
human2959|p778,2
human2978|p849,2
human1370|p694,2
human3460|p521,2
human3461|p524,2
human2207|p862,2
human2292|p784,2
human1337|p2128,2
human1173|p2101,2
human730|p1802,2
human1948|p1231,2
human2678|p2135,2
human1652|p959,2
human1660|p1257,2
human3286|p1573,2
human3288|p1575,2
human1744|p1379,2
human1747|p1336,2
human1795|p1363,2
human1802|p1363,2
human3481|p850,2
human3306|p1859,2
human3307|p1860,2
human1819|p411,2
human2282|p6514,2
human413|p2185,2
human2683|p494,2
human894|p2540,2
human418|p1553,2
human2449|p369,2
human2535|p1793,2
human1907|p363,2
human2948|p91,2
human2929|p865,2
human2936|p867,2
human2937|p864,2
human2965|p123,2
human2967|p123,2
human2828|p511,2
human2832|p512,2
human2238|p1665,2
human2416|p460,2
human2428|p617,2
human813|p35,2
human829|p510,2
human870|p45,2
human895|p1661,2
human2554|p443,2
human2155|p180,2
human2903|p823,2
human2437|p680,2
human846|p900,2
human892|p1581,2
human2198|p77,2
human2522|p653,2
human2534|p591,2
human775|p1861,2
human2020|p1722,2
human12|p1473,2
human404|p1770,2
human1262|p425,2
human1995|p1835,2
human2023|p1243,2
human2042|p643,2
human907|p1125,2
human2418|p527,2
human2750|p1036,2
human2234|p1670,2
human2826|p425,2
human2837|p337,2
human2941|p163,2
human2423|p611,2
human2636|p2087,2
human1730|p1535,2
human2828|p1812,2
human3258|p4556,2
human1703|p172,2
human1761|p693,2
human2619|p653,2
human2781|p446,2
human2178|p1537,2
human2183|p1537,2
human2188|p1535,2
human3639|p1287,2
human966|p2201,2
human2679|p891,2
human2256|p364,2
human2444|p688,2
human2445|p688,2
human2904|p1623,2
human1379|p942,2
human753|p939,2
human861|p1067,2
human3072|p3172,2
human1755|p81,2
human1765|p81,2
human1146|p882,2
human1325|p1914,2
human743|p1975,2
human747|p1769,2
human3695|p673,2
human26|p633,2
human944|p1612,2
human3035|p1285,2
human3697|p50,2
human3108|p1152,2
human3109|p1153,2
human3072|p2042,2
human3036|p1395,2
human80|p144,2
human2109|p1309,2
human3694|p1632,2
human919|p925,2
human3696|p1325,2
human706|p416,2
human300|p1605,2
human1983|p98,2
human1970|p445,2
human1974|p447,2
human1978|p378,2
human594|p351,2
human3310|p1359,2
human3311|p1360,2
human1902|p2426,2
human3373|p2854,2
human143|p1588,2
human1700|p154,2
human1700|p2593,2
human2144|p2322,2
human2145|p2266,2
human2310|p1001,2
human2315|p1000,2
human2719|p1396,2
human2720|p1302,2
human3637|p1312,2
human2453|p5014,2
human2472|p5054,2
human2474|p5137,2
human3219|p2794,2
human3287|p1237,2
human2503|p1457,2
human1110|p161,2
human1114|p160,2
human1122|p2210,2
human1133|p2302,2
human2411|p1720,2
human2411|p4491,2
human1950|p461,2
human1038|p1678,2
human3408|p1389,2
human3048|p4975,2
human3050|p4683,2
human3094|p4458,2
human3113|p4185,2
human3131|p251,2
human3242|p1801,2
human3246|p1653,2
human1342|p2315,2
human1350|p2197,2
human1352|p2249,2
human2909|p2131,2
human3227|p2398,2
human3335|p960,2
human2056|p647,2
human2297|p1513,2
human2794|p899,2
human2798|p771,2
human2289|p549,2
human2290|p552,2
human2291|p548,2
human2298|p413,2
human2301|p413,2
human3638|p1584,2
human3040|p1774,2
human3373|p2622,2
human2840|p139,2
human881|p2213,2
human1307|p967,2
human498|p2073,2
human1814|p800,2
human1820|p800,2
human3016|p2461,2
human3152|p2257,2
human975|p1417,2
human978|p1421,2
human3067|p2891,2
human1201|p1832,2
human1205|p1703,2
human1207|p1745,2
human1211|p1944,2
human1939|p988,2
human3188|p2863,2
human2992|p2643,2
human3285|p376,2
human2609|p1018,2
human2621|p1017,2
human2624|p1018,2
human2194|p1949,2
human2414|p3647,2
human1680|p964,2
human3404|p2466,2
human1627|p1015,2
human3010|p3137,2
human3011|p3137,2
human695|p577,2
human700|p1117,2
human2254|p343,2
human3002|p575,2
human3100|p93,2
human3103|p93,2
human3145|p4488,2
human3395|p4166,2
human3396|p4166,2
human3430|p985,2
human698|p1611,2
human1025|p2115,2
human3344|p3835,2
human3382|p1381,2
human3384|p2108,2
human3112|p1740,2
human1006|p4326,2
human1008|p4331,2
human3060|p3586,2
human3119|p2820,2
human3238|p4176,2
human3391|p1459,2
human2092|p59,2
human964|p3171,2
human965|p3174,2
human977|p4803,2
human3062|p2323,2
human3077|p4467,2
human3166|p1517,2
human3167|p105,2
human3178|p1633,2
human3195|p740,2
human3390|p1549,2
human3405|p924,2
human3411|p2461,2
human3420|p4721,2
human3422|p3215,2
human3434|p12,2
human1629|p23,2
human1383|p243,2
human1388|p2094,2
human3095|p579,2
human3092|p26,2
human3094|p26,2
human3159|p430,2
human3400|p1202,2
human3393|p2407,2
human3238|p2821,2
human3150|p393,2
human2446|p563,2
human2481|p1092,2
human2999|p367,2
human1162|p47,2
human2791|p1043,2
human2801|p645,2
human3073|p937,2
human3076|p937,2
human420|p1918,2
human767|p585,2
human1758|p268,2
human2059|p2113,2
human2061|p1916,2
human3060|p2116,2
human2625|p1494,2
human287|p144,2
human3014|p2847,2
human3025|p2922,2
human3044|p2605,2
human3069|p3066,2
human2652|p261,2
human2655|p261,2
human3218|p437,2
human3092|p2211,2
human3094|p2212,2
human3159|p3113,2
human3000|p4565,2
human1202|p2382,2
human1206|p2304,2
human3400|p3555,2
human3180|p1727,2
human3165|p990,2
human3201|p4357,2
human3212|p1360,2
human3215|p1358,2
human3418|p4092,2
human1187|p1487,2
human1188|p1486,2
human2656|p1465,2
human2676|p1546,2
human2905|p2199,2
human3267|p1646,2
human1175|p1601,2
human2312|p377,2
human2566|p594,2
human2567|p594,2
human2666|p229,2
human3150|p1730,2
human3304|p1802,2
human3309|p1791,2
human1977|p919,2
human3636|p314,2
human1006|p1466,2
human1008|p1467,2
human3095|p1824,2
human3119|p2050,2
human3391|p1650,2
human2706|p89,2
human589|p735,2
human3260|p1407,2
human3261|p1506,2
human1733|p1018,2
human2307|p581,2
human2321|p580,2
human2322|p573,2
human2327|p573,2
human1121|p482,2
human1128|p483,2
human3248|p3527,2
human833|p1691,2
human842|p27,2
human1040|p1564,2
human3407|p1062,2
human345|p1160,2
human1242|p1395,2
human1286|p588,2
human1289|p589,2
human2009|p538,2
human2917|p971,2
human2783|p33,2
human3634|p539,2
human3182|p3299,2
human3631|p266,2
human3131|p405,2
human482|p1997,2
human3150|p3773,2
human977|p4487,2
human3000|p2934,2
human3165|p2480,2
human3201|p3859,2
human3212|p3662,2
human3215|p3417,2
human3248|p1721,2
human3418|p2294,2
human2726|p448,2
human964|p4036,2
human965|p4039,2
human1025|p147,2
human3062|p4117,2
human3077|p4714,2
human3178|p4054,2
human3195|p879,2
human3344|p5204,2
human3382|p1187,2
human3384|p2302,2
human3390|p1145,2
human3422|p4215,2
human3434|p150,2
human3632|p686,2
human3633|p467,2
human250|p488,2
human3430|p3623,2
human3429|p3379,2
human1728|p319,2
human3048|p2238,2
human3113|p1830,2
human1333|p706,2
human3073|p3621,2
human3076|p3331,2
human3112|p2913,2
human3166|p33,2
human3167|p1386,2
human1355|p918,2
human3010|p989,2
human3011|p989,2
human3145|p2734,2
human3395|p3726,2
human3396|p3726,2
human2060|p1593,2
human1955|p858,2
human1967|p1236,2
human2836|p1396,2
human2607|p265,2
human3414|p1635,2
human2511|p1486,2
human2515|p1486,2
human2013|p704,2
human2018|p698,2
human3040|p2570,2
human3242|p1663,2
human3246|p1791,2
human3405|p32,2
human3411|p3248,2
human2999|p223,2
human3002|p285,2
human3050|p4257,2
human3100|p238,2
human3103|p238,2
human3287|p1365,2
human3393|p3160,2
human985|p938,2
human995|p1387,2
human3047|p1087,2
human3088|p623,2
human3122|p705,2
human3262|p1065,2
human3265|p1065,2
human3269|p1323,2
human3312|p1354,2
human3394|p1313,2
human1172|p61,2
human1594|p80,2
human1829|p1807,2
human2107|p524,2
human2453|p2675,2
human2472|p2694,2
human2474|p2731,2
human3014|p2768,2
human3025|p2787,2
human3030|p2787,2
human3044|p1466,2
human3069|p2566,2
human1664|p1047,2
human1932|p598,2
human2031|p886,2
human2044|p884,2
human1902|p1325,2
human3150|p4986,2
human2000|p1035,2
human1492|p3307,2
human3145|p2242,2
human3395|p4750,2
human3396|p4677,2
human3404|p2465,2
human3219|p4343,2
human1920|p32,2
human975|p1418,2
human978|p1422,2
human3016|p2460,2
human3067|p2890,2
human3036|p609,2
human3420|p3219,2
human2337|p658,2
human3414|p1342,2
human3073|p4133,2
human3076|p3812,2
human3166|p5022,2
human3167|p4730,2
human3188|p2862,2
human3420|p3482,2
human1384|p924,2
human1438|p366,2
human789|p1641,2
human836|p1333,2
human2568|p1193,2
human3323|p699,2
human3325|p922,2
human3468|p182,2
human3189|p778,2
human3190|p778,2
human3192|p251,2
human3193|p251,2
human3462|p3282,2
human1131|p1259,2
human3036|p2944,2
human3131|p2813,2
human3036|p3268,2
human1822|p976,2
human3145|p4012,2
human736|p343,2
human2453|p4444,2
human2472|p4398,2
human2474|p4550,2
human3395|p3519,2
human3396|p3519,2
human2466|p643,2
human3318|p1141,2
human3385|p1822,2
human3050|p4453,2
human3373|p2232,2
human3273|p2519,2
human565|p814,2
human2999|p3554,2
human3002|p2904,2
human3100|p2318,2
human3103|p2315,2
human1264|p1003,2
human964|p3820,2
human965|p3823,2
human3062|p3883,2
human3077|p4617,2
human3178|p3493,2
human3195|p2587,2
human3422|p2023,2
human3434|p4258,2
human3168|p448,2
human3171|p448,2
human2285|p802,2
human2587|p838,2
human1046|p2559,2
human2460|p719,2
human3166|p3498,2
human3167|p3749,2
human3242|p3992,2
human3246|p3163,2
human3164|p552,2
human865|p316,2
human1986|p346,2
human3048|p5073,2
human3113|p3678,2
human1581|p1348,2
human977|p3580,2
human1025|p2445,2
human2999|p4115,2
human3002|p4251,2
human3073|p3146,2
human3076|p2856,2
human3100|p4529,2
human3103|p4268,2
human3382|p4812,2
human3384|p3871,2
human3430|p4320,2
human3050|p1092,2
human3420|p3909,2
human3462|p966,2
human77|p516,2
human644|p780,2
human1641|p640,2
human1203|p507,2
human3424|p2385,2
human3112|p2597,2
human3287|p2725,2
human749|p407,2
human1070|p399,2
human3010|p2880,2
human3011|p2880,2
human3390|p3652,2
human1213|p579,2
human1182|p956,2
human1184|p927,2
human3048|p574,2
human3113|p2664,2
human3150|p3666,2
human3131|p4777,2
human1749|p1193,2
human2256|p1401,2
human2444|p217,2
human2445|p217,2
human2904|p411,2
human3040|p1294,2
human3393|p679,2
human3405|p2677,2
human3411|p2029,2
human1237|p597,2
human3093|p2031,2
human3135|p1286,2
human3386|p30,2
human3449|p2572,2
human977|p3711,2
human3112|p3477,2
human3287|p4650,2
human3040|p1624,2
human3373|p3391,2
human991|p798,2
human996|p674,2
human3430|p1679,2
human3131|p4016,2
human40|p1343,2
human102|p2132,2
human284|p1092,2
human468|p711,2
human543|p933,2
human998|p331,2
human2809|p1462,2
human3096|p327,2
human3562|p2325,2
human3023|p2185,2
human91|p1217,2
human398|p193,2
human1359|p258,2
human2924|p850,2
human622|p722,2
human2318|p1508,2
human2249|p1235,2
human3195|p4213,2
human3242|p4396,2
human3246|p3924,2
human3390|p2584,2
human3422|p5075,2
human3434|p3178,2
human471|p1798,2
human1192|p1322,2
human1197|p1322,2
human3077|p3973,2
human3393|p1806,2
human3462|p2041,2
human3219|p4544,2
human3411|p3651,2
human2258|p569,2
human258|p74,2
human2699|p649,2
human964|p2466,2
human965|p2469,2
human3062|p3154,2
human3178|p2691,2
human2328|p2134,2
human3003|p1494,2
human3268|p1637,2
human3271|p1649,2
human3272|p1637,2
human1025|p4907,2
human3344|p2016,2
human3382|p5071,2
human3384|p3357,2
human1260|p187,2
human2911|p87,2
human2912|p87,2
human258|p1374,2
human2699|p977,2
human688|p965,2
human3073|p199,2
human3076|p199,2
human379|p1138,2
human2147|p449,2
human2778|p1009,2
human2779|p343,2
human3741|p1587,2
human3405|p2093,2
human3411|p3574,2
human1210|p733,2
human2996|p395,2
human2997|p398,2
human1001|p1523,2
human1004|p1522,2
human770|p51,2
human2419|p88,2
human791|p1485,2
human899|p1092,2
human900|p1304,2
human77|p1802,2
human3189|p852,2
human3190|p852,2
human3192|p325,2
human3193|p325,2
human1925|p785,2
human3010|p3423,2
human3011|p3423,2
human723|p2128,2
human964|p3521,2
human965|p3524,2
human1016|p1952,2
human3043|p390,2
human3062|p547,2
human3178|p3196,2
human3360|p1771,2
human3362|p1769,2
human3430|p4517,2
human1062|p1873,2
human3290|p812,2
human3036|p2552,2
human777|p2076,2
human2753|p336,2
human868|p1810,2
human3344|p3831,2
human3112|p3949,2
human769|p789,2
human808|p2110,2
human1746|p873,2
human3707|p1543,2
human1791|p400,2
human3719|p1296,2
human15|p1396,2
human106|p1686,2
human217|p960,2
human451|p1094,2
human961|p756,2
human1096|p1065,2
human1480|p29,2
human3077|p5128,2
human3390|p259,2
human3422|p4685,2
human3434|p2443,2
human3698|p1297,2
human790|p1937,2
human1666|p232,2
human1025|p3626,2
human3382|p4252,2
human3384|p4289,2
human2453|p625,2
human2472|p698,2
human2474|p692,2
human2999|p3733,2
human3002|p3817,2
human3050|p1199,2
human3100|p3274,2
human3103|p3267,2
human3166|p3255,2
human3167|p4320,2
human3174|p1524,2
human3175|p1524,2
human3219|p1550,2
human3332|p742,2
human3462|p3211,2
human3699|p78,2
human2651|p970,2
human3553|p1322,2
human951|p1870,2
human1022|p656,2
human1023|p656,2
human3004|p2156,2
human3111|p2120,2
human3197|p1575,2
human3202|p1830,2
human3359|p1190,2
human3374|p247,2
human3378|p228,2
human3704|p130,2
human3708|p587,2
human3393|p2212,2
human1240|p530,2
human1729|p1203,2
human1735|p1203,2
human2920|p646,2
human3337|p1363,2
human3040|p3776,2
human3287|p3015,2
human76|p1513,2
human831|p1990,2
human843|p253,2
human1951|p114,2
human2928|p1096,2
human493|p1948,2
human3284|p2548,2
human1171|p1224,2
human1441|p1645,2
human2114|p2091,2
human2139|p1499,2
human977|p910,2
human3195|p349,2
human3242|p2375,2
human3246|p307,2
human3718|p878,2
human3290|p868,2
human1711|p1397,2
human2095|p817,2
human276|p2212,2
human674|p1576,2
human2999|p1034,2
human3002|p1109,2
human3050|p6207,2
human3100|p1532,2
human3103|p1531,2
human346|p1708,2
human691|p1792,2
human1790|p1388,2
human3010|p3791,2
human3011|p3791,2
human1936|p2093,2
human1938|p1797,2
human219|p831,2
human3701|p1531,2
human3729|p317,2
human1167|p74,2
human3700|p1312,2
human2281|p2207,2
human2282|p2212,2
human2283|p2207,2
human2284|p743,2
human2286|p743,2
human1356|p953,2
human1504|p1337,2
human704|p1106,2
human1167|p730,2
human3700|p667,2
human3703|p675,2
human2453|p3004,2
human2472|p3012,2
human2474|p3159,2
human3010|p400,2
human3011|p400,2
human3040|p3341,2
human3219|p1848,2
human3242|p668,2
human3246|p984,2
human3711|p334,2
human3048|p3915,2
human3113|p3089,2
human1073|p461,2
human199|p252,2
human691|p1935,2
human3287|p141,2
human3411|p3341,2
human3231|p1572,2
human2318|p697,2
human219|p1129,2
human3701|p640,2
human812|p1277,2
human262|p1395,2
human1113|p573,2
human3022|p266,2
human3373|p3781,2
human3712|p911,2
human3722|p380,2
human3723|p379,2
human3726|p1646,2
human1154|p913,2
human1156|p916,2
human2206|p1381,2
human512|p1884,2
human3702|p563,2
human2057|p986,2
human2572|p476,2
human2613|p1491,2
human2628|p1491,2
human2630|p1441,2
human2632|p1441,2
human2633|p1441,2
human2634|p1298,2
human2635|p1298,2
human2816|p1926,2
human3568|p516,2
human3371|p299,2
human2456|p1404,2
human2470|p1248,2
human3462|p1275,2
human1643|p209,2
human2083|p194,2
human3484|p490,2
human3703|p1548,2
human2489|p867,2
human152|p3578,2
human764|p1132,2
human3570|p32,2
human1711|p1253,2
human3702|p526,2
human3131|p2977,2
human3724|p1505,2
human3492|p1309,2
human1821|p88,2
human2530|p1523,2
human2682|p3116,2
human2697|p2517,2
human215|p1299,2
human257|p1788,2
human265|p2577,2
human641|p53,2
human3208|p697,2
human744|p4739,2
human1136|p1583,2
human1324|p1141,2
human1340|p1141,2
human417|p114,2
human3420|p837,2
human257|p971,2
human641|p685,2
human1136|p118,2
human1780|p414,2
human1787|p414,2
human1789|p414,2
human3713|p1163,2
human3218|p1466,2
human3589|p2051,2
human34|p1816,2
human791|p1115,2
human861|p1236,2
human899|p1581,2
human900|p1823,2
human1949|p1064,2
human2420|p344,2
human2421|p343,2
human2422|p374,2
human2424|p374,2
human83|p2185,2
human2931|p1017,2
human3444|p1148,2
human3556|p1963,2
human516|p824,2
human3467|p87,2
human3486|p596,2
human3489|p1674,2
human3491|p843,2
human3563|p938,2
human423|p1144,2
human2008|p1766,2
human3678|p2567,2
human2049|p971,2
human2053|p1063,2
human1975|p2573,2
human3721|p1742,2
human3485|p1487,2
human8|p218,2
human3395|p1799,2
human3396|p1799,2
human1665|p552,2
human1014|p1055,2
human1017|p1055,2
human1018|p1054,2
human3138|p732,2
human3140|p732,2
human3148|p1095,2
human3149|p1095,2
human491|p276,2
human586|p471,2
human592|p1119,2
human2731|p512,2
human3566|p260,2
human3567|p21,2
human3273|p1093,2
human3424|p1183,2
human3449|p759,2
human3720|p707,2
human3725|p1448,2
human3710|p1163,2
human869|p643,2
human2307|p1434,2
human2321|p1403,2
human2322|p1430,2
human2327|p1421,2
human790|p850,2
human2094|p1402,2
human2614|p1310,2
human819|p223,2
human1035|p830,2
human3275|p1011,2
human3277|p1011,2
human984|p321,2
human989|p321,2
human3569|p800,2
human1|p1646,2
human977|p4186,2
human1226|p611,2
human3487|p232,2
human3590|p1417,2
human49|p1017,2
human199|p795,2
human753|p197,2
human3145|p991,2
human3386|p816,2
human3705|p1304,2
human3420|p1736,2
human3714|p1490,2
human3715|p730,2
human3716|p1456,2
human3490|p1175,2
human919|p312,2
human1936|p1007,2
human1938|p806,2
human2077|p627,2
human2468|p1541,2
human3694|p17,2
human3696|p2143,2
human3677|p5102,2
human360|p380,2
human3261|p2151,2
human3267|p1592,2
human701|p512,2
human859|p737,2
human1053|p983,2
human1056|p981,2
human3199|p1411,2
human1790|p903,2
human2784|p1170,2
human964|p3045,2
human965|p3048,2
human3062|p699,2
human3077|p2437,2
human3178|p3588,2
human3390|p650,2
human3422|p661,2
human3717|p515,2
human3565|p254,2
human1025|p1270,2
human3048|p2555,2
human3073|p4815,2
human3076|p4475,2
human3112|p4330,2
human3113|p2400,2
human3166|p3101,2
human3167|p1832,2
human3344|p635,2
human3382|p835,2
human3384|p835,2
human3434|p2821,2
human482|p1534,2
human3151|p574,2
human3145|p333,2
human3150|p3488,2
human3395|p76,2
human3396|p76,2
human3430|p3355,2
human2672|p1044,2
human3591|p1774,2
human2497|p1955,2
human1354|p627,2
human2085|p1355,2
human588|p1597,2
human3195|p3325,2
human3728|p967,2
human3488|p867,2
human1779|p42,2
human1781|p338,2
human771|p927,2
human1632|p2017,2
human2824|p2114,2
human2901|p2098,2
human706|p397,2
human743|p396,2
human747|p1697,2
human944|p2373,2
human3035|p2310,2
human3695|p962,2
human3697|p402,2
human728|p685,2
human3727|p3714,2
human1048|p1933,2
human966|p370,2
human2656|p411,2
human2676|p83,2
human2679|p982,2
human2905|p1954,2
human3260|p1562,2
human3261|p1561,2
human3304|p620,2
human3309|p251,2
human1812|p310,2
human1815|p882,2
human1019|p1215,2
human1578|p2487,2
human1580|p2220,2
human3213|p1330,2
human3214|p1329,2
human3225|p1193,2
human2842|p543,2
human3135|p676,2
human233|p747,2
human387|p3974,2
human449|p3426,2
human458|p3817,2
human539|p1620,2
human3051|p646,2
human3052|p646,2
human3564|p1196,2
human3606|p533,2
human3310|p361,2
human3311|p361,2
human1234|p643,2
human1304|p312,2
human1309|p954,2
human2295|p531,2
human2300|p531,2
human2593|p259,2
human2918|p730,2
human2926|p653,2
human3046|p223,2
human283|p3105,2
human3398|p2478,2
human695|p422,2
human700|p1553,2
human764|p740,2
human769|p7,2
human859|p566,2
human1187|p258,2
human1188|p258,2
human2992|p1121,2
human3267|p1081,2
human3276|p1236,2
human3285|p1437,2
human3707|p1157,2
human2210|p350,2
human931|p627,2
human940|p628,2
human2732|p1105,2
human1040|p382,2
human3407|p843,2
human3588|p150,2
human808|p1066,2
human843|p922,2
human3152|p570,2
human3290|p2207,2
human1836|p592,2
human1851|p178,2
human2442|p128,2
human2476|p128,2
human944|p1187,2
human3035|p922,2
human3696|p50,2
human3697|p171,2
human2057|p1375,2
human2613|p2215,2
human2628|p2215,2
human2630|p1655,2
human2632|p1655,2
human2633|p1655,2
human2634|p1733,2
human2635|p1733,2
human2816|p907,2
human34|p792,2
human2420|p1750,2
human2421|p1745,2
human2422|p1985,2
human2424|p1985,2
human704|p2206,2
human3708|p1629,2
human1176|p1474,2
human1183|p1598,2
human1028|p1623,2
human1046|p509,2
human2950|p292,2
human2958|p292,2
human2977|p249,2
human2985|p249,2
human3345|p1328,2
human2302|p219,2
human1210|p734,2
human1048|p255,2
human3378|p1729,2
human3704|p1648,2
human2484|p760,2
human2485|p760,2
human2488|p728,2
human2488|p1929,2
human3344|p5048,2
human706|p2293,2
human919|p814,2
human220|p110,2
human931|p275,2
human940|p276,2
human951|p125,2
human3004|p199,2
human3111|p46,2
human3197|p400,2
human3202|p331,2
human3374|p1370,2
human2496|p673,2
human2548|p724,2
human2549|p724,2
human2561|p392,2
human3350|p934,2
human2205|p322,2
human3699|p913,2
human1088|p764,2
human1822|p2441,2
human1062|p1063,2
human1179|p931,2
human3129|p1848,2
human3130|p1848,2
human743|p806,2
human747|p2235,2
human2431|p611,2
human2565|p642,2
human3694|p1318,2
human3695|p566,2
human923|p2159,2
human924|p2159,2
human3013|p2994,2
human3015|p3879,2
human3462|p4164,2
human305|p991,2
human1306|p211,2
human868|p1620,2
human3808|p687,2
human945|p1735,2
human1022|p88,2
human1023|p88,2
human2942|p951,2
human2976|p771,2
human3180|p1604,2
human215|p1558,2
human265|p118,2
human2263|p3414,2
human3421|p1293,2
human3425|p1293,2
human2830|p128,2
human86|p742,2
human2227|p301,2
human2235|p301,2
human3577|p106,2
human3580|p262,2
human511|p1376,2
human2482|p145,2
human2730|p310,2
human2839|p293,2
human2007|p1886,2
human2586|p729,2
human2309|p1526,2
human2622|p1633,2
human3232|p397,2
human3329|p1535,2
human2827|p1498,2
human2833|p1449,2
human3208|p527,2
human3036|p4924,2
human15|p1846,2
human106|p2075,2
human451|p19,2
human961|p1262,2
human1096|p587,2
human1480|p947,2
human3266|p203,2
human3698|p1448,2
human218|p672,2
human952|p1667,2
human954|p1667,2
human3210|p132,2
human3600|p3084,2
human3601|p1950,2
human3602|p3586,2
human1650|p233,2
human1651|p233,2
human2741|p57,2
human3051|p1687,2
human3052|p1686,2
human2563|p3296,2
human2564|p3599,2
human343|p1003,2
human486|p829,2
human3608|p581,2
human3596|p1436,2
human3597|p1241,2
human24|p1333,2
human657|p3724,2
human671|p5569,2
human681|p2548,2
human687|p5702,2
human689|p4957,2
human955|p989,2
human960|p989,2
human3056|p1591,2
human3058|p1590,2
human2679|p2597,2
human452|p4631,2
human487|p2684,2
human3599|p865,2
human819|p54,2
human277|p56,2
human3126|p721,2
human3200|p1543,2
human3256|p761,2
human3388|p376,2
human3451|p1202,2
human217|p279,2
human1800|p2037,2
human1581|p2368,2
human3108|p1261,2
human3109|p1262,2
human1618|p311,2
human2208|p2,2
human932|p2635,2
human933|p2632,2
human938|p2632,2
human1633|p97,2
human3029|p4146,2
human3032|p1328,2
human3387|p5220,2
human3401|p4508,2
human1241|p506,2
human1250|p507,2
human2916|p979,2
human3471|p1863,2
human3474|p1862,2
human3479|p1247,2
human3675|p1009,2
human578|p997,2
human1923|p1567,2
human2346|p2289,2
human1906|p338,2
human2450|p1734,2
human3124|p1315,2
human2086|p313,2
human2103|p313,2
human1054|p171,2
human3392|p2843,2
human86|p75,2
human1330|p973,2
human2259|p2035,2
human3607|p398,2
human277|p13,2
human1967|p963,2
human2836|p1450,2
human1123|p1138,2
human1130|p1138,2
human1669|p1352,2
human2949|p519,2
human2955|p519,2
human2973|p948,2
human971|p2035,2
human1653|p2412,2
human1655|p2435,2
human3017|p400,2
human3063|p2540,2
human3423|p927,2
human578|p376,2
human2584|p460,2
human2585|p461,2
human2212|p207,2
human2220|p171,2
human865|p318,2
human869|p641,2
human836|p2205,2
human3448|p3553,2
human3450|p3558,2
human2330|p2588,2
human2333|p2577,2
human3458|p2548,2
human3478|p2007,2
human3676|p3474,2
human3561|p1517,2
human2353|p1041,2
human2586|p872,2
human3680|p3793,2
human995|p346,2
human3047|p1346,2
human3088|p137,2
human3122|p493,2
human3262|p1276,2
human3265|p1276,2
human3269|p1429,2
human3312|p413,2
human3353|p2546,2
human3355|p2535,2
human3394|p31,2
human1807|p219,2
human2105|p772,2
human1458|p2313,2
human1477|p2196,2
human1996|p2971,2
human3123|p2278,2
human3454|p1023,2
human3456|p153,2
human1908|p851,2
human2241|p910,2
human3559|p954,2
human250|p806,2
human789|p52,2
human2568|p344,2
human3323|p347,2
human3325|p1852,2
human3468|p530,2
human3642|p309,2
human3693|p1281,2
human1013|p1453,2
human1015|p1452,2
human1027|p3099,2
human1030|p3106,2
human1033|p3096,2
human1052|p114,2
human1055|p114,2
human3139|p368,2
human3144|p1379,2
human3146|p2005,2
human3293|p1253,2
human3346|p3020,2
human247|p1108,2
human693|p1478,2
human874|p1262,2
human2105|p1515,2
human834|p606,2
human837|p706,2
human3582|p1626,2
human999|p258,2
human1000|p258,2
human2072|p4294,2
human2479|p2605,2
human3098|p1792,2
human3099|p1730,2
human3125|p930,2
human3141|p314,2
human3170|p1512,2
human3282|p641,2
human3303|p794,2
human3305|p41,2
human3308|p41,2
human3358|p1075,2
human3431|p3607,2
human3472|p4486,2
human1714|p1399,2
human3318|p28,2
human3385|p500,2
human2346|p2708,2
human3471|p180,2
human3474|p180,2
human3479|p1591,2
human3675|p1729,2
human798|p4459,2
human807|p2778,2
human948|p303,2
human956|p3228,2
human958|p3228,2
human1962|p861,2
human3038|p377,2
human3045|p4002,2
human3055|p983,2
human3059|p979,2
human3372|p2738,2
human3427|p3459,2
human3558|p1382,2
human834|p562,2
human837|p662,2
human1740|p441,2
human3736|p398,2
human3598|p504,2
human2091|p1682,2
human2100|p1686,2
human2059|p1488,2
human2061|p1386,2
human3640|p1270,2
human3641|p1647,2
human917|p423,2
human920|p423,2
human3155|p2136,2
human3157|p1816,2
human3160|p2485,2
human3163|p2487,2
human3291|p3394,2
human3300|p2290,2
human3301|p2290,2
human3302|p2167,2
human3367|p2870,2
human3368|p2867,2
human3435|p1164,2
human3457|p904,2
human3476|p2228,2
human3646|p1358,2
human1822|p1207,2
human985|p62,2
human3735|p79,2
human1923|p586,2
human3642|p268,2
human83|p533,2
human701|p426,2
human1291|p318,2
human3737|p667,2
human1784|p1161,2
human1582|p285,2
human2473|p865,2
human2477|p865,2
human2480|p865,2
human2559|p1419,2
human2562|p1417,2
human3203|p2082,2
human3206|p2082,2
human3560|p892,2
human2690|p179,2
human2692|p179,2
human2695|p179,2
human2311|p366,2
human2316|p366,2
human30|p867,2
human92|p3290,2
human98|p620,2
human248|p748,2
human272|p2600,2
human488|p1685,2
human496|p3909,2
human561|p1600,2
human571|p2321,2
human579|p1196,2
human957|p3092,2
human959|p3093,2
human2803|p286,2
human2811|p286,2
human3054|p2699,2
human3057|p2973,2
human3102|p1187,2
human3104|p1187,2
human3136|p1971,2
human3252|p2447,2
human3347|p346,2
human3440|p1762,2
human3442|p1762,2
human3641|p271,2
human2491|p1333,2
human3184|p267,2
human3186|p267,2
human3515|p2433,2
human3640|p938,2
human1078|p318,2
human1079|p318,2
human1991|p3402,2
human997|p3231,2
human1979|p3179,2
human1981|p3033,2
human2507|p1037,2
human2514|p1035,2
human3101|p1543,2
human1382|p714,2
human1385|p715,2
human1152|p131,2
human1158|p131,2
human2610|p580,2
human2626|p580,2
human922|p1855,2
human930|p1207,2
human936|p1211,2
human3012|p2851,2
human3161|p1165,2
human3162|p1165,2
human3463|p852,2
human1987|p3661,2
human2462|p210,2
human2332|p4226,2
human915|p1471,2
human916|p1472,2
human1290|p515,2
human1579|p3094,2
human2224|p1749,2
human2225|p1667,2
human2226|p1557,2
human2288|p2371,2
human3007|p3773,2
human3402|p4424,2
human3403|p4426,2
human3604|p4511,2
human2040|p494,2
human2457|p1201,2
human2465|p1201,2
human1041|p3829,2
human3409|p3796,2
human2907|p1030,2
human591|p4490,2
human760|p292,2
human1024|p1637,2
human3322|p3205,2
human3603|p1286,2
human3676|p2409,2
human2839|p65,2
human1036|p4099,2
human1044|p4133,2
human983|p833,2
human990|p833,2
human3078|p14,2
human3079|p14,2
human3280|p3255,2
human3283|p2322,2
human3298|p1131,2
human3313|p483,2
human3314|p484,2
human3389|p594,2
human792|p640,2
human898|p1265,2
human901|p44,2
human733|p1463,2
human1784|p995,2
human29|p546,2
human1701|p2265,2
human1701|p7217,2
human1704|p2264,2
human840|p133,2
human2483|p64,2
human713|p2236,2
human714|p1585,2
human715|p335,2
human716|p3698,2
human718|p3238,2
human744|p5278,2
human2493|p3058,2
human3678|p3493,2
human1793|p1897,2
human1805|p1897,2
human1818|p399,2
human3516|p3666,2
human854|p4933,2
human1051|p3888,2
human2048|p184,2
human3677|p5467,2
human3365|p765,2
human2092|p931,2
human2304|p1722,2
human3493|p199,2
human3494|p1400,2
human1200|p1184,2
human234|p402,2
human1137|p1424,2
human1141|p1462,2
human1150|p1481,2
human1620|p1425,2
human2589|p1654,2
human855|p950,2
human2835|p530,2
human858|p4858,2
human3134|p1967,2
human3397|p2115,2
human3684|p2924,2
human3692|p916,2
human2087|p2424,2
human3571|p1767,2
human2622|p643,2
human3294|p3449,2
human3295|p3520,2
human752|p425,2
human863|p41,2
human871|p57,2
human875|p642,2
human1797|p1969,2
human1813|p1996,2
human2592|p1839,2
human2622|p1702,2
human3605|p1469,2
human3606|p644,2
human3504|p460,2
human3517|p4644,2
human359|p599,2
human596|p1417,2
human1220|p1235,2
human1224|p1445,2
human2148|p223,2
human3441|p301,2
human3473|p244,2
human3643|p1249,2
human3592|p837,2
human1709|p1765,2
human2557|p2856,2
human2638|p1372,2
human2646|p2633,2
human3143|p2264,2
human3326|p2725,2
human3327|p2729,2
human3363|p1654,2
human3364|p1653,2
human3329|p1294,2
human256|p1107,2
human1702|p85,2
human1702|p2075,2
human1726|p1911,2
human1186|p307,2
human1792|p4084,2
human2029|p1374,2
human2717|p3590,2
human3376|p914,2
human3377|p914,2
human3688|p1316,2
human3689|p564,2
human3691|p2462,2
human2097|p1467,2
human950|p2059,2
human1002|p4081,2
human1003|p4080,2
human1005|p1821,2
human3685|p2886,2
human3607|p906,2
human847|p890,2
human850|p1049,2
human3444|p51,2
human2785|p1626,2
human2789|p1438,2
human782|p2190,2
human2577|p3566,2
human2578|p3564,2
human2580|p3561,2
human3232|p1755,2
human1217|p3454,2
human2010|p208,2
human2016|p208,2
human3466|p148,2
human1|p300,2
human2338|p62,2
human3199|p1279,2
human3705|p137,2
human144|p3082,2
human918|p1360,2
human3008|p131,2
human3009|p131,2
human3683|p2426,2
human3690|p2597,2
human3693|p2372,2
human3509|p1588,2
human1933|p152,2
human32|p70,2
human230|p989,2
human479|p160,2
human1890|p739,2
human1894|p739,2
human1897|p744,2
human1952|p829,2
human1956|p707,2
human3679|p313,2
human3|p2109,2
human84|p395,2
human130|p4152,2
human246|p4583,2
human536|p807,2
human613|p969,2
human3169|p2683,2
human3361|p2046,2
human3410|p1310,2
human746|p3562,2
human947|p4127,2
human949|p4127,2
human3686|p2231,2
human3687|p638,2
human2005|p1045,2
human2014|p1043,2
human2022|p2124,2
human263|p917,2
human542|p264,2
human576|p607,2
human676|p1224,2
human694|p1142,2
human1723|p357,2
human1737|p357,2
human2309|p116,2
human2776|p396,2
human2780|p45,2
human3787|p186,2
human3501|p1605,2
human3503|p213,2
human3506|p670,2
human3512|p796,2
human3593|p917,2
human1053|p6,2
human1056|p6,2
human2019|p2203,2
human2654|p869,2
human2659|p1389,2
human2835|p364,2
human28|p1250,2
human495|p1179,2
human2309|p1441,2
human3482|p441,2
human1050|p4645,2
human3510|p319,2
human797|p1243,2
human1998|p1267,2
human3785|p197,2
human754|p4609,2
human758|p5142,2
human3128|p290,2
human3229|p3878,2
human3230|p3715,2
human3257|p1329,2
human3258|p1331,2
human3338|p2315,2
human3348|p3089,2
human3349|p3127,2
human3369|p2017,2
human3370|p2027,2
human1321|p1686,2
human1332|p1685,2
human1339|p1687,2
human1236|p746,2
human1247|p747,2
human2915|p531,2
human3500|p1466,2
human3508|p1005,2
human1182|p1440,2
human1184|p1372,2
human3505|p1552,2
human2313|p306,2
human343|p603,2
human486|p932,2
human1618|p435,2
human1650|p624,2
human1651|p624,2
human2208|p272,2
human2482|p606,2
human2741|p339,2
human3608|p35,2
human1219|p663,2
human1221|p664,2
human1223|p663,2
human1151|p1286,2
human3507|p854,2
human1946|p701,2
human2441|p723,2
human2730|p27,2
human275|p4416,2
human307|p2309,2
human355|p971,2
human427|p2026,2
human430|p21,2
human447|p55,2
human3784|p4015,2
human3499|p552,2
human1186|p877,2
human1992|p963,2
human2002|p728,2
human2012|p728,2
human2015|p728,2
human1343|p1506,2
human1659|p1908,2
human3502|p840,2
human3594|p1377,2
human3376|p2525,2
human3377|p2528,2
human1086|p681,2
human1089|p687,2
human1090|p681,2
human1092|p719,2
human2598|p1183,2
human2617|p1117,2
human2620|p1119,2
human3688|p1110,2
human3689|p3911,2
human3692|p3941,2
human2089|p1733,2
human2028|p418,2
human784|p123,2
human3684|p4313,2
human3690|p3923,2
human2450|p456,2
human746|p4708,2
human918|p3560,2
human3008|p3679,2
human3009|p3438,2
human3397|p3145,2
human3685|p4205,2
human3693|p3793,2
human947|p2490,2
human949|p2490,2
human950|p4414,2
human3683|p4189,2
human3687|p644,2
human289|p3084,2
human2074|p1015,2
human2075|p1017,2
human2079|p1016,2
human2775|p1830,2
human144|p4579,2
human1243|p13,2
human3511|p1108,2
human3733|p1610,2
human1706|p4721,2
human3691|p3998,2
human2142|p1995,2
human2150|p2279,2
human2154|p2879,2
human2159|p2263,2
human2164|p2259,2
human2709|p3061,2
human2716|p3030,2
human1002|p3576,2
human1003|p3575,2
human1005|p3400,2
human3686|p4638,2
human249|p2094,2
human1807|p519,2
human3735|p1010,2
human3093|p2881,2
human254|p2603,2
human1021|p500,2
human3216|p140,2
human3217|p622,2
human3223|p31,2
human3226|p509,2
human2089|p1734,2
human3676|p4382,2
human1740|p780,2
human3438|p3927,2
human3439|p3636,2
human1382|p936,2
human1385|p938,2
human1226|p1587,2
human3740|p1548,2
human3739|p1295,2
human3274|p3448,2
human3279|p4156,2
human3281|p3774,2
human3630|p218,2
human3485|p322,2
human3487|p663,2
human3488|p1684,2
human3489|p492,2
human3490|p507,2
human3492|p566,2
human2463|p92,2
human3629|p719,2
human2447|p988,2
human2469|p1001,2
human976|p3943,2
human980|p3937,2
human3066|p3593,2
human3068|p3802,2
human3071|p4268,2
human1078|p714,2
human1079|p615,2
human2690|p420,2
human2692|p420,2
human2695|p420,2
human3736|p1326,2
human3737|p1203,2
human910|p1298,2
human911|p490,2
human2050|p1965,2
human3628|p581,2
human2584|p161,2
human2585|p161,2
human2041|p599,2
human254|p2595,2
human3491|p489,2
human3627|p435,2
human3467|p265,2
human3486|p740,2
human1303|p822,2
human1901|p727,2
human1903|p799,2
human2718|p2035,2
human1148|p947,2
human1148|p1948,2
human1266|p744,2
human2584|p596,2
human2585|p597,2
human912|p445,2
human3809|p872,2
human3579|p698,2
human3586|p1581,2
human3742|p1624,2
human1078|p1575,2
human1079|p1421,2
human1757|p1048,2
human1807|p1312,2
human3676|p1335,2
human1124|p407,2
human1129|p407,2
human1989|p281,2
human1990|p283,2
human3736|p1419,2
human3737|p887,2
human3587|p1238,2
human1313|p735,2
human2690|p1399,2
human2692|p1402,2
human2695|p1399,2
human3583|p1133,2
human1922|p1270,2
human2405|p723,2
human838|p202,2
human2435|p824,2
human2436|p825,2
human2024|p414,2
human1125|p789,2
human3581|p386,2
human1643|p416,2
human3484|p1185,2
human3575|p955,2
human3578|p1019,2
human2786|p56,2
human710|p1173,2
human2176|p67,2
human2187|p67,2
human49|p57,2
human3366|p174,2
human3584|p307,2
human2296|p511,2
human2299|p511,2
human3204|p832,2
human3379|p620,2
human2083|p91,2
human1313|p252,2
human708|p314,2
human1816|p943,2
human2250|p13,2
human2253|p13,2
human2257|p13,2
human3072|p2050,2
human3483|p1244,2
human3582|p187,2
human1323|p509,2
human1331|p509,2
human1338|p509,2
human2106|p106,2
human2108|p106,2
human3743|p1710,2
human3574|p679,2
human838|p562,2
human1468|p1745,2
human1472|p1741,2
human1501|p2524,2
human2400|p173,2
human1174|p796,2
human1193|p817,2
human2825|p991,2
human2838|p990,2
human2953|p1094,2
human2982|p1090,2
human2435|p670,2
human2436|p670,2
human1940|p784,2
human1326|p25,2
human3810|p1275,2
human1199|p1145,2
human2033|p734,2
human2043|p734,2
human2285|p960,2
human2827|p412,2
human2833|p412,2
human2302|p1237,2
human1955|p366,2
human1131|p526,2
human1986|p15,2
human2785|p79,2
human2789|p78,2
human710|p1081,2
human1124|p357,2
human1129|p357,2
human1989|p330,2
human1990|p332,2
human2176|p839,2
human2187|p868,2
human2222|p58,2
human1949|p1256,2
human3577|p1226,2
human1922|p1319,2
human2296|p462,2
human2299|p462,2
human1324|p795,2
human1340|p795,2
human1243|p612,2
human2836|p759,2
human1901|p2035,2
human1967|p751,2
human1323|p561,2
human1331|p561,2
human1338|p561,2
human3169|p4726,2
human1324|p369,2
human1340|p369,2
human2942|p470,2
human2976|p630,2
human2405|p618,2
human1306|p753,2
human1260|p225,2
human1643|p178,2
human2083|p228,2
human2237|p581,2
human2419|p48,2
human2911|p49,2
human2912|p49,2
human3741|p1625,2
human305|p24,2
human2508|p817,2
human2518|p813,2
human2842|p1262,2
human2950|p759,2
human2958|p758,2
human2977|p899,2
human2985|p898,2
human3484|p525,2
human2827|p230,2
human2833|p230,2
human233|p1139,2
human831|p1738,2
human2106|p54,2
human2108|p54,2
human2565|p955,2
human49|p371,2
human2723|p672,2
human2725|p671,2
human2729|p989,2
human589|p464,2
human2931|p1004,2
human2939|p1536,2
human2970|p1341,2
human2981|p1342,2
human2147|p487,2
human2778|p1194,2
human2779|p381,2
human2706|p49,2
human622|p761,2
human379|p1453,2
human1260|p675,2
human2147|p559,2
human2419|p562,2
human2778|p435,2
human2779|p916,2
human2911|p928,2
human2912|p926,2
human3741|p683,2
human3739|p468,2
human3740|p143,2
human1186|p158,2
human3801|p76,2
human2951|p882,2
human2980|p1060,2
human2831|p790,2
human2841|p789,2
human1265|p2243,2
human1268|p838,2
human2835|p805,2
human501|p459,2
human2400|p109,2
human3036|p3525,2
human2024|p1882,2
human2953|p622,2
human2982|p369,2
human2461|p1359,2
human1124|p408,2
human1129|p408,2
human1922|p1269,2
human1989|p280,2
human1990|p282,2
human2405|p724,2
human1215|p1902,2
human3576|p329,2
human1313|p736,2
human2435|p823,2
human2436|p824,2
human1125|p2,2
human2349|p51,2
human838|p203,2
human3513|p1906,2
human3738|p335,2
human220|p242,2
human3582|p805,2
human2176|p68,2
human2187|p68,2
human589|p1073,2
human3379|p272,2
human710|p1174,2
human1323|p508,2
human1331|p508,2
human1338|p508,2
human2106|p1400,2
human2108|p1348,2
human233|p970,2
human3581|p206,2
human1955|p1084,2
human2836|p1352,2
human3164|p1781,2
human2296|p512,2
human2299|p512,2
human3204|p1502,2
human3266|p1675,2
human3576|p248,2
human3577|p1628,2
human3579|p573,2
human3580|p149,2
human3583|p1364,2
human3584|p13,2
human3574|p1519,2
human3585|p219,2
human3586|p1849,2
human2452|p363,2
human3168|p1697,2
human3171|p1698,2
human3575|p1018,2
human3578|p148,2
human3742|p788,2
human3743|p1699,2
human3491|p962,2
human841|p1414,2
human1226|p531,2
human3467|p125,2
human3485|p1449,2
human3486|p1069,2
human3488|p905,2
human3489|p88,2
human3490|p813,2
human3492|p1345,2
human1266|p240,2
human2831|p726,2
human2841|p725,2
human3483|p111,2
human2723|p986,2
human2725|p985,2
human2729|p111,2
human3095|p4473,2
human3487|p1491,2
human3566|p442,2
human1006|p4385,2
human1008|p4390,2
human3119|p2632,2
human3391|p4490,2
human3732|p741,2
human3567|p1386,2
human3569|p1303,2
human2951|p245,2
human2980|p283,2
human586|p1632,2
human592|p1705,2
human2049|p1040,2
human2053|p1132,2
human2731|p745,2
human3568|p1126,2
human491|p1343,2
human1078|p804,2
human1079|p704,2
human1740|p409,2
human3735|p1055,2
human2584|p292,2
human2585|p292,2
human2447|p1260,2
human2469|p1315,2
human3000|p2568,2
human3248|p4138,2
human3418|p4485,2
human3737|p1222,2
human3165|p4271,2
human3201|p4030,2
human3212|p4401,2
human3215|p4156,2
human3014|p4308,2
human3025|p4353,2
human3030|p3893,2
human3044|p3949,2
human3069|p4269,2
human409|p591,2
human586|p754,2
human3568|p1450,2
human3569|p1513,2
human3566|p1270,2
human3567|p1420,2
human2049|p878,2
human2053|p970,2
human592|p693,2
human2731|p1619,2
human491|p1526,2
human3706|p1277,2
human2213|p507,2
human2795|p538,2
human3137|p1507,2
human1155|p228,2
human1161|p228,2
human2443|p119,2
human1322|p156,2
human1783|p1375,2
human2722|p975,2
human2814|p751,2
human2822|p1352,2
human781|p3248,2
human882|p122,2
human986|p2144,2
human988|p2142,2
human2987|p2218,2
human3041|p2313,2
human3080|p1018,2
human3183|p1282,2
human116|p1813,2
human1942|p1257,2
human1707|p383,2
human1754|p239,2
human1763|p239,2
human2615|p1438,2
human2623|p1204,2
human1371|p1600,2
human1377|p141,2
human1381|p230,2
human2229|p867,2
human2233|p868,2
human972|p2033,2
human974|p2033,2
human3037|p1853,2
human3039|p1856,2
human3156|p1177,2
human3172|p1210,2
human3296|p115,2
human3299|p115,2
human3413|p263,2
human3459|p623,2
human2062|p2550,2
human2065|p2439,2
human341|p322,2
human1457|p335,2
human3072|p3008,2
human3437|p2297,2
human3083|p3350,2
human3222|p402,2
human27|p409,2
human522|p152,2
human926|p2740,2
human1661|p2353,2
human3020|p2659,2
human3021|p2520,2
human3480|p1798,2
human3635|p1323,2
human281|p2792,2
human2486|p1027,2
human59|p1546,2
human286|p3712,2
human523|p455,2
human953|p1548,2
human962|p2836,2
human1020|p193,2
human3132|p2830,2
human3241|p1501,2
human3342|p2404,2
human1921|p1355,2
human1930|p887,2
human1931|p791,2
human1935|p460,2
human886|p1992,2
human781|p2007,2
human3542|p1038,2
human3540|p1463,2
human3196|p1699,2
human3539|p25,2
human3541|p1832,2
human3543|p380,2
human2066|p2150,2
human2069|p2029,2
human3531|p2062,2
human3532|p1185,2
human3762|p1053,2
human3760|p832,2
human3761|p238,2
human1057|p3491,2
human1058|p3315,2
human3127|p2382,2
human3247|p1568,2
human3534|p708,2
human3535|p1531,2
human489|p2144,2
human584|p357,2
human3533|p1282,2
human780|p313,2
human3530|p367,2
human3536|p1429,2
human3091|p3059,2
human3114|p3175,2
human1049|p1864,2
human3445|p936,2
human3446|p936,2
human992|p2360,2
human993|p2361,2
human994|p2360,2
human3428|p2660,2
human3771|p1672,2
human3772|p99,2
human2679|p2690,2
human3373|p4752,2
human325|p393,2
human873|p1101,2
human793|p593,2
human2152|p406,2
human1320|p612,2
human879|p1129,2
human1960|p554,2
human3179|p2019,2
human3181|p2047,2
human1042|p2193,2
human82|p2451,2
human3676|p2,2
human3498|p2230,2
human3495|p838,2
human0|p852,3
human623|p1004,3
human3524|p610,3
human3527|p783,3
human264|p1176,3
human3526|p1007,3
human2|p189,3
human699|p697,3
human3523|p1939,3
human3744|p1395,3
human3544|p1501,3
human811|p2040,3
human921|p107,3
human1145|p122,3
human1165|p730,3
human2439|p1405,3
human3121|p1822,3
human3198|p974,3
human3525|p2221,3
human2197|p730,3
human268|p4,3
human1009|p609,3
human722|p1676,3
human1063|p2036,3
human880|p1378,3
human803|p1985,3
human702|p704,3
human454|p1521,3
human619|p1941,3
human927|p1478,3
human928|p1479,3
human3019|p1048,3
human3519|p1246,3
human3522|p9,3
human3545|p1774,3
human3547|p136,3
human3548|p1450,3
human3756|p1297,3
human3757|p969,3
human524|p882,3
human3521|p2220,3
human3750|p519,3
human3754|p330,3
human3758|p2101,3
human3759|p534,3
human3520|p1079,3
human3746|p254,3
human3748|p593,3
human3749|p925,3
human545|p585,3
human3518|p831,3
human494|p954,3
human3751|p1185,3
human3752|p1534,3
human3755|p1142,3
human3550|p1167,3
human3753|p1570,3
human320|p180,3
human585|p838,3
human3546|p239,3
human3549|p1128,3
human3745|p1382,3
human3747|p676,3
human3551|p314,3
human402|p327,3
human705|p2336,3
human745|p1000,3
human867|p1396,3
human774|p1607,3
human845|p1629,3
human521|p1741,3
human1927|p787,3
human809|p1307,3
human2189|p1089,3
human1662|p1113,3
human844|p1219,3
human1809|p2266,3
human772|p807,3
human779|p1926,3
human913|p711,3
human763|p697,3
human914|p737,3
human712|p1274,3
human2417|p12,3
human587|p1106,3
human1752|p1239,3
human896|p570,3
human1642|p1000,3
human1928|p381,3
human2519|p564,3
human1705|p540,3
human1710|p595,3
human2146|p307,3
human1047|p650,3
human1351|p1386,3
human1353|p1385,3
human465|p1988,3
human35|p156,3
human1375|p827,3
human51|p1517,3
human2883|p1051,3
human2438|p737,3
human1344|p1055,3
human3433|p834,3
human2078|p1570,3
human1767|p994,3
human1772|p994,3
human1777|p784,3
human3416|p1733,3
human2569|p1186,3
human832|p1912,3
human839|p148,3
human773|p1481,3
human1222|p1136,3
human711|p1484,3
human720|p1378,3
human3761|p1296,3
human42|p1325,3
human3535|p191,3
human2670|p1256,3
human31|p873,3
human2658|p2299,3
human2663|p2262,3
human3772|p2238,3
human853|p799,3
human862|p1282,3
human1708|p250,3
human1712|p1709,3
human1713|p1643,3
human3763|p1818,3
human3764|p1595,3
human3765|p1178,3
human3766|p2007,3
human3773|p1922,3
human3315|p1616,3
human3317|p1615,3
human2051|p390,3
human2054|p389,3
human3538|p297,3
human3540|p1075,3
human2236|p1431,3
human2522|p1540,3
human2534|p1678,3
human3541|p723,3
human3542|p234,3
human3543|p929,3
human2198|p1177,3
human2416|p1776,3
human2428|p1787,3
human259|p2125,3
human584|p1861,3
human3539|p2001,3
human2903|p1095,3
human3191|p2002,3
human3194|p2069,3
human3340|p608,3
human33|p1408,3
human804|p2096,3
human2143|p1817,3
human813|p1914,3
human829|p863,3
human3196|p196,3
human3328|p1309,3
human1341|p962,3
human806|p919,3
human729|p628,3
human721|p370,3
human3469|p1895,3
human3470|p1897,3
human897|p1837,3
human2246|p2519,3
human1060|p1162,3
human1061|p379,3
human3024|p1875,3
human3452|p592,3
human731|p1465,3
human3278|p1763,3
human1370|p2113,3
human2292|p1683,3
human3460|p1221,3
human3461|p1230,3
human1328|p1750,3
human1335|p1750,3
human12|p1733,3
human1995|p1643,3
human2023|p555,3
human2042|p1570,3
human2418|p1018,3
human2750|p802,3
human404|p1742,3
human907|p881,3
human1262|p956,3
human2554|p1344,3
human2423|p1839,3
human864|p674,3
human866|p1969,3
human2990|p2061,3
human3289|p2188,3
human3375|p2170,3
human3381|p2027,3
human3455|p2099,3
human2988|p2041,3
human3147|p1918,3
human2324|p1045,3
human2326|p977,3
human290|p2203,3
human1376|p2214,3
human1819|p964,3
human2073|p1709,3
human2076|p1717,3
human2636|p1920,3
human2756|p263,3
human3306|p2067,3
human3307|p2068,3
human3286|p1955,3
human3288|p1960,3
human1111|p2657,3
human1119|p2442,3
human2560|p2561,3
human1111|p1515,3
human1119|p1441,3
human2560|p2266,3
human1948|p1849,3
human2230|p1076,3
human2232|p1076,3
human3259|p1164,3
human3263|p2034,3
human3264|p2036,3
human1173|p1451,3
human1337|p1677,3
human1652|p1699,3
human1660|p1490,3
human2207|p2427,3
human3333|p1279,3
human3334|p2127,3
human2433|p1321,3
human2434|p845,3
human2704|p1807,3
human1384|p2475,3
human473|p2013,3
human805|p2107,3
human3236|p1707,3
human3237|p1352,3
human3239|p1351,3
human3354|p1364,3
human3356|p1364,3
human2406|p2138,3
human942|p1980,3
human942|p4282,3
human943|p1981,3
human979|p1989,3
human3034|p1578,3
human3173|p2005,3
human3176|p2228,3
human3177|p2233,3
human614|p2108,3
human3018|p1763,3
human3042|p1878,3
human3221|p594,3
human801|p875,3
human1031|p502,3
human2287|p1403,3
human987|p2033,3
human1373|p145,3
human3081|p1326,3
human2397|p1887,3
human2631|p2273,3
human3475|p2124,3
human90|p2531,3
human1126|p1761,3
human2180|p475,3
human2262|p965,3
human2940|p1373,3
human2952|p1379,3
human2959|p1372,3
human2978|p2205,3
human3443|p1295,3
human3006|p1701,3
human3233|p2080,3
human2158|p2223,3
human2163|p2223,3
human2675|p2677,3
human1630|p5403,3
human1635|p4661,3
human44|p1415,3
human2661|p6274,3
human1433|p2474,3
human1683|p1295,3
human1692|p1251,3
human726|p3254,3
human727|p1533,3
human2413|p2617,3
human802|p881,3
human2527|p2033,3
human2543|p1958,3
human1399|p1224,3
human1424|p2497,3
human251|p1269,3
human120|p3299,3
human203|p537,3
human2408|p2124,3
human904|p1078,3
human562|p665,3
human2430|p3744,3
human330|p1189,3
human360|p450,3
human618|p2474,3
human963|p78,3
human967|p78,3
human166|p1055,3
human631|p4965,3
human1363|p511,3
human1365|p2310,3
human1368|p2277,3
human68|p115,3
human1441|p34,3
human2081|p80,3
human2082|p80,3
human2139|p761,3
human2989|p1053,3
human2993|p1536,3
human2377|p408,3
human280|p87,3
human461|p397,3
human984|p537,3
human989|p537,3
human3243|p355,3
human208|p4321,3
human1171|p2150,3
human2099|p420,3
human2114|p190,3
human2771|p3243,3
human647|p1189,3
human648|p510,3
human649|p757,3
human650|p740,3
human651|p2125,3
human653|p739,3
human654|p4723,3
human655|p1920,3
human354|p2395,3
human60|p2082,3
human419|p12,3
human1067|p2072,3
human1727|p252,3
human2545|p1172,3
human1645|p377,3
human1649|p377,3
human2700|p515,3
human2701|p517,3
human2703|p175,3
human2922|p454,3
human1730|p2291,3
human1093|p423,3
human22|p3666,3
human2155|p1537,3
human121|p780,3
human518|p2475,3
human1553|p1188,3
human1840|p747,3
human1845|p747,3
human1852|p434,3
human1863|p434,3
human1867|p434,3
human1873|p193,3
human1877|p193,3
human1879|p193,3
human2677|p638,3
human227|p782,3
human2556|p1043,3
human1913|p993,3
human2665|p324,3
human3781|p1364,3
human2764|p89,3
human2772|p89,3
human2653|p510,3
human1900|p1807,3
human1941|p1628,3
human510|p3421,3
human2006|p3661,3
human1621|p860,3
human2898|p562,3
human3782|p1186,3
human2696|p1667,3
human751|p1355,3
human9|p479,3
human1116|p1695,3
human1127|p448,3
human1132|p448,3
human707|p416,3
human2080|p2561,3
human181|p3793,3
human1607|p1983,3
human13|p3039,3
human881|p160,3
human2571|p219,3
human2909|p350,3
human3227|p602,3
human1038|p1288,3
human3408|p1726,3
human1342|p1385,3
human1350|p346,3
human1352|p402,3
human3335|p394,3
human1112|p94,3
human1118|p94,3
human625|p2193,3
human1427|p1668,3
human1443|p3736,3
human1453|p3422,3
human1469|p1989,3
human1475|p1724,3
human1490|p4894,3
human1502|p4795,3
human541|p4183,3
human630|p4975,3
human171|p5595,3
human502|p1843,3
human437|p3331,3
human64|p541,3
human240|p1448,3
human642|p611,3
human796|p1466,3
human3158|p79,3
human375|p1850,3
human3117|p316,3
human3234|p68,3
human3235|p68,3
human3297|p139,3
human3613|p1050,3
human151|p1766,3
human2391|p3185,3
human176|p1141,3
human883|p1532,3
human1010|p413,3
human1012|p413,3
human1924|p1691,3
human1926|p1586,3
human1993|p1282,3
human937|p3538,3
human970|p4216,3
human973|p4223,3
human3026|p4151,3
human3027|p4138,3
human3028|p4139,3
human3064|p4174,3
human177|p6736,3
human2203|p1043,3
human2064|p3798,3
human519|p717,3
human2944|p1848,3
human2954|p1535,3
human3357|p16,3
human925|p650,3
human2995|p30,3
human2998|p30,3
human167|p3862,3
human74|p1136,3
human3614|p1532,3
human2933|p1757,3
human241|p1366,3
human551|p1821,3
human18|p2684,3
human2715|p73,3
human1823|p2345,3
human1824|p2225,3
human1825|p2327,3
human1828|p2258,3
human1832|p2259,3
human1834|p2187,3
human981|p162,3
human1434|p117,3
human2660|p1511,3
human2712|p2417,3
human17|p4104,3
human364|p2818,3
human2247|p879,3
human2255|p747,3
human3120|p170,3
human3611|p514,3
human1106|p3646,3
human457|p1855,3
human637|p1434,3
human3324|p1925,3
human2547|p281,3
human2552|p831,3
human2555|p1475,3
human2558|p402,3
human142|p317,3
human236|p1584,3
human1271|p1257,3
human1274|p1253,3
human2266|p94,3
human2267|p318,3
human2273|p315,3
human3612|p553,3
human2760|p617,3
human3339|p837,3
human3341|p838,3
human182|p953,3
human424|p711,3
human2797|p1871,3
human2808|p1732,3
human1517|p1788,3
human1554|p2395,3
human1572|p2390,3
human1297|p1469,3
human794|p889,3
human1887|p2296,3
human1891|p2301,3
human1910|p3978,3
human1914|p3979,3
human1919|p3979,3
human3105|p235,3
human3106|p234,3
human3107|p234,3
human1684|p2869,3
human1693|p2671,3
human934|p3010,3
human3249|p2807,3
human3253|p2811,3
human2275|p2168,3
human2276|p2166,3
human1473|p1254,3
human2681|p5151,3
human2691|p4792,3
human2698|p5139,3
human394|p139,3
human2705|p717,3
human2714|p717,3
human615|p966,3
human554|p2399,3
human243|p4795,3
human529|p5321,3
human2845|p4698,3
human2872|p4607,3
human538|p2837,3
human2637|p1886,3
human1511|p1818,3
human1885|p3604,3
human1892|p3569,3
human1911|p3885,3
human1109|p2976,3
human1896|p5243,3
human1905|p4856,3
human2529|p2410,3
human378|p3058,3
human1725|p151,3
human1953|p501,3
human765|p2326,3
human768|p48,3
human885|p2787,3
human1064|p2373,3
human1065|p2199,3
human422|p1587,3
human2768|p3023,3
human1988|p3146,3
human2819|p2188,3
human2751|p1704,3
human851|p51,3
human174|p2774,3
human180|p553,3
human1514|p1722,3
human1565|p2614,3
human369|p895,3
human2332|p1715,3
human3001|p2737,3
human3005|p2481,3
human976|p3089,3
human980|p3084,3
human3066|p2382,3
human3068|p2241,3
human3071|p3195,3
human1508|p2225,3
human1534|p2137,3
human1552|p1261,3
human1567|p1261,3
human161|p258,3
human1036|p710,3
human1044|p713,3
human362|p3643,3
human2557|p1607,3
human2638|p2404,3
human2646|p1313,3
human2849|p1440,3
human2884|p1440,3
human1470|p2231,3
human1484|p1726,3
human553|p2267,3
human3517|p3654,3
human436|p1514,3
human1858|p936,3
human1864|p937,3
human1841|p3871,3
human1859|p5043,3
human1861|p4908,3
human1866|p4794,3
human1874|p5148,3
human1878|p4828,3
human1881|p4826,3
human3404|p3468,3
human934|p2666,3
human3249|p1264,3
human3253|p1269,3
human2360|p676,3
human2383|p590,3
human2398|p590,3
human513|p516,3
human3274|p731,3
human3279|p1240,3
human3281|p3298,3
human69|p767,3
human207|p1004,3
human2007|p1333,3
human185|p63,3
human67|p1019,3
human3438|p1537,3
human3439|p1534,3
human24|p1198,3
human153|p248,3
human955|p622,3
human960|p622,3
human3056|p1224,3
human3058|p1223,3
human368|p3726,3
human1833|p3041,3
human380|p2220,3
human73|p560,3
human799|p431,3
human1518|p1715,3
human328|p2144,3
human367|p1194,3
human474|p4206,3
human1275|p3770,3
human1279|p3769,3
human978|p3425,3
human2293|p2317,3
human1448|p1407,3
human1452|p1412,3
human1478|p1134,3
human1492|p558,3
human1884|p45,3
human1912|p883,3
human1916|p886,3
human975|p3417,3
human1039|p1866,3
human1043|p1868,3
human3406|p2127,3
human43|p1729,3
human1549|p701,3
human2250|p1692,3
human2253|p1755,3
human2257|p1820,3
human140|p3132,3
human211|p4451,3
human434|p2156,3
human2128|p1799,3
human400|p987,3
human1848|p2870,3
human3618|p116,3
human238|p113,3
human568|p391,3
human2737|p1807,3
human2744|p346,3
human2773|p1656,3
human3803|p9,3
human2132|p1188,3
human2135|p1059,3
human3383|p798,3
human1446|p105,3
human1461|p3366,3
human1479|p2905,3
human1488|p1449,3
human1499|p1248,3
human2487|p621,3
human123|p4740,3
human313|p1931,3
human303|p968,3
human2885|p501,3
human778|p2400,3
human103|p4811,3
human1606|p5957,3
human193|p2561,3
human657|p4812,3
human671|p4323,3
human681|p3202,3
human689|p2591,3
human2847|p4559,3
human635|p252,3
human1855|p764,3
human1862|p765,3
human1869|p764,3
human1876|p1061,3
human1882|p1061,3
human2861|p1263,3
human2293|p2554,3
human1716|p1683,3
human1720|p1681,3
human605|p2704,3
human2502|p1225,3
human1395|p2271,3
human1404|p2271,3
human1422|p2066,3
human1431|p2414,3
human3617|p8,3
human597|p4345,3
human508|p1751,3
human548|p394,3
human685|p1662,3
human1622|p1933,3
human2539|p705,3
human2541|p705,3
human2544|p705,3
human363|p1866,3
human573|p682,3
human1366|p410,3
human3209|p2051,3
human569|p1728,3
human1454|p1116,3
human1467|p2947,3
human1491|p616,3
human1500|p615,3
human1177|p1357,3
human1190|p923,3
human3615|p1551,3
human3616|p256,3
human1582|p1368,3
human2559|p1708,3
human2562|p1706,3
human2803|p1480,3
human2811|p1425,3
human28|p1013,3
human495|p1550,3
human2063|p2776,3
human697|p2190,3
human886|p1595,3
human941|p443,3
human3205|p1750,3
human3426|p988,3
human566|p2854,3
human581|p2439,3
human2591|p1045,3
human2594|p964,3
human439|p4787,3
human540|p986,3
human784|p41,3
human3412|p4459,3
human283|p2803,3
human387|p1264,3
human449|p1658,3
human458|p2892,3
human923|p1153,3
human924|p1153,3
human2270|p640,3
human3013|p1898,3
human3015|p1559,3
human3398|p2749,3
human253|p2911,3
human391|p3284,3
human858|p2225,3
human1673|p1344,3
human1678|p1344,3
human2339|p897,3
human2348|p898,3
human3681|p971,3
human269|p1552,3
human558|p2892,3
human1982|p386,3
human2345|p704,3
human2352|p701,3
human2367|p555,3
human2369|p554,3
human2380|p554,3
human2390|p1415,3
human202|p2275,3
human1232|p1163,3
human1256|p2455,3
human1261|p749,3
human1994|p3002,3
human1997|p2845,3
human2017|p953,3
human2021|p1140,3
human2244|p358,3
human2245|p358,3
human2858|p2179,3
human2888|p1981,3
human444|p3371,3
human1516|p1297,3
human1520|p1294,3
human1551|p1951,3
human1722|p1391,3
human2644|p583,3
human72|p1040,3
human692|p1595,3
human935|p1438,3
human939|p2089,3
human2329|p2057,3
human2331|p2040,3
human2335|p1788,3
human3033|p149,3
human687|p3618,3
human2852|p166,3
human2875|p166,3
human2882|p166,3
human3447|p439,3
human3453|p436,3
human2068|p1147,3
human3228|p1568,3
human3251|p2517,3
human3252|p2635,3
human3254|p2309,3
human3399|p4424,3
human3709|p2848,3
human580|p974,3
human1034|p2809,3
human2896|p1797,3
human122|p69,3
human787|p5416,3
human1253|p60,3
human1257|p60,3
human2754|p912,3
human2908|p1438,3
human162|p959,3
human229|p2068,3
human2048|p4346,3
human3448|p2253,3
human3450|p2257,3
human3552|p4280,3
human634|p1789,3
human2782|p1778,3
human2790|p1783,3
human2793|p1674,3
human2070|p2010,3
human63|p1835,3
human189|p3914,3
human209|p2316,3
human2862|p3003,3
human2877|p1954,3
human539|p4271,3
human141|p1580,3
human323|p1016,3
human547|p327,3
human1745|p464,3
human1750|p1744,3
human1934|p772,3
human2110|p1805,3
human2748|p1501,3
human7|p2566,3
human113|p652,3
human108|p3759,3
human326|p3374,3
human425|p4219,3
human431|p2327,3
human754|p2266,3
human758|p1405,3
human1203|p479,3
human1213|p332,3
human1458|p1817,3
human1477|p1758,3
human1367|p1191,3
human1961|p3455,3
human2162|p2405,3
human2975|p1051,3
human3072|p3484,3
human3097|p3902,3
human1529|p530,3
human1560|p304,3
human1571|p303,3
human2857|p1050,3
human3415|p918,3
human10|p987,3
human224|p973,3
human356|p2935,3
human1531|p2196,3
human1542|p784,3
human1568|p784,3
human2531|p1683,3
human3|p1453,3
human130|p1345,3
human1050|p1221,3
human3169|p3017,3
human3361|p2946,3
human3410|p75,3
human575|p3798,3
human3133|p670,3
human466|p1205,3
human684|p477,3
human1219|p1777,3
human1221|p1778,3
human1223|p1536,3
human1077|p4904,3
human403|p2483,3
human1026|p1797,3
human1270|p5561,3
human1272|p5266,3
human1278|p2722,3
human1437|p2519,3
human1440|p2558,3
human1442|p2321,3
human3343|p1413,3
human1011|p4747,3
human713|p2858,3
human714|p3857,3
human715|p2229,3
human716|p1155,3
human718|p605,3
human1007|p725,3
human1657|p1398,3
human1811|p137,3
human2688|p1154,3
human3118|p724,3
human3330|p4036,3
human84|p5032,3
human246|p5047,3
human536|p3056,3
human613|p93,3
human105|p3434,3
human327|p3371,3
human428|p2008,3
human429|p1500,3
human724|p596,3
human1847|p338,3
human2710|p805,3
human3682|p745,3
human1103|p2515,3
human1105|p2418,3
human1108|p2420,3
human319|p2539,3
human125|p653,3
human222|p516,3
human483|p1265,3
human583|p1413,3
human1515|p1414,3
human1530|p1413,3
human3075|p3007,3
human3087|p4446,3
human3089|p4450,3
human786|p3646,3
human3644|p1596,3
human21|p1972,3
human374|p1932,3
human1696|p3052,3
human316|p3359,3
human370|p3045,3
human1724|p1695,3
human797|p2055,3
human382|p2508,3
human3351|p3218,3
human3352|p3175,3
human1362|p1106,3
human1364|p1106,3
human3419|p1768,3
human1792|p2100,3
human2717|p3498,3
human602|p552,3
human147|p1631,3
human1202|p731,3
human1206|p732,3
human2787|p528,3
human2792|p527,3
human59|p2601,3
human82|p2099,3
human286|p2155,3
human523|p3040,3
human953|p149,3
human962|p1274,3
human1020|p3342,3
human3132|p1242,3
human3241|p1831,3
human3342|p978,3
human3380|p3359,3
human443|p1895,3
human1405|p1155,3
human2319|p921,3
human23|p390,3
human442|p2422,3
human95|p2391,3
human1602|p6113,3
human515|p435,3
human1715|p131,3
human2344|p1987,3
human2351|p1987,3
human2355|p2682,3
human2374|p3357,3
human2382|p3261,3
human2392|p3261,3
human2402|p3262,3
human358|p575,3
human1738|p613,3
human1748|p601,3
human1756|p1023,3
human1762|p938,3
human2067|p2551,3
human2409|p360,3
human2414|p356,3
human2415|p357,3
human535|p4517,3
human1037|p4092,3
human1045|p3833,3
human969|p787,3
human1077|p1925,3
human1082|p1823,3
human1085|p1774,3
human3049|p1418,3
human3316|p2597,3
human1049|p1341,3
human3134|p3576,3
human3445|p1488,3
human3446|p1488,3
human2603|p3672,3
human302|p827,3
human298|p293,3
human2124|p1603,3
human2130|p609,3
human2141|p1488,3
human533|p1922,3
human563|p2076,3
human992|p1299,3
human993|p1299,3
human994|p1299,3
human2111|p1371,3
human2116|p1373,3
human2131|p1394,3
human2134|p1395,3
human2138|p1394,3
human2493|p4254,3
human3428|p1676,3
human155|p1169,3
human463|p2471,3
human2758|p1014,3
human1909|p635,3
human1918|p635,3
human2127|p61,3
human2709|p1626,3
human2716|p1626,3
human1776|p2443,3
human2202|p2055,3
human2429|p2820,3
human2432|p2796,3
human2478|p2682,3
human2490|p2604,3
human2500|p2703,3
human2680|p2715,3
human2843|p2369,3
human2844|p2363,3
human2071|p1774,3
human1293|p1972,3
human2340|p2196,3
human2366|p50,3
human2371|p50,3
human2379|p50,3
human2387|p862,3
human2396|p862,3
human135|p33,3
human446|p3131,3
human667|p498,3
human744|p3880,3
human816|p2919,3
human830|p1669,3
human1826|p1604,3
human1827|p1611,3
human2602|p3208,3
human3677|p3163,3
human3678|p1273,3
human252|p3440,3
human405|p4075,3
human3143|p1699,3
human3326|p1476,3
human3327|p1479,3
human3363|p2389,3
human3364|p2388,3
human798|p3994,3
human1962|p4420,3
human2047|p2380,3
human2260|p1986,3
human2265|p2353,3
human2269|p2793,3
human3804|p1738,3
human1532|p833,3
human1538|p1070,3
human1556|p1073,3
human1570|p1071,3
human2066|p1474,3
human2069|p178,3
human2577|p2725,3
human2578|p2725,3
human2580|p2722,3
human2479|p822,3
human75|p4291,3
human1768|p1998,3
human1770|p1997,3
human1450|p1198,3
human87|p48,3
human225|p2511,3
human2115|p1529,3
human2117|p1465,3
human2268|p276,3
human2342|p533,3
human2357|p1277,3
human2358|p1138,3
human2381|p1138,3
human2386|p1133,3
human2399|p1133,3
human14|p2779,3
human1051|p4012,3
human1013|p2676,3
human1015|p2675,3
human3139|p104,3
human3144|p2025,3
human3146|p2765,3
human3293|p3775,3
human997|p1329,3
human16|p4924,3
human365|p2023,3
human2153|p1228,3
human1838|p1925,3
human1846|p1923,3
human1856|p1827,3
human1870|p1829,3
human1875|p1372,3
human1880|p1372,3
human2934|p905,3
human2935|p874,3
human2963|p23,3
human2966|p23,3
human2854|p1514,3
human1583|p1532,3
human1600|p999,3
human188|p622,3
human3294|p3829,3
human3295|p3916,3
human1054|p1400,3
human3123|p476,3
human3282|p4744,3
human3358|p469,3
human3431|p5074,3
human3454|p3426,3
human3456|p1403,3
human3598|p3440,3
human3179|p844,3
human3181|p851,3
human1449|p1308,3
human1497|p1077,3
human856|p2650,3
human198|p2559,3
human656|p2154,3
human2859|p779,3
human782|p1992,3
human1685|p1369,3
human1695|p905,3
human3101|p2757,3
human3102|p3127,3
human3161|p1334,3
human3162|p1334,3
human2494|p3240,3
human2498|p3238,3
human2501|p3234,3
human2504|p698,3
human2505|p698,3
human2866|p1985,3
human2880|p1985,3
human971|p1317,3
human1653|p2861,3
human1655|p2886,3
human2709|p3622,3
human2910|p2293,3
human3017|p4090,3
human3063|p2307,3
human3423|p1055,3
human3124|p96,3
human3353|p3125,3
human3355|p3112,3
human3392|p1280,3
human1041|p3416,3
human1596|p1197,3
human3409|p727,3
human948|p4791,3
human2072|p784,3
human3038|p4340,3
human3045|p5379,3
human3436|p3470,3
human855|p122,3
human1290|p199,3
human1579|p1004,3
human1701|p959,3
human1701|p5911,3
human1704|p959,3
human1706|p1175,3
human2224|p3485,3
human2225|p3318,3
human2226|p3250,3
human2288|p3668,3
human2907|p1743,3
human366|p469,3
human660|p676,3
human664|p1466,3
human666|p285,3
human668|p3739,3
human669|p25,3
human672|p1202,3
human675|p2348,3
human679|p2822,3
human682|p1489,3
human690|p1527,3
human2274|p1516,3
human1057|p1535,3
human1058|p649,3
human3091|p1428,3
human3114|p1357,3
human3127|p660,3
human3247|p712,3
human999|p1622,3
human1000|p1621,3
human3098|p3099,3
human3099|p2867,3
human3125|p3273,3
human590|p73,3
human3182|p463,3
human3142|p3683,3
human381|p2837,3
human270|p3962,3
human636|p4417,3
human1830|p826,3
human1512|p1882,3
human1526|p1882,3
human1536|p2110,3
human1573|p2111,3
human440|p1520,3
human57|p1985,3
human262|p2754,3
human1113|p1576,3
human1231|p1494,3
human1233|p1494,3
human1255|p572,3
human1259|p572,3
human882|p638,3
human2393|p1569,3
human2404|p1510,3
human983|p2155,3
human990|p2155,3
human3078|p2089,3
human3079|p2089,3
human3280|p1369,3
human3283|p1058,3
human3298|p880,3
human3313|p3244,3
human3314|p3188,3
human3347|p2845,3
human3349|p4078,3
human3389|p759,3
human1975|p331,3
human3137|p1258,3
human1200|p421,3
human3203|p2883,3
human3206|p2883,3
human3402|p668,3
human3403|p668,3
human3222|p2880,3
human1445|p2918,3
human1462|p2942,3
human2359|p425,3
human2372|p426,3
human2385|p3237,3
human2395|p3184,3
human608|p1801,3
human788|p1179,3
human986|p378,3
human988|p376,3
human2987|p208,3
human3041|p2826,3
human3080|p401,3
human3183|p404,3
human662|p1253,3
human1408|p847,3
human1421|p850,3
human1428|p850,3
human3291|p2680,3
human3300|p1331,3
human3301|p1331,3
human3302|p1328,3
human1543|p3074,3
human1992|p3208,3
human2002|p1840,3
human2012|p1840,3
human2015|p1840,3
human1409|p858,3
human1419|p1330,3
human1423|p1331,3
human357|p475,3
human1958|p784,3
human1964|p635,3
human1966|p782,3
human1973|p1591,3
human1976|p1446,3
human972|p459,3
human974|p459,3
human3037|p80,3
human3039|p80,3
human3172|p603,3
human3296|p206,3
human3299|p206,3
human3413|p171,3
human760|p1294,3
human915|p2637,3
human916|p2638,3
human922|p1515,3
human930|p2766,3
human936|p2772,3
human1024|p1970,3
human2330|p2875,3
human2333|p2864,3
human3007|p1132,3
human3012|p2248,3
human3322|p2101,3
human3458|p3718,3
human3463|p2329,3
human3478|p4303,3
human3603|p3815,3
human3604|p4279,3
human3680|p2109,3
human1979|p2717,3
human1981|p2572,3
human1987|p2633,3
human2507|p969,3
human2514|p967,3
human2657|p186,3
human152|p3288,3
human530|p2176,3
human582|p1004,3
human626|p1950,3
human2364|p896,3
human2375|p896,3
human3516|p575,3
human1718|p2453,3
human3376|p3818,3
human3377|p3824,3
human3683|p3927,3
human3689|p4480,3
human3690|p1765,3
human3691|p1316,3
human3692|p1123,3
human2019|p2557,3
human2654|p330,3
human2659|p1525,3
human324|p3286,3
human1400|p106,3
human1412|p620,3
human1425|p620,3
human2343|p1331,3
human2350|p1331,3
human3156|p892,3
human3459|p855,3
human256|p1431,3
human1718|p2452,3
human275|p4099,3
human291|p3139,3
human307|p1733,3
human355|p4415,3
human427|p2632,3
human430|p2500,3
human447|p1679,3
human3684|p2665,3
human3784|p504,3
human2281|p108,3
human2282|p108,3
human2283|p108,3
human2284|p342,3
human2286|p342,3
human738|p3438,3
human742|p2779,3
human3437|p2133,3
human218|p1586,3
human487|p707,3
human952|p2135,3
human954|p2135,3
human3210|p3633,3
human3599|p2237,3
human3600|p1862,3
human3601|p4289,3
human29|p2911,3
human3365|p1361,3
human918|p1108,3
human3008|p2137,3
human3009|p1945,3
human3685|p3381,3
human3688|p1727,3
human3693|p2164,3
human273|p1597,3
human1822|p918,3
human318|p568,3
human917|p2638,3
human920|p2597,3
human3155|p2913,3
human3157|p2594,3
human3160|p1789,3
human3163|p1790,3
human3170|p4212,3
human3435|p4592,3
human3457|p1152,3
human3476|p1038,3
human3602|p4335,3
human1991|p2550,3
human2005|p1008,3
human2014|p1006,3
human2022|p3339,3
human3083|p3077,3
human30|p1430,3
human92|p1843,3
human98|p4407,3
human248|p1624,3
human272|p25,3
human488|p1067,3
human496|p948,3
human561|p2699,3
human571|p2277,3
human579|p1956,3
human591|p3363,3
human1793|p2397,3
human1805|p2397,3
human144|p1972,3
human663|p3423,3
human665|p1067,3
human670|p1411,3
human673|p1944,3
human686|p2373,3
human746|p2364,3
human947|p1885,3
human949|p1885,3
human950|p114,3
human1002|p1902,3
human1003|p1901,3
human1005|p3284,3
human1774|p3527,3
human2104|p3346,3
human2277|p3250,3
human2279|p4246,3
human3397|p2971,3
human3686|p2659,3
human19|p1621,3
human793|p886,3
human755|p2299,3
human761|p3718,3
human783|p130,3
human227|p2285,3
human3318|p462,3
human3385|p600,3
human1029|p1041,3
human1034|p1043,3
human1052|p926,3
human1055|p926,3
human3141|p2051,3
human957|p929,3
human959|p929,3
human3054|p1241,3
human3057|p1241,3
human3136|p4271,3
human3440|p1148,3
human3442|p1148,3
human1506|p4415,3
human1544|p4278,3
human1557|p4276,3
human1566|p4274,3
human2157|p2362,3
human2160|p2362,3
human2161|p2287,3
human2740|p2007,3
human2765|p1144,3
human164|p1981,3
human452|p4489,3
human1027|p116,3
human1030|p116,3
human1033|p116,3
human1321|p3707,3
human1332|p3706,3
human1339|p3604,3
human3303|p1059,3
human3305|p1251,3
human3308|p1249,3
human3346|p698,3
human160|p1019,3
human6|p1686,3
human2564|p1293,3
human1457|p2010,3
human116|p408,3
human789|p1707,3
human836|p580,3
human2568|p159,3
human3514|p3593,3
human2087|p356,3
human3571|p756,3
human884|p323,3
human756|p1106,3
human759|p2430,3
human3082|p3058,3
human3480|p2217,3
human574|p3523,3
human146|p3101,3
human1217|p2297,3
human3128|p664,3
human3229|p39,3
human3230|p39,3
human3257|p864,3
human3258|p865,3
human3369|p677,3
human3370|p680,3
human1393|p4463,3
human1413|p4633,3
human1429|p4562,3
human1455|p1059,3
human1465|p402,3
human1481|p401,3
human1486|p456,3
human1498|p456,3
human3218|p964,3
human52|p466,3
human101|p664,3
human450|p1422,3
human559|p1807,3
human1445|p2923,3
human1462|p2951,3
human1474|p2808,3
human331|p3419,3
human482|p671,3
human968|p1580,3
human3065|p1502,3
human3468|p1490,3
human1623|p1920,3
human3338|p816,3
human3621|p617,3
human3625|p1179,3
human1537|p3486,3
human1510|p4626,3
human1541|p4193,3
human27|p1632,3
human341|p1849,3
human1661|p159,3
human2229|p981,3
human2233|p982,3
human1853|p317,3
human1872|p317,3
human310|p753,3
human633|p548,3
human384|p1152,3
human616|p1037,3
human1168|p1999,3
human2378|p1316,3
human333|p2003,3
human281|p589,3
human926|p1436,3
human3020|p1258,3
human3021|p1199,3
human2062|p2630,3
human3348|p899,3
human3349|p901,3
human910|p1674,3
human3372|p705,3
human911|p540,3
human912|p107,3
human2050|p139,3
human2052|p139,3
human3627|p1288,3
human3629|p538,3
human3630|p861,3
human1040|p1023,3
human3407|p474,3
human595|p131,3
human3619|p1436,3
human2119|p151,3
human2137|p1972,3
human522|p2216,3
human753|p1552,3
human861|p495,3
human2718|p2748,3
human3074|p3711,3
human3084|p3715,3
human3085|p3563,3
human3086|p3560,3
human3090|p3406,3
human3323|p1812,3
human3325|p652,3
human1996|p997,3
human2711|p3687,3
human282|p1111,3
human3623|p1506,3
human695|p876,3
human700|p1723,3
human2254|p558,3
human389|p1580,3
human338|p3107,3
human94|p3783,3
human3620|p1423,3
human932|p1762,3
human933|p1761,3
human938|p1761,3
human2860|p1953,3
human3029|p2217,3
human3032|p303,3
human3401|p2337,3
human956|p2008,3
human958|p2009,3
human3055|p1607,3
human3059|p1602,3
human807|p3033,3
human3367|p1668,3
human3368|p1667,3
human3427|p3882,3
human3646|p1804,3
human3628|p914,3
human195|p868,3
human1358|p918,3
human3624|p2095,3
human3783|p698,3
human293|p652,3
human505|p2592,3
human1495|p2667,3
human455|p1861,3
human1320|p1487,3
human1960|p2180,3
human336|p3106,3
human65|p254,3
human1187|p467,3
human1188|p467,3
human2656|p202,3
human2676|p292,3
human3267|p2095,3
human791|p1314,3
human899|p1780,3
human900|p2023,3
human966|p1452,3
human2312|p1623,3
human2679|p1882,3
human445|p1641,3
human3676|p4293,3
human500|p856,3
human3472|p2482,3
human464|p1523,3
human3807|p683,3
human2152|p1935,3
human2905|p1458,3
human3285|p2261,3
human1276|p2426,3
human1280|p2336,3
human1888|p2876,3
human1893|p2876,3
human1898|p2499,3
human2389|p2898,3
human2678|p1655,3
human1361|p773,3
human1633|p429,3
human3051|p951,3
human3052|p951,3
human808|p1700,3
human3706|p705,3
human54|p1237,3
human79|p169,3
human85|p2216,3
human235|p249,3
human271|p911,3
human383|p2786,3
human469|p2684,3
human475|p1705,3
human572|p110,3
human620|p1842,3
human646|p2878,3
human312|p1837,3
human3260|p469,3
human3261|p1397,3
human3304|p824,3
human3309|p455,3
human2491|p3393,3
human3184|p3034,3
human3186|p3034,3
human3515|p1570,3
human3449|p2223,3
human335|p3619,3
human833|p55,3
human842|p1502,3
human1298|p2641,3
human1301|p2640,3
human3622|p1339,3
human137|p3826,3
human1444|p577,3
human1464|p577,3
human1489|p1513,3
human931|p950,3
human940|p950,3
human764|p1799,3
human769|p819,3
human831|p1010,3
human843|p586,3
human859|p1728,3
human3707|p1350,3
human3135|p215,3
human128|p2744,3
human879|p2837,3
human199|p85,3
human691|p1469,3
human1167|p991,3
human1711|p1666,3
human1790|p1411,3
human3700|p1217,3
human966|p164,3
human2679|p1807,3
human2992|p243,3
human991|p1524,3
human996|p1303,3
human386|p2257,3
human3703|p2054,3
human15|p950,3
human106|p972,3
human451|p662,3
human688|p758,3
human961|p162,3
human1096|p793,3
human1480|p233,3
human3698|p465,3
human940|p2348,3
human3699|p284,3
human945|p33,3
human3180|p542,3
human3070|p1265,3
human3386|p1152,3
human219|p446,3
human2136|p57,3
human3701|p437,3
human3290|p1205,3
human1936|p49,3
human1938|p49,3
human2468|p1172,3
human1046|p175,3
human3273|p91,3
human3424|p334,3
human110|p1006,3
human903|p2632,3
human322|p2228,3
human406|p711,3
human1175|p1710,3
human1954|p1497,3
human2652|p1585,3
human2655|p1529,3
human2666|p1069,3
human1303|p481,3
human2077|p49,3
human757|p1435,3
human785|p2687,3
human1310|p1360,3
human1312|p1205,3
human1317|p1089,3
human1319|p1205,3
human217|p1242,3
human1026|p1382,3
human3702|p279,3
human532|p3441,3
human2735|p1799,3
human433|p540,3
human3310|p149,3
human3311|p149,3
human1129|p1506,3
human2278|p642,3
human2280|p640,3
human412|p262,3
human556|p1651,3
human865|p1734,3
human869|p775,3
human2600|p3215,3
human2601|p2979,3
human5|p1003,3
human1468|p1105,3
human1472|p1102,3
human1501|p1509,3
human795|p1104,3
human149|p2279,3
human2800|p693,3
human2804|p694,3
human2807|p693,3
human216|p2357,3
human3207|p77,3
human2209|p1486,3
human1730|p2432,3
human1041|p3550,3
human3409|p3460,3
human376|p1499,3
human301|p1984,3
human1091|p1216,3
human3152|p1688,3
human2365|p1720,3
human2407|p1744,3
human126|p1002,3
human698|p1045,3
human3359|p664,3
human3374|p827,3
human3378|p865,3
human3704|p1144,3
human909|p3263,3
human232|p78,3
human2057|p408,3
human2572|p683,3
human2613|p155,3
human2628|p155,3
human2630|p838,3
human2632|p838,3
human2633|p838,3
human2634|p199,3
human2635|p199,3
human1627|p157,3
human1886|p1724,3
human1899|p1175,3
human1915|p908,3
human946|p2671,3
human3053|p2303,3
human3250|p2184,3
human34|p908,3
human2816|p1313,3
human1|p1475,3
human603|p1947,3
human2338|p613,3
human3199|p98,3
human3444|p333,3
human3705|p1652,3
human2699|p1432,3
human528|p593,3
human481|p1328,3
human560|p441,3
human2142|p2128,3
human2150|p2348,3
human2154|p3010,3
human2159|p2394,3
human2164|p2389,3
human3270|p116,3
human985|p1491,3
human995|p814,3
human1022|p339,3
human1023|p339,3
human3047|p574,3
human3088|p338,3
human3122|p1270,3
human3262|p437,3
human3265|p437,3
human3269|p1011,3
human3394|p868,3
human1053|p191,3
human1056|p191,3
human1111|p1984,3
human1119|p1844,3
human258|p138,3
human249|p1259,3
human3279|p1026,3
human3281|p1413,3
human951|p323,3
human1048|p15,3
human3004|p2,3
human3111|p993,3
human3197|p135,3
human3708|p1286,3
human701|p627,3
human1291|p1837,3
human289|p1257,3
human1904|p886,3
human3274|p518,3
human2149|p1822,3
human2151|p1549,3
human2156|p1868,3
human2165|p1682,3
human206|p2490,3
human3202|p134,3
human83|p2328,3
human1021|p2405,3
human3216|p2079,3
human3217|p2358,3
human3223|p2207,3
human3226|p2387,3
human100|p676,3
human385|p251,3
human456|p3181,3
human3240|p3044,3
human3244|p2800,3
human3245|p3043,3
human3|p1262,3
human84|p4818,3
human130|p719,3
human246|p2435,3
human536|p2193,3
human613|p3857,3
human1050|p4652,3
human3169|p1823,3
human3361|p1804,3
human527|p2678,3
human600|p350,3
human800|p2107,3
human1115|p1055,3
human2074|p935,3
human2075|p937,3
human2079|p936,3
human2775|p2460,3
human337|p728,3
human388|p2249,3
human2742|p2053,3
human1749|p78,3
human2256|p773,3
human2444|p1316,3
human2445|p1316,3
human2904|p55,3
human3182|p3704,3
human254|p70,3
human311|p2497,3
human2560|p1531,3
human3410|p2523,3
human2420|p595,3
human2421|p594,3
human2422|p625,3
human2424|p625,3
human1587|p126,3
human1591|p126,3
human1598|p244,3
human1614|p126,3
human1615|p126,3
human1835|p6015,3
human399|p1811,3
human976|p1903,3
human980|p1900,3
human3066|p1387,3
human3068|p1425,3
human3071|p1930,3
human3312|p614,3
human3208|p887,3
human1268|p3369,3
human2318|p505,3
human401|p809,3
human1384|p95,3
human1011|p6229,3
human728|p2020,3
human2347|p2544,3
human1680|p368,3
human1172|p413,3
human1264|p276,3
human1438|p1445,3
human1594|p1610,3
human1829|p1956,3
human2107|p931,3
human2337|p370,3
human1439|p2123,3
human790|p485,3
human2356|p1279,3
human1392|p2624,3
human1397|p2625,3
human1403|p2624,3
human1416|p1869,3
human1426|p1868,3
human250|p2758,3
human617|p771,3
human3438|p1323,3
human3439|p1320,3
human407|p933,3
human2867|p270,3
human2878|p270,3
human2886|p270,3
human3693|p1286,3
human2155|p753,3
human330|p3773,3
human46|p2727,3
human3276|p935,3
human120|p3331,3
human1062|p171,3
human1175|p1690,3
human2312|p35,3
human2566|p134,3
human2567|p134,3
human2652|p900,3
human2655|p845,3
human2666|p488,3
human2703|p1955,3
human1080|p817,3
human1083|p2527,3
human1399|p2006,3
human1424|p965,3
human208|p5189,3
human743|p1157,3
human747|p2198,3
human3695|p1429,3
human66|p1845,3
human919|p103,3
human3696|p939,3
human104|p3043,3
human2763|p950,3
human3266|p362,3
human1292|p2423,3
human507|p1353,3
human22|p694,3
human2667|p341,3
human2674|p238,3
human3694|p233,3
human56|p2698,3
human1603|p1438,3
human1613|p2125,3
human706|p1260,3
human3697|p620,3
human3379|p1585,3
human3574|p37,3
human3577|p226,3
human3645|p1054,3
human944|p1524,3
human3035|p1581,3
human47|p1227,3
human89|p108,3
human1360|p1708,3
human396|p2820,3
human220|p1253,3
human1266|p656,3
human3366|p627,3
human3579|p1341,3
human3586|p1384,3
human3743|p708,3
human3220|p2031,3
human3224|p1920,3
human3204|p747,3
human3580|p688,3
human3584|p339,3
human3585|p53,3
human233|p1244,3
human3582|p101,3
human3587|p674,3
human1125|p1488,3
human3575|p566,3
human3581|p760,3
human3448|p493,3
human3450|p492,3
human1357|p532,3
human2213|p756,3
human133|p2157,3
human878|p1379,3
human2557|p354,3
human2638|p1043,3
human2646|p5,3
human93|p577,3
human278|p1098,3
human467|p2465,3
human564|p1325,3
human477|p1521,3
human3742|p635,3
human304|p507,3
human2615|p1454,3
human2623|p1220,3
human1954|p2012,3
human11|p2186,3
human680|p1948,3
human3578|p1318,3
human893|p627,3
human2825|p1123,3
human2838|p1122,3
human2771|p1043,3
human1287|p421,3
human1727|p358,3
human2354|p1553,3
human2361|p1296,3
human2370|p1214,3
human2373|p1216,3
human1008|p4695,3
human708|p1149,3
human659|p556,3
human485|p2616,3
human550|p2502,3
human1326|p1418,3
human1816|p764,3
human1985|p760,3
human1369|p532,3
human2939|p1339,3
human2970|p1226,3
human2981|p1227,3
human158|p1942,3
human1174|p497,3
human1193|p955,3
human1940|p939,3
human810|p171,3
human1322|p1068,3
human1754|p652,3
human1763|p652,3
human2795|p1126,3
human1818|p1938,3
human2946|p787,3
human2956|p790,3
human2969|p1340,3
human2983|p1339,3
human2410|p1488,3
human2425|p1012,3
human2426|p1013,3
human2427|p1012,3
human3464|p1529,3
human3465|p1478,3
human25|p692,3
human215|p654,3
human257|p183,3
human265|p2037,3
human641|p1768,3
human1136|p1690,3
human544|p612,3
human1254|p473,3
human1305|p740,3
human1785|p6151,3
human1788|p5074,3
human2524|p5309,3
human2713|p3208,3
human1676|p1587,3
human2267|p2088,3
human3120|p2032,3
human2443|p86,3
human2814|p1173,3
human1030|p4722,3
human1221|p5001,3
human53|p2801,3
human2822|p541,3
human2733|p41,3
human2738|p41,3
human2759|p41,3
human2766|p41,3
human2774|p41,3
human139|p2045,3
human2121|p587,3
human2125|p585,3
human186|p4138,3
human2722|p1234,3
human3417|p933,3
human1699|p1182,3
human183|p104,3
human2713|p3016,3
human1391|p2297,3
human1406|p2395,3
human1430|p428,3
human1496|p2095,3
human3110|p663,3
human2413|p992,3
human601|p25,3
human929|p775,3
human3031|p3649,3
human1218|p2353,3
human1229|p2700,3
human719|p1504,3
human1155|p1220,3
human1161|p1218,3
human1094|p2163,3
human1095|p2140,3
human640|p1237,3
human1850|p1104,3
human1857|p1016,3
human1865|p1017,3
human1868|p1015,3
human1883|p1353,3
human2769|p2798,3
human2005|p118,3
human2014|p118,3
human2022|p452,3
human2305|p2116,3
human2168|p1027,3
human2204|p575,3
human737|p213,3
human740|p1957,3
human292|p1974,3
human2734|p195,3
human2739|p195,3
human2743|p1170,3
human2755|p1486,3
human2767|p1282,3
human2770|p1333,3
human2675|p2532,3
human2334|p2002,3
human902|p66,3
human1808|p1115,3
human526|p573,3
human214|p2047,3
human2994|p2372,3
human1527|p1340,3
human1528|p1141,3
human1559|p1327,3
human1569|p1326,3
human1584|p405,3
human1590|p405,3
human2324|p1837,3
human2326|p1779,3
human261|p801,3
human37|p1149,3
human1837|p545,3
human1854|p3390,3
human2126|p2081,3
human2388|p316,3
human459|p3370,3
human3115|p1042,3
human3116|p1045,3
human1617|p2827,3
human1011|p2244,3
human1533|p1131,3
human1575|p1609,3
human1451|p2338,3
human604|p5058,3
human637|p3036,3
human397|p784,3
human3777|p77,3
human3778|p507,3
human48|p1278,3
human288|p107,3
human70|p2813,3
human732|p853,3
human888|p1586,3
human890|p702,3
human1703|p2002,3
human748|p1173,3
human3776|p794,3
human776|p384,3
human1415|p225,3
human1943|p55,3
human1944|p329,3
human2140|p159,3
human2172|p163,3
human2185|p163,3
human2943|p179,3
human2968|p80,3
human2979|p79,3
human194|p685,3
human393|p1582,3
human906|p1776,3
human3774|p1209,3
human2818|p346,3
human703|p159,3
human852|p1635,3
human857|p330,3
human860|p442,3
human1269|p278,3
human1273|p277,3
human1281|p660,3
human1605|p1740,3
human1102|p1625,3
human1106|p1514,3
human1107|p1513,3
human1505|p2596,3
human1521|p2596,3
human1550|p2596,3
human1558|p2596,3
human2604|p644,3
human456|p653,3
human537|p2644,3
human639|p563,3
human157|p1235,3
human1624|p2864,3
human1625|p2550,3
human1626|p2605,3
human3405|p66,3
human3411|p3756,3
human854|p474,3
human1539|p3491,3
human1202|p1641,3
human1206|p1591,3
human2787|p1755,3
human2792|p1754,3
human3528|p1978,3
human3430|p1094,3
human3036|p2981,3
human1482|p1554,3
human1487|p1662,3
human3131|p370,3
human2900|p2237,3
human2902|p2174,3
human1191|p2217,3
human1196|p2211,3
human1198|p2096,3
human2828|p208,3
human2832|p208,3
human3481|p378,3
human1844|p163,3
human1739|p1304,3
human3626|p1509,3
human1795|p1067,3
human1802|p1067,3
human3393|p3962,3
human1744|p20,3
human1747|p20,3
human154|p2124,3
human908|p3078,3
human2999|p257,3
human3002|p251,3
human3050|p930,3
human3100|p204,3
human3103|p204,3
human3462|p3830,3
human517|p2904,3
human3552|p2352,3
human3287|p1331,3
human112|p3314,3
human1178|p2250,3
human964|p4070,3
human965|p4073,3
human977|p4521,3
human1025|p184,3
human3048|p2199,3
human3062|p4151,3
human3077|p4748,3
human3113|p1791,3
human3166|p1616,3
human3167|p6,3
human3178|p4088,3
human3195|p845,3
human3344|p3124,3
human3382|p1224,3
human3384|p2265,3
human3390|p1179,3
human3422|p4181,3
human3073|p5354,3
human3076|p4937,3
human3434|p116,3
human61|p386,3
human309|p1881,3
human1386|p1992,3
human2453|p3957,3
human2472|p3927,3
human2474|p4098,3
human3040|p2603,3
human3112|p3701,3
human3150|p4824,3
human3219|p5143,3
human3373|p1487,3
human3242|p1700,3
human3246|p1754,3
human295|p57,3
human470|p3490,3
human1483|p4191,3
human1494|p4242,3
human1447|p3931,3
human1459|p4415,3
human2846|p3381,3
human2876|p3381,3
human342|p1317,3
human1585|p1258,3
human1593|p1429,3
human3010|p1022,3
human3011|p1022,3
human1839|p1983,3
human1849|p1984,3
human1860|p1221,3
human730|p1214,3
human621|p87,3
human3420|p3253,3
human159|p2562,3
human3145|p2698,3
human1889|p3100,3
human894|p771,3
human544|p165,3
human3395|p3690,3
human3396|p3690,3
human2925|p1697,3
human196|p874,3
human946|p1588,3
human81|p4309,3
human1696|p1165,3
human243|p313,3
human1841|p611,3
human1859|p1364,3
human1861|p1363,3
human1866|p1362,3
human1874|p611,3
human1878|p610,3
human1881|p610,3
human510|p637,3
human2411|p3084,3
human642|p2863,3
human2974|p836,3
human2984|p803,3
human678|p4370,3
human2702|p2385,3
human2835|p904,3
human1186|p1297,3
human3610|p1947,3
human1900|p3230,3
human332|p3347,3
human2705|p672,3
human2714|p672,3
human435|p3398,3
human498|p747,3
human89|p475,3
human47|p1957,3
human1513|p1160,3
human3482|p2119,3
human677|p4394,3
human11|p1172,3
human2194|p1279,3
human213|p1072,3
human3182|p25,3
human1394|p933,3
human1396|p942,3
human1402|p931,3
human1411|p2472,3
human1418|p2472,3
human1555|p2357,3
human1577|p1461,3
human1588|p2270,3
human1599|p642,3
human1610|p2322,3
human352|p2287,3
human2118|p2838,3
human2122|p1902,3
human2129|p868,3
human1679|p226,3
human1688|p566,3
human1690|p566,3
human1697|p52,3
human239|p2136,3
human3179|p1459,3
human3181|p1484,3
human2412|p632,3
human3782|p1597,3
human2547|p2943,3
human197|p2084,3
human392|p2171,3
human531|p1009,3
human1139|p760,3
human1524|p899,3
human1612|p1650,3
human138|p2776,3
human3424|p1630,3
human1410|p631,3
human3273|p1470,3
human182|p4,3
human652|p2915,3
human441|p308,3
human3093|p3504,3
human1046|p2620,3
human1407|p2477,3
human1433|p860,3
human570|p2716,3
human2661|p6734,3
human1093|p2568,3
human439|p780,3
human2787|p2109,3
human2792|p2108,3
human609|p2908,3
human96|p1230,3
human1658|p3153,3
human1518|p2007,3
human44|p3269,3
human1202|p3190,3
human1206|p3013,3
human371|p4981,3
human62|p2408,3
human212|p2522,3
human478|p41,3
human1098|p522,3
human330|p3102,3
human639|p2055,3
human3377|p5023,3
human1586|p797,3
human1601|p359,3
human1608|p1991,3
human294|p1014,3
human3135|p2122,3
human1507|p2402,3
human1562|p2081,3
human1711|p637,3
human179|p32,3
human1547|p3278,3
human2810|p2181,3
human119|p45,3
human438|p2221,3
human1676|p401,3
human1699|p88,3
human1549|p4068,3
human120|p4627,3
human1011|p230,3
human71|p2495,3
human3179|p459,3
human3181|p459,3
human3182|p769,3
human991|p2946,3
human996|p2480,3
human270|p2468,3
human318|p1966,3
human636|p1113,3
human1830|p1456,3
human361|p1496,3
human1463|p3738,3
human208|p1394,3
human1809|p803,3
human2922|p2917,3
human124|p1639,3
human97|p1526,3
human226|p702,3
human390|p599,3
human546|p2796,3
human607|p575,3
human2671|p617,3
human2570|p1013,3
human1843|p3069,3
human2560|p1391,3
human2696|p2323,3
human22|p11,3
human118|p533,3
human624|p2841,3
human306|p2249,3
human1028|p1790,3
human3345|p1735,3
human3126|p378,3
human3200|p1816,3
human3388|p1696,3
human3451|p490,3
human3421|p1605,3
human3425|p1604,3
human876|p2099,3
human255|p2667,3
human2431|p1329,3
human2548|p1745,3
human2549|p1721,3
human2561|p504,3
human3256|p1552,3
human3350|p570,3
human1727|p357,3
human2768|p289,3
human2771|p1042,3
human3482|p1702,3
human2560|p2186,3
human2486|p645,3
human1930|p158,3
human1931|p158,3
human2349|p1297,3
human1967|p1564,3
human1921|p831,3
human1955|p693,3
human3098|p4071,3
human2400|p706,3
human2898|p1246,3
human2664|p410,3
human704|p2010,3
human3576|p462,3
human2336|p1318,3
human877|p862,3
human1935|p1383,3
human245|p1751,3
human1767|p2189,3
human5|p56,3
human136|p248,3
human314|p386,3
human353|p2130,3
human3789|p1666,3
human1709|p3705,3
human520|p3283,3
human565|p463,3
human127|p2662,3
human2919|p2895,3
human679|p130,3
human2799|p1713,3
human1739|p1734,3
human0|p1211,4
human623|p1926,4
human3526|p162,4
human264|p1545,4
human921|p523,4
human2439|p2000,4
human3198|p1391,4
human3524|p253,4
human3525|p1273,4
human3527|p1889,4
human3744|p71,4
human722|p1257,4
human1145|p1192,4
human3544|p2062,4
human2197|p458,4
human3121|p147,4
human702|p633,4
human803|p1236,4
human1009|p2159,4
human880|p535,4
human3749|p790,4
human3752|p1945,4
human3522|p342,4
human3748|p351,4
human494|p775,4
human3751|p1854,4
human3756|p1892,4
human3753|p2332,4
human3755|p153,4
human3518|p1787,4
human3519|p103,4
human3521|p1620,4
human3746|p1283,4
human524|p664,4
human3745|p662,4
human927|p908,4
human928|p908,4
human3019|p1097,4
human3549|p510,4
human3551|p860,4
human545|p1219,4
human3747|p485,4
human699|p1426,4
human320|p1859,4
human3754|p163,4
human585|p368,4
human3520|p188,4
human3758|p163,4
human3548|p261,4
human402|p858,4
human2417|p1311,4
human712|p172,4
human2|p1308,4
human811|p1781,4
human1063|p1459,4
human268|p369,4
human774|p2146,4
human2189|p729,4
human3523|p404,4
human845|p971,4
human3057|p4753,4
human2521|p226,4
human1927|p1410,4
human521|p987,4
human772|p1599,4
human779|p705,4
human844|p912,4
human1809|p185,4
human809|p427,4
human1662|p217,4
human3550|p280,4
human745|p635,4
human2519|p229,4
human705|p1637,4
human867|p1900,4
human3757|p2215,4
human3771|p108,4
human3772|p1456,4
human3764|p1944,4
human3765|p850,4
human3766|p692,4
human3769|p1108,4
human3770|p447,4
human3773|p1508,4
human1708|p535,4
human499|p2019,4
human3767|p109,4
human3768|p1166,4
human3763|p865,4
human3547|p1305,4
human3542|p1769,4
human3543|p1390,4
human3759|p2416,4
human584|p1220,4
human2051|p102,4
human2054|p102,4
human2746|p1799,4
human3540|p215,4
human3541|p153,4
human3546|p1355,4
human3539|p50,4
human3530|p735,4
human3532|p625,4
human3535|p458,4
human3536|p312,4
human3537|p217,4
human3760|p631,4
human3761|p618,4
human3762|p231,4
human418|p650,4
human3538|p901,4
human773|p127,4
human839|p2115,4
human489|p1710,4
human780|p884,4
human3533|p217,4
human90|p1887,4
human2438|p1879,4
human1730|p2421,4
human2433|p1486,4
human2434|p341,4
human1126|p218,4
human2940|p1820,4
human2952|p1756,4
human2959|p1748,4
human2978|p1546,4
human2336|p931,4
human1928|p108,4
human3531|p303,4
human2180|p209,4
human2262|p2171,4
human2406|p1181,4
human1642|p319,4
human2146|p618,4
human1752|p306,4
human2287|p1062,4
human33|p1337,4
human465|p1216,4
human587|p1655,4
human2948|p352,4
human354|p1466,4
human2408|p1633,4
human3416|p140,4
human2929|p244,4
human2936|p243,4
human2937|p243,4
human2965|p332,4
human2967|p331,4
human200|p1201,4
human2683|p2643,4
human2527|p1968,4
human2543|p1894,4
human2078|p294,4
human1907|p795,4
human413|p746,4
human721|p904,4
human763|p1178,4
human913|p412,4
human914|p1838,4
human1785|p7514,4
human3545|p848,4
human2236|p713,4
human729|p1351,4
human3750|p1378,4
human3315|p527,4
human3317|p527,4
human2449|p1768,4
human775|p1565,4
human2020|p639,4
human896|p1093,4
human2324|p736,4
human2326|p689,4
human2334|p522,4
human2675|p40,4
human35|p2097,4
human711|p218,4
human619|p2111,4
human2661|p6125,4
human1630|p1629,4
human1635|p1398,4
human1407|p2639,4
human1410|p4919,4
human1433|p3087,4
human3774|p474,4
human3452|p2167,4
human1948|p51,4
human2207|p42,4
human1173|p1085,4
human1337|p157,4
human1652|p395,4
human1660|p168,4
human1222|p252,4
human720|p1596,4
human2658|p924,4
human2663|p898,4
human2670|p87,4
human683|p1506,4
human1060|p656,4
human1061|p1002,4
human3024|p232,4
human732|p1193,4
human888|p1999,4
human890|p425,4
human2155|p2518,4
human2883|p929,4
human703|p1052,4
human3278|p104,4
human3775|p703,4
human3777|p1131,4
human51|p129,4
human852|p1049,4
human857|p926,4
human860|p566,4
human397|p38,4
human490|p808,4
human3529|p607,4
human3778|p1585,4
human2204|p2533,4
human621|p101,4
human3528|p250,4
human2535|p973,4
human3534|p1706,4
human3776|p2215,4
human37|p254,4
human214|p1978,4
human459|p2317,4
human526|p3146,4
human1094|p479,4
human1095|p415,4
human2994|p253,4
human1941|p2298,4
human832|p811,4
human751|p2087,4
human3284|p974,4
human2806|p169,4
human2556|p1185,4
human2258|p1636,4
human2328|p1604,4
human3268|p1163,4
human3271|p1169,4
human3272|p1163,4
human1819|p1119,4
human3286|p324,4
human3288|p324,4
human770|p1017,4
human3003|p590,4
human1116|p1553,4
human121|p2243,4
human1376|p88,4
human2073|p490,4
human2076|p491,4
human2756|p751,4
human3306|p593,4
human3307|p593,4
human3023|p1341,4
human942|p1578,4
human942|p3880,4
human943|p1579,4
human3034|p2159,4
human2230|p935,4
human2232|p935,4
human2900|p2325,4
human2902|p2262,4
human2768|p2585,4
human2898|p1533,4
human3289|p1692,4
human1127|p1451,4
human1132|p1488,4
human131|p292,4
human2988|p454,4
human2990|p796,4
human2991|p796,4
human3381|p1840,4
human3455|p756,4
human3333|p1644,4
human3334|p1720,4
human3443|p1377,4
human2000|p57,4
human290|p1647,4
human3147|p1836,4
human2201|p831,4
human801|p1865,4
human804|p1307,4
human806|p884,4
human3259|p1041,4
human2696|p1732,4
human344|p88,4
human3191|p811,4
human3194|p844,4
human3233|p987,4
human3263|p360,4
human3264|p360,4
human1111|p1802,4
human1119|p1728,4
human3328|p72,4
human3006|p646,4
human3042|p1500,4
human3173|p260,4
human3176|p1649,4
human3177|p1652,4
human3375|p981,4
human1656|p1857,4
human2631|p2282,4
human2736|p716,4
human3475|p370,4
human3477|p69,4
human1373|p1077,4
human2397|p1017,4
human3018|p932,4
human750|p867,4
human3469|p1439,4
human3470|p1439,4
human3196|p1194,4
human735|p2511,4
human473|p1279,4
human614|p795,4
human3236|p2431,4
human3237|p2231,4
human3239|p2230,4
human3354|p986,4
human3356|p986,4
human987|p1050,4
human3081|p1989,4
human3115|p76,4
human3116|p76,4
human70|p2324,4
human1031|p2311,4
human2158|p98,4
human2163|p98,4
human805|p139,4
human1386|p1395,4
human2799|p363,4
human2143|p176,4
human1924|p714,4
human1926|p887,4
human2760|p2334,4
human864|p1475,4
human866|p1708,4
human2660|p744,4
human2933|p2186,4
human1370|p1837,4
human2292|p1633,4
human3460|p962,4
human3461|p967,4
human1755|p815,4
human2619|p877,4
human422|p121,4
human1913|p782,4
human2653|p1881,4
human3781|p636,4
human340|p1686,4
human2636|p2403,4
human1767|p1390,4
human1777|p197,4
human1739|p1614,4
human2677|p2522,4
human946|p1882,4
human47|p1844,4
human1814|p1008,4
human1820|p1008,4
human2840|p1646,4
human2234|p1191,4
human2826|p86,4
human2837|p86,4
human2941|p1847,4
human865|p1034,4
human869|p240,4
human2751|p209,4
human11|p242,4
human89|p2301,4
human2313|p1884,4
human1307|p179,4
human2056|p228,4
human2794|p238,4
human2798|p1501,4
human2908|p247,4
human2925|p1806,4
human1146|p373,4
human1325|p1305,4
human1755|p1407,4
human2060|p1199,4
human2828|p1595,4
human2832|p1528,4
human2531|p176,4
human639|p3210,4
human1172|p899,4
human1264|p181,4
human1384|p326,4
human1438|p1323,4
human1594|p242,4
human1829|p962,4
human2107|p810,4
human2337|p763,4
human1177|p188,4
human1190|p210,4
human2502|p579,4
human1745|p932,4
human1750|p3,4
human766|p926,4
human2297|p68,4
human1162|p387,4
human2110|p1674,4
human1795|p278,4
human1802|p278,4
human3481|p1018,4
human2446|p1256,4
human2481|p1540,4
human3243|p584,4
human737|p207,4
human740|p2010,4
human461|p1533,4
human767|p1585,4
human1553|p395,4
human1840|p1855,4
human1845|p1855,4
human1852|p1817,4
human1863|p1812,4
human1867|p1812,4
human1873|p1835,4
human1877|p1839,4
human1879|p1834,4
human549|p1349,4
human2975|p449,4
human2625|p1585,4
human1772|p1320,4
human1424|p2937,4
human2644|p419,4
human2754|p750,4
human1744|p1513,4
human1747|p1469,4
human68|p555,4
human1657|p1045,4
human2112|p1034,4
human2120|p966,4
human2121|p1548,4
human2125|p1382,4
human2126|p2526,4
human2511|p948,4
human2515|p948,4
human833|p654,4
human842|p1816,4
human1171|p407,4
human1441|p514,4
human2139|p956,4
human2989|p137,4
human2993|p414,4
human2545|p2144,4
human280|p774,4
human3340|p663,4
human2791|p457,4
human2801|p370,4
human2081|p743,4
human2082|p742,4
human2377|p264,4
human1399|p2456,4
human1811|p416,4
human963|p939,4
human967|p939,4
human3061|p308,4
human707|p197,4
human1836|p722,4
human1851|p597,4
human2484|p88,4
human2485|p88,4
human2488|p457,4
human2488|p1658,4
human1629|p1449,4
human2194|p778,4
human719|p914,4
human1234|p239,4
human1304|p1101,4
human1309|p135,4
human1812|p923,4
human1815|p538,4
human2210|p817,4
human2295|p834,4
human2300|p834,4
human2442|p919,4
human2476|p339,4
human2593|p727,4
human2918|p252,4
human2926|p257,4
human1724|p697,4
human2748|p1490,4
human3419|p668,4
human419|p253,4
human893|p1242,4
human2713|p1620,4
human1254|p2024,4
human810|p1981,4
human2339|p353,4
human2348|p353,4
human2688|p140,4
human3681|p314,4
human3682|p1524,4
human139|p1357,4
human2304|p478,4
human2114|p1660,4
human2227|p1093,4
human2235|p1086,4
human2311|p89,4
human2316|p89,4
human2412|p1655,4
human984|p1434,4
human989|p1436,4
human902|p2277,4
human2733|p1816,4
human2738|p1816,4
human2759|p2026,4
human2766|p1999,4
human2774|p2016,4
human2938|p1614,4
human2084|p612,4
human904|p15,4
human2410|p1388,4
human2425|p1597,4
human2426|p1597,4
human2427|p1596,4
human2394|p2664,4
human2403|p2504,4
human1621|p2403,4
human208|p626,4
human2099|p1782,4
human2101|p1710,4
human1182|p86,4
human1184|p86,4
human1934|p2094,4
human2467|p942,4
human330|p3931,4
human1269|p2340,4
human1273|p2332,4
human1354|p149,4
human1619|p437,4
human1639|p526,4
human1741|p425,4
human1751|p611,4
human1753|p423,4
human1759|p96,4
human1929|p1122,4
human2205|p807,4
human2732|p969,4
human498|p2283,4
human1683|p701,4
human696|p1143,4
human1068|p2256,4
human1069|p1760,4
human1692|p937,4
human2524|p1597,4
human1785|p4824,4
human1788|p4215,4
human120|p1746,4
human46|p1923,4
human1624|p3344,4
human1625|p2971,4
human1626|p3043,4
human261|p5659,4
human929|p1501,4
human3031|p3076,4
human274|p359,4
human1727|p934,4
human2771|p151,4
human2922|p237,4
human1575|p621,4
human1391|p824,4
human1406|p826,4
human1430|p925,4
human2080|p2329,4
human2700|p381,4
human2701|p383,4
human2703|p1556,4
human1527|p534,4
human1850|p1513,4
human1857|p1971,4
human1865|p1973,4
human1868|p1969,4
human1883|p1067,4
human906|p549,4
human493|p2350,4
human2525|p2402,4
human22|p643,4
human25|p2512,4
human2413|p1245,4
human601|p1459,4
human802|p4348,4
human205|p1389,4
human203|p749,4
human166|p2347,4
human562|p4121,4
human3031|p3589,4
human544|p2999,4
human1496|p940,4
human3110|p2143,4
human3417|p2341,4
human227|p2084,4
human631|p370,4
human739|p1840,4
human741|p3588,4
human203|p4136,4
human60|p1871,4
human251|p2047,4
human484|p4464,4
human618|p1938,4
human1363|p1061,4
human1365|p2637,4
human1368|p2604,4
human726|p1763,4
human727|p2803,4
human518|p1233,4
human1292|p3604,4
human1305|p3326,4
human946|p346,4
human3464|p1873,4
human1699|p2137,4
human1410|p4719,4
human1093|p2517,4
human2278|p2747,4
human2280|p2709,4
human1178|p1228,4
human1191|p1759,4
human1196|p1755,4
human1198|p1640,4
human186|p3577,4
human2734|p2657,4
human2739|p2335,4
human2743|p1809,4
human2755|p2378,4
human2767|p2036,4
human2770|p2083,4
human44|p2331,4
human1808|p423,4
human1410|p6420,4
human1696|p4521,4
human1270|p2042,4
human1272|p2037,4
human1278|p5924,4
human2251|p40,4
human510|p4711,4
human157|p456,4
human2604|p2923,4
human1067|p1652,4
human955|p2856,4
human960|p2856,4
human3056|p3060,4
human3057|p2357,4
human1835|p4428,4
human1841|p4117,4
human1859|p4667,4
human1861|p4664,4
human1866|p4550,4
human1874|p5044,4
human1878|p4724,4
human1881|p4722,4
human657|p5503,4
human671|p283,4
human681|p3670,4
human687|p5796,4
human689|p3073,4
human1380|p875,4
human1958|p2384,4
human1964|p2045,4
human1966|p2123,4
human1973|p1734,4
human1976|p1589,4
human2393|p1983,4
human2404|p1918,4
human2178|p1092,4
human2183|p1092,4
human2188|p1090,4
human2343|p1430,4
human2350|p1430,4
human2528|p1760,4
human1896|p6620,4
human1905|p6130,4
human3639|p1416,4
human2430|p399,4
human1622|p395,4
human2115|p1388,4
human2117|p1324,4
human2132|p2298,4
human2135|p2170,4
human2007|p202,4
human1109|p5269,4
human2681|p4025,4
human2691|p3668,4
human2698|p4015,4
human243|p5481,4
human2539|p2761,4
human2541|p2800,4
human2544|p2690,4
human28|p2826,4
human495|p2801,4
human324|p1989,4
human2006|p2652,4
human167|p1441,4
human730|p2313,4
human3517|p3014,4
human155|p3532,4
human442|p3194,4
human575|p3781,4
human602|p1300,4
human530|p1944,4
human626|p2010,4
human2364|p1598,4
human2375|p1598,4
human2875|p3077,4
human2391|p3484,4
human2919|p1564,4
human582|p882,4
human1231|p2101,4
human1233|p2100,4
human1255|p1894,4
human1259|p1892,4
human3282|p5420,4
human3358|p5195,4
human2603|p1969,4
human1992|p1496,4
human2002|p2406,4
human2012|p2406,4
human2015|p2406,4
human228|p907,4
human948|p5103,4
human3038|p721,4
human3045|p5078,4
human3431|p5668,4
human644|p1903,4
human777|p2263,4
human1070|p991,4
human1641|p371,4
human2587|p528,4
human609|p251,4
human736|p1866,4
human749|p871,4
human1847|p5608,4
human247|p966,4
human1714|p1273,4
human1908|p709,4
human2241|p1163,4
human3559|p1021,4
human3560|p771,4
human3561|p615,4
human3371|p562,4
human3556|p677,4
human642|p862,4
human1054|p2550,4
human3123|p3256,4
human3454|p3806,4
human3456|p4561,4
human874|p846,4
human3558|p896,4
human3555|p1653,4
human513|p1396,4
human798|p3949,4
human1962|p1642,4
human2651|p30,4
human3553|p872,4
human417|p184,4
human40|p1032,4
human223|p1625,4
human543|p99,4
human2809|p1704,4
human3562|p2015,4
human346|p2457,4
human2008|p441,4
human2530|p1965,4
human693|p811,4
human1504|p2230,4
human3554|p129,4
human1013|p1730,4
human1015|p1729,4
human3139|p1398,4
human3144|p1267,4
human3146|p348,4
human3293|p2036,4
human512|p2425,4
human1356|p1523,4
human2591|p1417,4
human2594|p1301,4
human76|p1158,4
human674|p1083,4
human8|p532,4
human1821|p440,4
human2489|p2277,4
human1217|p3962,4
human1582|p2662,4
human2473|p583,4
human2477|p583,4
human2480|p583,4
human2559|p1599,4
human2562|p1597,4
human2803|p1767,4
human2811|p1764,4
human983|p471,4
human990|p471,4
human1027|p3732,4
human1030|p3742,4
human1033|p3728,4
human3078|p1279,4
human3079|p1279,4
human3141|p1706,4
human3280|p1793,4
human3283|p228,4
human3298|p2215,4
human3303|p3595,4
human3305|p3296,4
human3308|p3241,4
human3313|p94,4
human3314|p94,4
human3346|p3654,4
human3389|p113,4
human102|p2356,4
human284|p2329,4
human468|p1484,4
human998|p1358,4
human3096|p2133,4
human1321|p609,4
human1332|p609,4
human1339|p609,4
human3598|p3228,4
human2764|p3250,4
human2772|p3250,4
human276|p2145,4
human541|p265,4
human1443|p3013,4
human1469|p3004,4
human1475|p2737,4
human1490|p3763,4
human1502|p3761,4
human2682|p1117,4
human2697|p996,4
human807|p1419,4
human956|p966,4
human958|p966,4
human3055|p3308,4
human3291|p213,4
human3300|p3855,4
human3301|p3855,4
human3302|p3447,4
human3458|p1448,4
human3478|p729,4
human1052|p3038,4
human1055|p3039,4
human3427|p2379,4
human2330|p2550,4
human2333|p2539,4
human3348|p1911,4
human3349|p1913,4
human3557|p2606,4
human423|p1490,4
human141|p3275,4
human151|p3980,4
human1367|p2214,4
human3367|p3856,4
human3368|p3852,4
human2479|p3067,4
human3680|p362,4
human2712|p3482,4
human1117|p2342,4
human2162|p2865,4
human356|p908,4
human3097|p2097,4
human29|p2780,4
human1593|p3180,4
human625|p3997,4
human427|p2508,4
human430|p1811,4
human855|p1787,4
human1219|p3055,4
human1221|p3057,4
human1223|p2814,4
human3646|p3083,4
human3365|p2603,4
human3372|p3088,4
human1961|p1537,4
human915|p4484,4
human916|p4485,4
human3007|p4250,4
human3604|p797,4
human64|p1708,4
human240|p425,4
human760|p1143,4
human922|p2442,4
human3012|p783,4
human3402|p5057,4
human3403|p5060,4
human2094|p1158,4
human2614|p1122,4
human591|p3449,4
human930|p3088,4
human936|p3094,4
human1024|p3216,4
human3203|p823,4
human3206|p823,4
human3322|p913,4
human3463|p2723,4
human3603|p1451,4
human3128|p524,4
human3229|p1900,4
human3230|p1898,4
human3257|p154,4
human3258|p155,4
human3369|p3650,4
human3370|p3721,4
human2072|p456,4
human3125|p2276,4
human3472|p837,4
human997|p1091,4
human2710|p2389,4
human3101|p4592,4
human3552|p674,4
human3571|p3575,4
human738|p272,4
human742|p2720,4
human2087|p2314,4
human787|p2190,4
human497|p1239,4
human917|p3298,4
human920|p3271,4
human3155|p1347,4
human3157|p1028,4
human3160|p723,4
human3163|p723,4
human3170|p282,4
human3435|p642,4
human3457|p154,4
human3476|p1986,4
human1290|p2587,4
human1701|p128,4
human1701|p5080,4
human1704|p128,4
human1706|p2786,4
human2907|p2494,4
human999|p3199,4
human1000|p3198,4
human3098|p144,4
human3099|p144,4
human3091|p2487,4
human3114|p2634,4
human82|p3611,4
human523|p3343,4
human962|p127,4
human1057|p923,4
human1058|p2921,4
human3127|p1446,4
human3247|p2107,4
human1579|p1093,4
human2288|p2549,4
human3210|p2162,4
human957|p62,4
human959|p62,4
human1979|p1892,4
human1981|p1817,4
human1987|p4387,4
human2507|p1904,4
human2514|p1901,4
human3054|p375,4
human3057|p376,4
human3136|p2095,4
human3161|p338,4
human3162|p338,4
human3440|p664,4
human3442|p664,4
human1722|p3155,4
human1439|p297,4
human952|p4471,4
human954|p4471,4
human1996|p62,4
human881|p525,4
human367|p3931,4
human992|p1036,4
human993|p1036,4
human994|p1036,4
human3428|p663,4
human3102|p2456,4
human3104|p2458,4
human1038|p1448,4
human2571|p508,4
human2909|p523,4
human3227|p258,4
human3335|p159,4
human3408|p1808,4
human3599|p3459,4
human3600|p2283,4
human487|p3096,4
human3601|p3628,4
human452|p4430,4
human1342|p1019,4
human1350|p1477,4
human1352|p1200,4
human3083|p676,4
human2365|p2477,4
human2407|p2500,4
human3222|p2234,4
human3618|p63,4
human3615|p325,4
human3617|p50,4
human877|p1731,4
human3616|p211,4
human2547|p331,4
human2552|p781,4
human2555|p687,4
human2558|p1886,4
human3602|p1479,4
human886|p1562,4
human1007|p2250,4
human3118|p2202,4
human3205|p482,4
human3426|p1864,4
human2657|p1879,4
human2671|p1371,4
human637|p4075,4
human3459|p1065,4
human386|p3255,4
human969|p1408,4
human3049|p329,4
human3316|p1018,4
human1661|p12,4
human3629|p982,4
human3339|p1909,4
human3341|p1930,4
human972|p1890,4
human974|p1890,4
human3037|p1125,4
human3039|p1126,4
human3156|p1272,4
human3172|p1291,4
human3296|p1713,4
human3299|p1769,4
human3413|p1981,4
human941|p1974,4
human2066|p610,4
human2069|p378,4
human2124|p467,4
human2130|p283,4
human2141|p1440,4
human3627|p592,4
human3628|p1299,4
human697|p557,4
human910|p254,4
human911|p1805,4
human912|p476,4
human27|p583,4
human281|p2251,4
human522|p993,4
human926|p494,4
human3020|p427,4
human3021|p427,4
human116|p3398,4
human1583|p614,4
human1600|p441,4
human2050|p1066,4
human2052|p1034,4
human3480|p1279,4
human1532|p10,4
human1538|p11,4
human1556|p11,4
human1570|p11,4
human1299|p2921,4
human1302|p2389,4
human886|p2413,4
human3205|p2083,4
human3426|p2695,4
human298|p1476,4
human1303|p1691,4
human3630|p555,4
human941|p2493,4
human969|p2225,4
human3049|p2125,4
human3316|p2212,4
human1725|p1792,4
human1953|p1020,4
human595|p734,4
human3621|p727,4
human1007|p1978,4
human3118|p2074,4
human3622|p290,4
human3624|p376,4
human3625|p432,4
human3626|p301,4
human2229|p2790,4
human2233|p2741,4
human2319|p1087,4
human282|p928,4
human3620|p611,4
human3623|p133,4
human3619|p587,4
human781|p2571,4
human986|p2012,4
human988|p2010,4
human2266|p167,4
human2267|p607,4
human2273|p604,4
human2987|p2769,4
human3041|p2345,4
human3080|p1891,4
human3158|p554,4
human3183|p2989,4
human1980|p555,4
human1010|p838,4
human1012|p840,4
human3137|p390,4
human2268|p2533,4
human788|p2529,4
human882|p1312,4
human3297|p1277,4
human3324|p936,4
human3083|p1360,4
human3222|p2553,4
human796|p29,4
human3117|p1245,4
human2510|p37,4
human2532|p752,4
human2536|p735,4
human3234|p685,4
human3235|p688,4
human3357|p208,4
human519|p935,4
human551|p1893,4
human925|p1071,4
human986|p884,4
human988|p882,4
human2987|p510,4
human3041|p536,4
human3080|p709,4
human3137|p1133,4
human3183|p940,4
human1065|p2263,4
human241|p1574,4
human2995|p1292,4
human2998|p1291,4
human3120|p1187,4
human3614|p293,4
human3611|p255,4
human2062|p1264,4
human2065|p1201,4
human2229|p2233,4
human2233|p2277,4
human788|p1151,4
human882|p1742,4
human142|p244,4
human1271|p195,4
human1274|p194,4
human1434|p1123,4
human3612|p2416,4
human3613|p2215,4
human992|p377,4
human993|p377,4
human994|p377,4
human3428|p1185,4
human2274|p15,4
human3127|p3463,4
human236|p419,4
human3105|p542,4
human3106|p542,4
human3107|p541,4
human3437|p1378,4
human59|p2652,4
human1049|p3426,4
human3445|p746,4
human3446|p746,4
human2944|p2720,4
human2954|p2213,4
human82|p164,4
human286|p1094,4
human523|p214,4
human953|p2241,4
human962|p1722,4
human1020|p2076,4
human3132|p863,4
human3241|p2110,4
human3342|p2453,4
human981|p1509,4
human1058|p2597,4
human3091|p1783,4
human3114|p451,4
human3247|p2558,4
human1057|p3439,4
human286|p2358,4
human3612|p2155,4
human1012|p2324,4
human218|p530,4
human3357|p2247,4
human2715|p733,4
human972|p1141,4
human974|p1141,4
human3037|p1264,4
human3039|p1265,4
human3156|p330,4
human3172|p14,4
human3296|p390,4
human3299|p390,4
human3413|p1455,4
human794|p3615,4
human3459|p156,4
human1123|p609,4
human1130|p609,4
human1669|p732,4
human2949|p614,4
human2955|p614,4
human2973|p399,4
human3719|p1790,4
human2784|p1048,4
human873|p1210,4
human1237|p983,4
human471|p1693,4
human1950|p1045,4
human2753|p1524,4
human1780|p1423,4
human1787|p1425,4
human1789|p1422,4
human3471|p1836,4
human3474|p1835,4
human3479|p2028,4
human3675|p1518,4
human2346|p2263,4
human2029|p1030,4
human1245|p125,4
human1252|p125,4
human2921|p126,4
human2923|p126,4
human2019|p2970,4
human2654|p36,4
human2659|p481,4
human267|p101,4
human349|p502,4
human492|p374,4
human1760|p236,4
human1764|p236,4
human1969|p239,4
human3495|p717,4
human3631|p217,4
human1121|p530,4
human1128|p531,4
human2726|p497,4
human2783|p281,4
human3633|p1189,4
human3634|p1169,4
human3636|p363,4
human2669|p73,4
human1142|p186,4
human1144|p186,4
human1668|p165,4
human1333|p123,4
human2249|p964,4
human24|p4608,4
human1181|p15,4
human1189|p447,4
human1728|p188,4
human1999|p882,4
human1920|p485,4
human2607|p27,4
human1321|p820,4
human1332|p820,4
human1339|p820,4
human1238|p536,4
human1248|p536,4
human1249|p535,4
human2032|p463,4
human2913|p381,4
human3102|p2107,4
human3104|p2109,4
human3161|p3084,4
human3162|p3085,4
human3347|p1470,4
human2307|p700,4
human2321|p699,4
human2322|p622,4
human2327|p622,4
human957|p1295,4
human959|p1295,4
human3054|p2887,4
human3057|p3161,4
human3136|p911,4
human3440|p1945,4
human3442|p1945,4
human2062|p2724,4
human2091|p1909,4
human2100|p1913,4
human1290|p357,4
human1701|p1242,4
human1701|p6194,4
human1704|p1241,4
human1979|p1819,4
human1981|p1744,4
human1987|p675,4
human1991|p1968,4
human2224|p274,4
human2225|p274,4
human2226|p274,4
human2288|p124,4
human2507|p841,4
human2514|p840,4
human307|p3655,4
human1219|p548,4
human1221|p548,4
human1223|p548,4
human3101|p2424,4
human2059|p862,4
human2061|p862,4
human2062|p2937,4
human997|p399,4
human1906|p1738,4
human3280|p2004,4
human1706|p1229,4
human2907|p432,4
human2174|p419,4
human2184|p419,4
human2196|p418,4
human1210|p614,4
human345|p971,4
human1286|p887,4
human1289|p889,4
human1733|p216,4
human2009|p664,4
human1779|p834,4
human1781|p1001,4
human922|p3028,4
human3012|p3467,4
human29|p3832,4
human2812|p449,4
human3565|p845,4
human983|p3185,4
human990|p3185,4
human3078|p325,4
human3079|p325,4
human3283|p1829,4
human3298|p354,4
human3313|p1898,4
human3314|p1901,4
human3365|p3750,4
human3389|p1122,4
human1240|p800,4
human1729|p1412,4
human1735|p1382,4
human2920|p409,4
human2914|p459,4
human28|p3242,4
human495|p1282,4
human1217|p4436,4
human1582|p2523,4
human2473|p1753,4
human2477|p1951,4
human2480|p1753,4
human2559|p618,4
human2562|p617,4
human2803|p820,4
human2811|p819,4
human3347|p3600,4
human1664|p394,4
human1932|p1145,4
human948|p5171,4
human1054|p737,4
human3038|p2480,4
human3045|p6101,4
human3282|p2946,4
human3358|p4288,4
human3431|p5349,4
human3454|p285,4
human3456|p2754,4
human3598|p3927,4
human1088|p401,4
human2384|p647,4
human3563|p352,4
human3564|p1357,4
human798|p3755,4
human1962|p1189,4
human1242|p596,4
human2917|p402,4
human915|p3170,4
human916|p3171,4
human1024|p89,4
human3007|p2841,4
human3322|p2410,4
human3402|p3195,4
human3403|p3196,4
human3603|p1884,4
human3604|p4849,4
human275|p603,4
human291|p3437,4
human307|p1592,4
human355|p3478,4
human427|p4501,4
human430|p1475,4
human447|p4380,4
human3784|p1269,4
human2013|p1228,4
human2018|p1222,4
human2996|p1605,4
human2997|p1612,4
human591|p2032,4
human760|p3928,4
human930|p315,4
human936|p315,4
human3463|p44,4
human1996|p592,4
human218|p3437,4
human452|p1394,4
human487|p4447,4
human952|p544,4
human954|p544,4
human3210|p1592,4
human3600|p4016,4
human3601|p3363,4
human3602|p503,4
human2330|p817,4
human2333|p814,4
human3458|p3570,4
human3478|p1231,4
human3680|p3392,4
human1666|p1055,4
human3203|p3066,4
human3206|p3066,4
human1793|p3006,4
human1805|p3007,4
human3291|p4532,4
human3300|p1501,4
human3301|p1501,4
human3302|p1497,4
human3229|p1980,4
human3230|p1978,4
human3257|p1791,4
human3258|p1793,4
human3369|p823,4
human3370|p827,4
human3599|p556,4
human3676|p364,4
human2031|p1071,4
human2044|p1073,4
human3128|p2618,4
human3338|p2615,4
human3348|p611,4
human3349|p612,4
human2491|p1415,4
human3184|p1798,4
human3186|p1798,4
human3515|p3703,4
human855|p1161,4
human3684|p3886,4
human144|p2847,4
human746|p797,4
human918|p3300,4
human947|p1202,4
human949|p1202,4
human950|p3576,4
human1002|p4441,4
human1003|p4440,4
human1005|p4388,4
human2087|p257,4
human3008|p1496,4
human3009|p1353,4
human3376|p1413,4
human3377|p1414,4
human3397|p2806,4
human3571|p1450,4
human3683|p3584,4
human3685|p4059,4
human3686|p695,4
human3687|p1789,4
human3688|p190,4
human3689|p328,4
human3690|p3547,4
human3691|p2944,4
human3692|p3012,4
human3693|p3325,4
human2946|p797,4
human2956|p800,4
human2969|p1271,4
human2983|p1270,4
human3516|p2657,4
human234|p323,4
human1137|p147,4
human1141|p131,4
human1150|p131,4
human1159|p131,4
human1620|p502,4
human2589|p149,4
human256|p2677,4
human91|p528,4
human398|p832,4
human762|p1732,4
human1359|p1858,4
human2924|p1724,4
human999|p671,4
human1000|p670,4
human1013|p3534,4
human1015|p3533,4
human2072|p3501,4
human3098|p310,4
human3099|p310,4
human3125|p4142,4
human3139|p2201,4
human3144|p2446,4
human3146|p2988,4
human3293|p3112,4
human917|p234,4
human920|p234,4
human1052|p1423,4
human1055|p1424,4
human3141|p1470,4
human3155|p1483,4
human3157|p1164,4
human3160|p2802,4
human3163|p2804,4
human3170|p2265,4
human3435|p2489,4
human3457|p1011,4
human3476|p2671,4
human30|p2063,4
human92|p2659,4
human98|p1975,4
human248|p2051,4
human272|p837,4
human488|p3641,4
human496|p2180,4
human561|p2835,4
human571|p1749,4
human579|p842,4
human1027|p1070,4
human1030|p1070,4
human1033|p1068,4
human1200|p582,4
human1992|p2134,4
human2002|p1505,4
human2012|p1505,4
human2015|p1505,4
human2479|p2006,4
human3303|p1720,4
human3305|p471,4
human3308|p471,4
human3346|p1408,4
human482|p40,4
human3472|p3844,4
human288|p1894,4
human1098|p2150,4
human2818|p2303,4
human1154|p1139,4
human1156|p1142,4
human3710|p1309,4
human1040|p187,4
human3407|p187,4
human2206|p931,4
human250|p641,4
human3218|p687,4
human2672|p1308,4
human2005|p4292,4
human2014|p3978,4
human2022|p272,4
human3310|p724,4
human3311|p724,4
human1355|p1489,4
human807|p986,4
human956|p4422,4
human958|p4484,4
human3055|p4247,4
human3059|p4127,4
human3367|p2217,4
human3368|p2216,4
human3372|p2438,4
human3427|p3142,4
human3646|p2701,4
human341|p2520,4
human3782|p145,4
human3129|p2153,4
human3130|p2153,4
human213|p111,4
human1073|p1326,4
human1746|p1298,4
human1665|p432,4
human2118|p2990,4
human2122|p2995,4
human2129|p3123,4
human3424|p1023,4
human3485|p936,4
human2215|p731,4
human2221|p731,4
human3046|p2498,4
human3467|p1117,4
human3273|p981,4
human1214|p84,4
human2098|p1261,4
human2102|p1166,4
human1482|p2591,4
human1487|p2919,4
human1175|p394,4
human1954|p1311,4
human2312|p578,4
human2566|p491,4
human2567|p491,4
human2652|p88,4
human2655|p88,4
human2666|p573,4
human1226|p190,4
human3486|p141,4
human3487|p83,4
human3489|p76,4
human3491|p312,4
human3492|p1625,4
human1900|p2400,4
human249|p2268,4
human2931|p1316,4
human3123|p3358,4
human908|p155,4
human3152|p1357,4
human966|p837,4
human2679|p237,4
human1955|p1161,4
human800|p1416,4
human2775|p1934,4
human991|p965,4
human996|p796,4
human1046|p764,4
human3135|p1182,4
human3386|p302,4
human3449|p2376,4
human1203|p932,4
human1213|p1301,4
human289|p390,4
human2836|p145,4
human868|p1151,4
human589|p1177,4
human3036|p3857,4
human3411|p499,4
human828|p921,4
human3488|p1342,4
human3490|p1534,4
human3393|p434,4
human753|p1318,4
human861|p930,4
human1382|p579,4
human1385|p580,4
human3010|p1629,4
human3011|p1629,4
human3040|p199,4
human3242|p9,4
human3246|p4372,4
human3373|p5688,4
human3462|p2402,4
human511|p521,4
human1967|p1464,4
human3337|p787,4
human1581|p2229,4
human3108|p1635,4
human3109|p1636,4
human2074|p1335,4
human2075|p1337,4
human2079|p1336,4
human819|p1329,4
human791|p927,4
human899|p1393,4
human900|p1635,4
human2400|p1325,4
human1011|p5503,4
human964|p971,4
human965|p972,4
human977|p177,4
human3062|p1952,4
human3077|p176,4
human3178|p1394,4
human3195|p2237,4
human3390|p1985,4
human3395|p841,4
human3396|p841,4
human3420|p555,4
human3422|p1179,4
human3434|p1595,4
human1025|p2991,4
human3166|p3289,4
human3167|p2131,4
human3344|p2686,4
human3382|p183,4
human3384|p183,4
human2706|p1510,4
human723|p2272,4
human1001|p358,4
human1004|p357,4
human1016|p1574,4
human3043|p1390,4
human3174|p1275,4
human3175|p1275,4
human3332|p1100,4
human3360|p2000,4
human3362|p1998,4
human3112|p5031,4
human3145|p3263,4
human3073|p3714,4
human3076|p3424,4
human3150|p4426,4
human3741|p328,4
human1643|p1222,4
human2083|p1163,4
human3484|p324,4
human2453|p202,4
human2472|p275,4
human2474|p224,4
human2999|p1339,4
human3002|p42,4
human3050|p1528,4
human3100|p1710,4
human3103|p1709,4
human3219|p101,4
human3287|p797,4
human3430|p500,4
human841|p159,4
human435|p2942,4
human1986|p2023,4
human2147|p303,4
human2778|p140,4
human2779|p129,4
human1014|p550,4
human1017|p550,4
human1018|p549,4
human3131|p1026,4
human3138|p350,4
human3140|p350,4
human3148|p780,4
human3149|p780,4
human2237|p88,4
human1035|p572,4
human3151|p299,4
human728|p1651,4
human2285|p1379,4
human622|p13,4
human2419|p908,4
human1019|p344,4
human1578|p1732,4
human1580|p1152,4
human3213|p345,4
human3214|p345,4
human3225|p265,4
human3275|p320,4
human3277|p320,4
human3048|p1916,4
human3113|p188,4
human792|p409,4
human898|p305,4
human901|p149,4
human1131|p1509,4
human254|p1361,4
human863|p1047,4
human1822|p183,4
human258|p1572,4
human2699|p722,4
human752|p1195,4
human871|p1177,4
human875|p1237,4
human3493|p173,4
human3494|p1426,4
human379|p1219,4
human1260|p1303,4
human2911|p384,4
human2912|p384,4
human2318|p300,4
human847|p338,4
human850|p666,4
human1208|p787,4
human1215|p787,4
human2611|p767,4
human776|p508,4
human1415|p1883,4
human1943|p1260,4
human1944|p1310,4
human2140|p700,4
human2172|p1244,4
human2185|p1110,4
human2943|p1271,4
human2968|p1112,4
human2979|p1073,4
human3232|p1006,4
human3329|p1970,4
human501|p535,4
human1703|p2808,4
human812|p754,4
human2097|p566,4
human2095|p1821,4
human2085|p1006,4
human3318|p1203,4
human3385|p1421,4
human1152|p514,4
human1158|p514,4
human2040|p97,4
human2610|p1326,4
human2626|p1326,4
human2179|p2169,4
human2186|p2148,4
human2200|p2109,4
human2353|p1164,4
human1743|p353,4
human2785|p804,4
human2789|p759,4
human3231|p211,4
human2565|p1131,4
human1306|p1236,4
human2508|p1052,4
human2518|p1048,4
human2842|p791,4
human2950|p699,4
human2958|p698,4
human2977|p838,4
human2985|p838,4
human2546|p868,4
human2457|p327,4
human2465|p327,4
human2036|p546,4
human2039|p546,4
human2440|p2320,4
human3185|p1087,4
human3187|p1086,4
human3319|p1041,4
human3320|p1041,4
human3321|p1039,4
human3432|p144,4
human797|p895,4
human78|p1237,4
human305|p77,4
human2463|p1222,4
human3653|p1811,4
human1951|p922,4
human2928|p1114,4
human1627|p1246,4
human279|p645,4
human825|p1637,4
human1087|p590,4
human2027|p1450,4
human107|p17,4
human325|p2585,4
human1032|p1169,4
human3336|p436,4
human3654|p327,4
human826|p1995,4
human1902|p798,4
human1147|p1510,4
human2588|p1412,4
human2641|p811,4
human1797|p779,4
human1813|p773,4
human2592|p1259,4
human3606|p1611,4
human1166|p1103,4
human2452|p674,4
human2202|p1146,4
human2429|p1160,4
human2432|p1135,4
human2478|p4033,4
human2490|p1198,4
human2500|p1194,4
human2680|p1138,4
human2843|p996,4
human2844|p994,4
human771|p409,4
human1632|p2033,4
human2497|p1959,4
human2824|p2130,4
human2901|p1981,4
human3605|p1932,4
human1776|p1228,4
human2533|p1758,4
human1075|p387,4
human1076|p387,4
human2685|p177,4
human698|p1544,4
human1977|p824,4
human2581|p818,4
human1246|p582,4
human1251|p540,4
human632|p919,4
human3732|p1025,4
human3072|p539,4
human1244|p1268,4
human2025|p1706,4
human1236|p289,4
human1247|p289,4
human1933|p471,4
human2010|p507,4
human2016|p507,4
human2915|p936,4
human1315|p1172,4
human1316|p1048,4
human2512|p291,4
human2520|p290,4
human2537|p871,4
human3656|p1751,4
human1143|p1708,4
human1149|p465,4
human1163|p467,4
human2805|p97,4
human2662|p1548,4
human2668|p1701,4
human2673|p1353,4
human2475|p1094,4
human2927|p126,4
human77|p1061,4
human3189|p640,4
human3190|p640,4
human3192|p1174,4
human3193|p1175,4
human2211|p2262,4
human1799|p810,4
human985|p280,4
human995|p128,4
human3047|p128,4
human3088|p1361,4
human3122|p970,4
human3262|p845,4
human3265|p845,4
human3269|p526,4
human3312|p194,4
human3394|p249,4
human975|p488,4
human978|p490,4
human3067|p3460,4
human3188|p3518,4
human2687|p347,4
human3388|p1236,4
human3211|p875,4
human3016|p3766,4
human36|p78,4
human220|p1885,4
human3577|p489,4
human3126|p97,4
human3200|p537,4
human3421|p266,4
human3425|p266,4
human1187|p38,4
human1188|p38,4
human2656|p2011,4
human2676|p1758,4
human2905|p534,4
human3260|p652,4
human3261|p1149,4
human3267|p1461,4
human3304|p1076,4
human3309|p34,4
human1216|p1791,4
human2618|p2212,4
human2627|p2211,4
human1202|p650,4
human1206|p651,4
human2787|p842,4
human2792|p841,4
human1816|p326,4
human2649|p1610,4
human1314|p1323,4
human1318|p1347,4
human2239|p1500,4
human2243|p1485,4
human2526|p411,4
human2597|p987,4
human3651|p848,4
human3404|p2573,4
human2550|p854,4
human2825|p441,4
human2838|p441,4
human2939|p962,4
human2970|p714,4
human2981|p715,4
human3256|p98,4
human836|p837,4
human3323|p1086,4
human3325|p1271,4
human567|p2431,4
human1971|p739,4
human2582|p1128,4
human2461|p473,4
human1174|p206,4
human1193|p755,4
human3576|p1657,4
human1028|p394,4
human3345|p972,4
human1074|p619,4
human1081|p612,4
human1349|p1228,4
human3179|p797,4
human3181|p804,4
human695|p1513,4
human700|p956,4
human2254|p823,4
human2992|p712,4
human2462|p798,4
human1732|p1162,4
human1734|p1163,4
human708|p571,4
human1326|p126,4
human1940|p188,4
human3580|p27,4
human3742|p361,4
human3743|p1105,4
human789|p96,4
human2568|p588,4
human3657|p1055,4
human3658|p2281,4
human3659|p658,4
human3285|p632,4
human348|p536,4
human2302|p1192,4
human233|p1557,4
human3266|p866,4
human3379|p921,4
human3574|p315,4
human3581|p981,4
human3583|p265,4
human3585|p792,4
human821|p507,4
human1947|p1641,4
human3650|p991,4
human1284|p599,4
human1022|p736,4
human1023|p736,4
human1125|p526,4
human1266|p808,4
human3204|p1564,4
human3366|p500,4
human3579|p1044,4
human3584|p709,4
human3586|p50,4
human2694|p760,4
human2707|p2742,4
human2028|p401,4
human3697|p1997,4
human3292|p1361,4
human1937|p942,4
human3607|p731,4
human3575|p1246,4
human3578|p828,4
human593|p1607,4
human1831|p1451,4
human3182|p2278,4
human2786|p733,4
human3664|p2550,4
human2309|p1008,4
human951|p723,4
human1235|p613,4
human2218|p651,4
human905|p471,4
human2431|p588,4
human2548|p243,4
human2549|p243,4
human2561|p100,4
human3350|p1017,4
human2645|p615,4
human2616|p1233,4
human3587|p1355,4
human945|p152,4
human3180|p1800,4
human704|p2406,4
human1048|p376,4
human3004|p400,4
human3111|p1766,4
human3197|p1170,4
human3202|p533,4
human3708|p1795,4
human706|p1278,4
human743|p1294,4
human747|p1649,4
human919|p368,4
human944|p420,4
human3035|p326,4
human3694|p2313,4
human3695|p750,4
human3696|p2367,4
human3661|p1309,4
human2212|p1065,4
human2220|p979,4
human3702|p1292,4
human3703|p1323,4
human2819|p1051,4
human3569|p369,4
human1348|p1922,4
human3795|p1693,4
human2248|p1051,4
human2947|p519,4
human2960|p517,4
human2972|p549,4
human2986|p550,4
human2622|p1184,4
human790|p2280,4
human1062|p1784,4
human3290|p1744,4
human2086|p2138,4
human2103|p2032,4
human199|p1493,4
human219|p2131,4
human691|p605,4
human1167|p534,4
human1711|p102,4
human1790|p26,4
human3700|p1699,4
human3701|p852,4
human3660|p1352,4
human3791|p841,4
human3655|p1645,4
human3666|p859,4
human1135|p689,4
human1140|p1149,4
human1766|p1776,4
human1771|p1774,4
human1775|p1784,4
human2166|p1360,4
human2308|p719,4
human2574|p661,4
human2595|p1127,4
human2747|p918,4
human2910|p864,4
human3667|p1581,4
human3792|p419,4
human2664|p455,4
human3276|p1604,4
human3665|p343,4
human3668|p1425,4
human3663|p470,4
human3568|p142,4
human3451|p1589,4
human3208|p1442,4
human3429|p4007,4
human2420|p124,4
human2421|p123,4
human2422|p154,4
human2424|p154,4
human2199|p831,4
human586|p514,4
human491|p539,4
human592|p506,4
human2049|p282,4
human2053|p354,4
human2731|p1548,4
human3567|p1069,4
human2003|p1385,4
human3400|p4259,4
human34|p2038,4
human3566|p1763,4
human3164|p263,4
human3168|p720,4
human3171|p721,4
human3793|p1668,4
human1930|p1131,4
human1931|p1036,4
human350|p321,4
human1186|p295,4
human2570|p119,4
human1595|p882,4
human1671|p341,4
human416|p718,4
human1006|p354,4
human1008|p354,4
human3060|p983,4
human3095|p268,4
human3119|p557,4
human3238|p266,4
human3391|p39,4
human2612|p2498,4
human3572|p1232,4
human3796|p493,4
human2835|p516,4
human49|p946,4
human1199|p148,4
human1180|p881,4
human1195|p1558,4
human2513|p1320,4
human2517|p1224,4
human3051|p797,4
human3052|p797,4
human1345|p1347,4
human2689|p1010,4
human3797|p641,4
human1749|p299,4
human2256|p1041,4
human2444|p1531,4
human2445|p1532,4
human2904|p612,4
human215|p1087,4
human257|p2000,4
human265|p2364,4
human641|p266,4
human1136|p1370,4
human2447|p967,4
human2469|p980,4
human931|p475,4
human940|p476,4
human1921|p456,4
human2057|p1628,4
human2572|p1511,4
human2613|p1700,4
human2628|p1700,4
human2630|p1559,4
human2632|p1559,4
human2633|p1559,4
human2634|p1633,4
human2635|p1633,4
human2816|p415,4
human831|p164,4
human843|p1382,4
human3000|p4281,4
human3014|p4202,4
human3025|p4214,4
human3030|p3754,4
human3044|p3773,4
human3069|p4128,4
human3248|p2707,4
human2275|p2509,4
human2276|p2507,4
human3359|p580,4
human3374|p197,4
human3704|p157,4
human3699|p1487,4
human15|p1243,4
human106|p444,4
human217|p1426,4
human451|p1173,4
human688|p391,4
human961|p945,4
human1096|p1946,4
human1480|p1252,4
human3698|p2628,4
human3165|p2203,4
human3201|p4363,4
human3212|p3122,4
human3215|p3120,4
human3418|p2391,4
human1842|p444,4
human3092|p2411,4
human3094|p2412,4
human3159|p338,4
human1053|p860,4
human1056|p859,4
human3669|p405,4
human2252|p182,4
human1148|p1604,4
human1|p107,4
human2338|p254,4
human3199|p303,4
human3444|p625,4
human3705|p800,4
human764|p915,4
human769|p1109,4
human808|p1475,4
human859|p998,4
human3706|p1416,4
human3707|p426,4
human3378|p194,4
human83|p568,4
human701|p906,4
human1963|p392,4
human1965|p393,4
human1968|p392,4
human793|p2873,4
human1185|p1455,4
human2222|p823,4
human2055|p113,4
human231|p481,4
human1320|p3827,4
human2152|p3271,4
human3674|p836,4
human1936|p236,4
human1938|p236,4
human2077|p1244,4
human2468|p400,4
human2058|p499,4
human879|p43,4
human1960|p1432,4
human1160|p176,4
human2455|p1191,4
human3670|p2798,4
human3672|p1676,4
human2460|p1971,4
human2466|p1790,4
human1778|p881,4
human1071|p22,4
human2177|p1022,4
human3093|p384,4
human2349|p274,4
human2089|p2268,4
human2459|p1604,4
human2575|p602,4
human2579|p603,4
human2030|p1247,4
human1794|p863,4
human347|p2025,4
human3652|p1554,4
human3673|p1881,4
human45|p2302,4
human3671|p386,4
human1179|p102,4
human1324|p1536,4
human1340|p1536,4
human1949|p1234,4
human2827|p713,4
human2833|p713,4
human2942|p1098,4
human2976|p501,4
human1209|p2543,4
human3570|p1229,4
human1357|p617,4
human1754|p218,4
human1763|p218,4
human2615|p843,4
human2623|p613,4
human304|p1270,4
human1287|p174,4
human2169|p775,4
human2170|p775,4
human1985|p634,4
human2314|p1548,4
human2323|p1282,4
human2325|p1271,4
human2306|p1555,4
human3496|p841,4
human2795|p517,4
human2167|p997,4
human1369|p1392,4
human2814|p564,4
human3798|p1429,4
human1241|p1175,4
human1250|p1176,4
human2916|p404,4
human1984|p766,4
human2745|p1122,4
human2822|p472,4
human1155|p449,4
human1161|p449,4
human1322|p135,4
human1942|p1030,4
human38|p272,4
human2722|p954,4
human2492|p459,4
human1783|p1124,4
human2443|p140,4
human1176|p203,4
human1183|p204,4
human1192|p733,4
human1197|p733,4
human2496|p1214,4
human1959|p1370,4
human2640|p1727,4
human143|p183,4
human2765|p2530,4
human2802|p3780,4
human814|p96,4
human2109|p600,4
human2213|p1383,4
human1925|p427,4
human1800|p108,4
human1983|p1129,4
human565|p510,4
human2144|p1009,4
human2145|p1008,4
human80|p317,4
human2217|p294,4
human2219|p294,4
human2606|p91,4
human594|p928,4
human287|p1003,4
human1110|p150,4
human1114|p149,4
human1122|p237,4
human1133|p1063,4
human1201|p921,4
human1205|p837,4
human1207|p921,4
human1211|p842,4
human1383|p2,4
human1388|p2008,4
human1389|p1893,4
human1970|p711,4
human1974|p713,4
human1978|p643,4
human2289|p1620,4
human2290|p1657,4
human2291|p1597,4
human2298|p1442,4
human2301|p1350,4
human2310|p1446,4
human2315|p1403,4
human2719|p519,4
human2720|p516,4
human3638|p163,4
human2503|p944,4
human300|p1642,4
human1700|p21,4
human1700|p2460,4
human26|p944,4
human1659|p1238,4
human2482|p852,4
human343|p859,4
human1618|p502,4
human2208|p680,4
human2730|p610,4
human3608|p792,4
human1650|p698,4
human1651|p698,4
human2741|p803,4
human3180|p2706,4
human1204|p1299,4
human1935|p1042,4
human2097|p1802,4
human2820|p607,4
human2033|p245,4
human2043|p245,4
human3733|p335,4
human2451|p1100,4
human2464|p1099,4
human2458|p573,4
human2304|p1283,4
human2313|p1650,4
human2092|p1388,4
human2311|p65,4
human2316|p65,4
human2576|p393,4
human2583|p393,4
human1371|p141,4
human1377|p710,4
human1381|p428,4
human1263|p318,4
human1707|p185,4
human1347|p70,4
human2761|p450,4
human3717|p1362,4
human3727|p157,4
human3711|p21,4
human3714|p776,4
human3716|p1005,4
human3724|p1469,4
human3022|p1254,4
human3722|p1164,4
human3723|p1262,4
human3725|p1314,4
human3726|p691,4
human3713|p1263,4
human516|p251,4
human3721|p1112,4
human3712|p1045,4
human588|p1332,4
human3728|p141,4
human3720|p438,4
human2411|p4470,4
human840|p1552,4
human3715|p1598,4
human2906|p156,4
human3414|p3897,4
human854|p1464,4
human1042|p2395,4
human1113|p5833,4
human2450|p1548,4
human1901|p1763,4
human1903|p2373,4
human3809|p903,4
human1663|p1030,4
human1681|p1011,4
human1064|p1095,4
human275|p4274,4
human291|p4094,4
human447|p4795,4
human3784|p4217,4
human2769|p2692,4
human697|p2205,4
human2247|p2581,4
human2255|p2182,4
human877|p2587,4
human2499|p1983,4
human42|p1483,4
human1712|p2285,4
human1713|p2118,4
human1818|p4570,4
human3437|p2481,4
human1138|p1167,4
human1021|p2016,4
human2142|p1960,4
human2150|p2084,4
human2154|p2725,4
human2159|p2068,4
human2164|p2066,4
human3216|p1513,4
human3217|p1902,4
human3223|p1615,4
human3226|p1769,4
human1736|p1087,4
human0|p412,5
human264|p289,5
human623|p824,5
human3525|p463,5
human3198|p582,5
human3524|p1679,5
human3526|p1470,5
human921|p1226,5
human2439|p584,5
human811|p285,5
human3527|p2282,5
human1145|p698,5
human3121|p2020,5
human2134|p2216,5
human1009|p1556,5
human699|p1522,5
human3544|p102,5
human268|p615,5
human2197|p1277,5
human1063|p1418,5
human722|p617,5
human3523|p272,5
human2|p1507,5
human880|p1327,5
human3744|p487,5
human803|p2182,5
human585|p1420,5
human3521|p106,5
human3754|p1949,5
human3758|p243,5
human3759|p1601,5
human3518|p1216,5
human3745|p506,5
human3746|p561,5
human3747|p1335,5
human3749|p2078,5
human3751|p1013,5
human3549|p2183,5
human3748|p66,5
human3753|p1302,5
human524|p229,5
human927|p442,5
human928|p442,5
human3019|p440,5
human3520|p833,5
human3551|p2119,5
human3755|p896,5
human545|p506,5
human3757|p1979,5
human3522|p764,5
human3756|p1712,5
human3519|p457,5
human3750|p1057,5
human3752|p2275,5
human494|p2116,5
human454|p1038,5
human619|p2169,5
human683|p176,5
human3550|p881,5
human3547|p424,5
human402|p283,5
human3545|p1071,5
human3548|p581,5
human2189|p2051,5
human705|p1564,5
human745|p271,5
human712|p99,5
human774|p1427,5
human845|p2115,5
human1927|p578,5
human2521|p1864,5
human521|p1701,5
human809|p46,5
human1662|p367,5
human1809|p1668,5
human867|p2153,5
human2519|p1390,5
human1708|p746,5
human1712|p2276,5
human1713|p2112,5
human33|p2237,5
human418|p288,5
human413|p280,5
human1907|p1475,5
human2449|p1414,5
human2683|p174,5
human2929|p489,5
human2936|p489,5
human2937|p488,5
human2948|p522,5
human2965|p510,5
human2967|p509,5
human354|p1840,5
human2408|p592,5
human2527|p785,5
human2543|p1210,5
human2658|p1198,5
human2663|p1190,5
human2670|p1433,5
human200|p397,5
human904|p1339,5
human2155|p560,5
human2569|p262,5
human2146|p1837,5
human1730|p1374,5
human896|p153,5
human465|p2362,5
human2324|p759,5
human2326|p712,5
human2334|p205,5
human2675|p1383,5
human1928|p845,5
human1222|p796,5
human2204|p1272,5
human720|p530,5
human1344|p1235,5
human1351|p731,5
human1353|p730,5
human1705|p1271,5
human1710|p1275,5
human1341|p497,5
human259|p1330,5
human1047|p1047,5
human3433|p2082,5
human1375|p1817,5
human31|p206,5
human1642|p1094,5
human42|p774,5
human721|p118,5
human2287|p1622,5
human2433|p928,5
human2434|p1019,5
human2704|p60,5
human2535|p1978,5
human895|p1273,5
human2554|p220,5
human2262|p255,5
human2940|p2615,5
human2952|p2485,5
human2959|p2416,5
human2978|p1164,5
human857|p824,5
human1652|p644,5
human1660|p309,5
human2207|p350,5
human2406|p252,5
human2238|p271,5
human90|p1363,5
human1126|p1289,5
human2180|p1159,5
human696|p946,5
human1068|p1983,5
human1069|p2265,5
human1173|p1112,5
human2416|p1622,5
human2428|p1636,5
human852|p684,5
human860|p1360,5
human732|p366,5
human888|p1788,5
human890|p1600,5
human907|p783,5
human1262|p1959,5
human1995|p1904,5
human846|p846,5
human2423|p2223,5
human3024|p647,5
human12|p510,5
human404|p238,5
human1060|p1677,5
human1061|p1939,5
human2023|p1875,5
human2750|p652,5
human3278|p1111,5
human3452|p1996,5
human729|p1876,5
human2198|p765,5
human2522|p827,5
human2534|p814,5
human2437|p722,5
human813|p1672,5
human829|p1277,5
human870|p1541,5
human2020|p102,5
human775|p1966,5
human892|p1233,5
human711|p554,5
human320|p771,5
human134|p1107,5
human221|p1025,5
human1066|p369,5
human1628|p1123,5
human1644|p1124,5
human2096|p922,5
human2629|p1173,5
human1957|p1236,5
human1972|p1416,5
human3774|p1547,5
human2821|p1912,5
human510|p536,5
human2006|p1760,5
human1941|p699,5
human295|p4693,5
human470|p2260,5
human214|p2226,5
human1585|p2175,5
human1593|p2335,5
human2251|p344,5
human37|p2288,5
human251|p1365,5
human2099|p306,5
human2101|p306,5
human68|p1266,5
human1441|p789,5
human2114|p339,5
human2377|p516,5
human2989|p722,5
human2993|p1497,5
human493|p2245,5
human770|p440,5
human2258|p2147,5
human2328|p704,5
human3003|p1906,5
human3023|p740,5
human3268|p778,5
human3271|p783,5
human3272|p778,5
human3284|p1123,5
human1913|p2444,5
human2653|p1750,5
human2665|p1329,5
human2677|p1989,5
human3781|p2269,5
human2081|p703,5
human2082|p702,5
human2139|p364,5
human1533|p790,5
human1575|p1065,5
human46|p1508,5
human1657|p12,5
human1724|p727,5
human1811|p233,5
human2110|p443,5
human2502|p706,5
human2531|p969,5
human2644|p455,5
human2688|p39,5
human2748|p460,5
human2754|p827,5
human3419|p31,5
human3681|p427,5
human485|p1583,5
human393|p59,5
human1269|p2638,5
human1273|p2553,5
human1281|p1809,5
human2143|p102,5
human25|p920,5
human2112|p1136,5
human2120|p1068,5
human2121|p2661,5
human2125|p2171,5
human2556|p2036,5
human2278|p2823,5
human2280|p2785,5
human139|p550,5
human1624|p209,5
human1625|p209,5
human1626|p209,5
human1745|p863,5
human1750|p112,5
human2339|p876,5
human2348|p877,5
human2908|p712,5
human2975|p1359,5
human3682|p1273,5
human1177|p306,5
human1190|p233,5
human737|p2179,5
human740|p417,5
human751|p1872,5
human1391|p645,5
human1406|p647,5
human1430|p1085,5
human1527|p1217,5
human1850|p2052,5
human1857|p890,5
human1865|p891,5
human1868|p890,5
human1883|p1227,5
human833|p144,5
human842|p1348,5
human2126|p901,5
human2799|p1629,5
human2696|p1689,5
human2768|p1745,5
human2898|p2039,5
human133|p1281,5
human477|p2294,5
human878|p1918,5
human1178|p37,5
human1191|p2453,5
human1196|p2446,5
human1198|p2301,5
human1399|p969,5
human1424|p2095,5
human1934|p712,5
human344|p728,5
human804|p1033,5
human806|p1601,5
human3191|p679,5
human3194|p712,5
human3196|p361,5
human3328|p472,5
human3340|p1061,5
human929|p694,5
human3031|p433,5
human280|p2196,5
human360|p764,5
human461|p1096,5
human618|p674,5
human963|p561,5
human967|p561,5
human984|p1129,5
human989|p1130,5
human3061|p462,5
human3243|p1061,5
human549|p1302,5
human11|p206,5
human1496|p2130,5
human3110|p1567,5
human2713|p252,5
human1254|p1867,5
human1676|p1340,5
human1699|p1533,5
human194|p1630,5
human1924|p873,5
human1926|p1181,5
human47|p6,5
human1739|p152,5
human2660|p614,5
human340|p215,5
human1993|p856,5
human2511|p2389,5
human2515|p2356,5
human2933|p708,5
human3306|p490,5
human3307|p490,5
human2194|p2010,5
human2751|p1679,5
human2760|p1000,5
human2528|p2617,5
human2777|p1762,5
human89|p2483,5
human2292|p1655,5
human498|p2259,5
human1819|p357,5
human3286|p431,5
human3288|p431,5
human2467|p777,5
human2678|p1148,5
human1380|p2990,5
human2073|p588,5
human2076|p589,5
human422|p319,5
human1111|p1127,5
human1119|p1077,5
human1948|p2408,5
human2560|p40,5
human1182|p492,5
human1184|p485,5
human1370|p1488,5
human3460|p1553,5
human3461|p1565,5
human2413|p1156,5
human865|p21,5
human869|p1437,5
human2636|p2038,5
human2734|p1808,5
human2739|p1641,5
human2755|p1632,5
human2767|p1428,5
human2770|p1477,5
human2667|p1903,5
human2781|p53,5
human2674|p1496,5
human1072|p803,5
human2941|p1671,5
human1376|p456,5
human2826|p2084,5
human2837|p1911,5
human1657|p2364,5
human473|p1822,5
human3236|p298,5
human3237|p19,5
human3239|p19,5
human3354|p458,5
human3356|p458,5
human2234|p765,5
human247|p157,5
human1146|p369,5
human1325|p1815,5
human1755|p1411,5
human2733|p224,5
human2738|p224,5
human2759|p1629,5
human2766|p1629,5
human2774|p1629,5
human2261|p897,5
human3482|p956,5
human183|p4194,5
human717|p720,5
human693|p82,5
human874|p1275,5
human1714|p146,5
human1908|p295,5
human2241|p298,5
human3558|p413,5
human3559|p188,5
human3560|p302,5
human3561|p985,5
human2084|p157,5
human2820|p9,5
human766|p930,5
human2771|p712,5
human274|p268,5
human1902|p1313,5
human2794|p242,5
human2798|p1514,5
human2938|p1603,5
human1755|p811,5
human2619|p881,5
human3711|p410,5
human3712|p834,5
human736|p715,5
human749|p1015,5
human777|p1726,5
human1070|p202,5
human1641|p565,5
human2587|p1274,5
human516|p664,5
human588|p1432,5
human1019|p406,5
human1035|p218,5
human1578|p5,5
human1580|p1317,5
human2153|p4735,5
human3151|p1135,5
human3213|p567,5
human3214|p567,5
human3225|p577,5
human3275|p531,5
human3277|p531,5
human3713|p373,5
human3715|p711,5
human3716|p1425,5
human3717|p1664,5
human3720|p555,5
human3721|p1268,5
human3722|p936,5
human3723|p299,5
human3724|p338,5
human3725|p887,5
human3726|p1104,5
human3727|p6132,5
human3728|p659,5
human942|p335,5
human942|p2637,5
human943|p335,5
human979|p1756,5
human982|p1591,5
human3034|p2205,5
human3173|p1724,5
human3176|p577,5
human3177|p579,5
human3221|p2199,5
human644|p427,5
human1014|p2325,5
human1017|p2308,5
human1018|p2139,5
human3138|p2225,5
human3140|p2066,5
human3148|p2235,5
human3149|p2102,5
human228|p1385,5
human1945|p1080,5
human77|p1415,5
human3189|p826,5
human3190|p826,5
human3192|p299,5
human3193|p299,5
human1382|p1039,5
human1385|p1041,5
human3714|p1879,5
human76|p43,5
human276|p1332,5
human674|p1425,5
human1504|p1987,5
human2651|p825,5
human3371|p457,5
human3553|p1468,5
human3554|p471,5
human3556|p1622,5
human1922|p511,5
human868|p581,5
human2435|p632,5
human2436|p632,5
human1124|p930,5
human1129|p930,5
human2672|p458,5
human723|p301,5
human1001|p216,5
human1004|p215,5
human1016|p931,5
human3043|p790,5
human3174|p841,5
human3175|p841,5
human3332|p946,5
human3360|p808,5
human3362|p808,5
human2784|p195,5
human1172|p493,5
human1264|p1571,5
human1384|p15,5
human1438|p1363,5
human1594|p1367,5
human1829|p922,5
human2107|p851,5
human2337|p60,5
human2158|p755,5
human2163|p755,5
human3566|p588,5
human3568|p427,5
human3569|p227,5
human1214|p1170,5
human491|p706,5
human2049|p686,5
human2053|p778,5
human2212|p686,5
human2220|p620,5
human2731|p1068,5
human864|p1904,5
human866|p1473,5
human2215|p1683,5
human2221|p1683,5
human592|p854,5
human1355|p702,5
human2996|p846,5
human2997|p850,5
human3567|p947,5
human1780|p375,5
human1787|p375,5
human1789|p375,5
human2341|p893,5
human511|p520,5
human2230|p1859,5
human2232|p1859,5
human3006|p2225,5
human3233|p519,5
human3259|p169,5
human3263|p1177,5
human3333|p1915,5
human3334|p1191,5
human3443|p436,5
human2098|p821,5
human2102|p821,5
human2405|p972,5
human3046|p2688,5
human267|p560,5
human349|p548,5
human492|p77,5
human1138|p274,5
human1142|p750,5
human1144|p750,5
human1245|p616,5
human1252|p616,5
human1668|p1165,5
human1760|p808,5
human1764|p807,5
human1969|p746,5
human2921|p731,5
human2923|p729,5
human1086|p529,5
human1089|p531,5
human1090|p529,5
human1092|p387,5
human2598|p380,5
human2617|p580,5
human2620|p581,5
human1236|p593,5
human1247|p594,5
human1933|p980,5
human2010|p416,5
human2016|p416,5
human2915|p237,5
human1213|p550,5
human1643|p820,5
human2083|p1086,5
human2237|p552,5
human3484|p1701,5
human2029|p341,5
human710|p545,5
human1323|p618,5
human1331|p618,5
human1338|p618,5
human2106|p401,5
human2108|p401,5
human2176|p137,5
human2187|p137,5
human2296|p1472,5
human2299|p1474,5
human3022|p1171,5
human282|p1112,5
human199|p813,5
human219|p1423,5
human691|p1704,5
human1167|p1365,5
human1711|p843,5
human1790|p1208,5
human3700|p580,5
human3701|p2190,5
human752|p1415,5
human871|p255,5
human875|p362,5
human2927|p128,5
human706|p204,5
human743|p1541,5
human747|p378,5
human919|p2080,5
human944|p1958,5
human1203|p977,5
human3035|p1790,5
human3318|p1317,5
human3385|p982,5
human3694|p2066,5
human3695|p2072,5
human3696|p905,5
human3697|p1459,5
human3621|p618,5
human359|p1774,5
human3466|p1337,5
human3643|p431,5
human1053|p1106,5
human1056|p1104,5
human2440|p2096,5
human3185|p702,5
human3187|p701,5
human3319|p651,5
human3320|p651,5
human3321|p650,5
human3432|p1743,5
human3444|p1193,5
human3705|p743,5
human1238|p700,5
human1248|p700,5
human1249|p699,5
human1999|p26,5
human2032|p484,5
human2913|p88,5
human215|p1399,5
human257|p809,5
human265|p1769,5
human641|p439,5
human1136|p2388,5
human3051|p974,5
human3052|p974,5
human330|p838,5
human3473|p1374,5
human701|p1140,5
human792|p957,5
human898|p789,5
human901|p518,5
human1291|p84,5
human3232|p1462,5
human3329|p736,5
human3702|p465,5
human3703|p1939,5
human2148|p1335,5
human15|p1542,5
human83|p697,5
human106|p1436,5
human217|p1768,5
human451|p1629,5
human688|p1865,5
human961|p1706,5
human1096|p1790,5
human1480|p1480,5
human3698|p2415,5
human3699|p1869,5
human1951|p1555,5
human1743|p1176,5
human1923|p882,5
human847|p209,5
human850|p1159,5
human1822|p1858,5
human107|p2753,5
human325|p541,5
human2928|p344,5
human3231|p1709,5
human2570|p676,5
human2174|p1709,5
human2184|p1707,5
human2196|p1706,5
human733|p703,5
human3632|p556,5
human305|p861,5
human2057|p1100,5
human2318|p1698,5
human2508|p612,5
human2518|p608,5
human2572|p1799,5
human2613|p1547,5
human2628|p1547,5
human2630|p1908,5
human2632|p1908,5
human2633|p1908,5
human2634|p1451,5
human2635|p1451,5
human2816|p2140,5
human2842|p1286,5
human2950|p920,5
human2958|p917,5
human2977|p482,5
human2985|p482,5
human2830|p1545,5
human596|p639,5
human1950|p62,5
human3441|p944,5
human1325|p2056,5
human863|p666,5
human2953|p233,5
human2982|p79,5
human3290|p1559,5
human3704|p1100,5
human2091|p1178,5
human2100|p1181,5
human2607|p295,5
human3633|p520,5
human985|p1306,5
human995|p1952,5
human1032|p50,5
human1202|p2294,5
human1206|p2216,5
human1343|p960,5
human2787|p1152,5
human2792|p1151,5
human3047|p1700,5
human3088|p1592,5
human3122|p1607,5
human3262|p2035,5
human3265|p1970,5
human3269|p1714,5
human3312|p1776,5
human3323|p1639,5
human3325|p1583,5
human3336|p13,5
human3359|p1099,5
human3374|p1885,5
human3378|p1485,5
human3394|p2159,5
human3468|p1731,5
human86|p1165,5
human834|p1545,5
human837|p1121,5
human1121|p598,5
human1128|p599,5
human1333|p305,5
human1728|p73,5
human1920|p86,5
human2726|p389,5
human2839|p1055,5
human3631|p1282,5
human3634|p936,5
human3636|p1087,5
human3642|p1110,5
human482|p1661,5
human1040|p1205,5
human3072|p1166,5
human3218|p1285,5
human3407|p1402,5
human1784|p1209,5
human2749|p706,5
human2783|p51,5
human3640|p961,5
human3641|p105,5
human2723|p1494,5
human2725|p1493,5
human2729|p53,5
human2951|p220,5
human2980|p385,5
human2302|p494,5
human3786|p916,5
human258|p945,5
human698|p410,5
human1166|p919,5
human1627|p1533,5
human2699|p1386,5
human3208|p1790,5
human1220|p1006,5
human1224|p1007,5
human753|p409,5
human791|p738,5
human836|p378,5
human861|p1406,5
human899|p2092,5
human900|p230,5
human2568|p2122,5
human277|p1543,5
human578|p332,5
human2105|p1114,5
human2842|p702,5
human3414|p3575,5
human931|p1962,5
human940|p1960,5
human1006|p2138,5
human1008|p2139,5
human1175|p1062,5
human1954|p365,5
human2312|p983,5
human2566|p850,5
human2567|p850,5
human2652|p643,5
human2655|p589,5
human2666|p773,5
human2786|p266,5
human3000|p1644,5
human3014|p3401,5
human3025|p3558,5
human3030|p3226,5
human3044|p1132,5
human3060|p3752,5
human3069|p3550,5
human3092|p3627,5
human3094|p3628,5
human3095|p2590,5
human3119|p156,5
human3159|p489,5
human3165|p2846,5
human3201|p4220,5
human3212|p2304,5
human3215|p2302,5
human3238|p2492,5
human3248|p3219,5
human3391|p3821,5
human3418|p3415,5
human1210|p993,5
human1330|p1171,5
human2510|p1868,5
human2532|p1559,5
human2536|p1426,5
human2546|p440,5
human632|p1008,5
human3732|p621,5
human975|p801,5
human978|p805,5
human3016|p3682,5
human3067|p510,5
human3188|p408,5
human1980|p1242,5
human971|p4462,5
human3063|p1687,5
human1181|p900,5
human1659|p357,5
human1703|p98,5
human254|p689,5
human932|p891,5
human933|p891,5
human938|p891,5
human1633|p3002,5
human1653|p3148,5
human1655|p3323,5
human3029|p2192,5
human3032|p1093,5
human3387|p2718,5
human3401|p4185,5
human1189|p317,5
human3552|p3146,5
human1237|p372,5
human2307|p1515,5
human2321|p1459,5
human2322|p1500,5
human2327|p1482,5
human1011|p2817,5
human796|p985,5
human925|p715,5
human3612|p168,5
human3124|p1568,5
human3353|p1317,5
human3355|p1308,5
human3392|p1685,5
human3423|p1987,5
human202|p1820,5
human728|p2082,5
human2452|p1160,5
human3093|p2065,5
human1099|p5557,5
human3117|p2069,5
human3120|p1993,5
human3297|p1484,5
human3461|p2786,5
human3613|p1154,5
human789|p982,5
human2411|p3457,5
human3017|p860,5
human471|p1498,5
human873|p552,5
human3495|p926,5
human3719|p316,5
human2074|p1490,5
human2075|p1492,5
human2079|p1491,5
human227|p2944,5
human1654|p190,5
human826|p606,5
human608|p2098,5
human2529|p1940,5
human2785|p435,5
human2789|p433,5
human3152|p1900,5
human3310|p1964,5
human3311|p1965,5
human3429|p4087,5
human2611|p766,5
human424|p1013,5
human2142|p1817,5
human2150|p2190,5
human2154|p2749,5
human2159|p2132,5
human2164|p2129,5
human2247|p1550,5
human2255|p1320,5
human2944|p664,5
human2954|p565,5
human3105|p2214,5
human3106|p2323,5
human3107|p2089,5
human3324|p874,5
human3614|p2337,5
human474|p659,5
human1439|p2211,5
human764|p1742,5
human769|p1334,5
human808|p2177,5
human859|p461,5
human1936|p1285,5
human1938|p1083,5
human2077|p1094,5
human2468|p1321,5
human3182|p128,5
human3706|p1878,5
human3707|p1999,5
human1208|p786,5
human1215|p786,5
human236|p964,5
human2266|p1842,5
human2267|p622,5
human2273|p619,5
human2995|p693,5
human2998|p693,5
human3158|p1810,5
human3357|p2204,5
human3611|p2286,5
human1347|p476,5
human1371|p10,5
human1377|p22,5
human1381|p349,5
human2175|p1681,5
human2192|p1682,5
human2753|p483,5
human831|p81,5
human843|p1951,5
human1665|p639,5
human2028|p1123,5
human3179|p521,5
human3181|p521,5
human249|p1434,5
human412|p877,5
human1263|p1703,5
human1707|p728,5
human1778|p1147,5
human2576|p1306,5
human2583|p1306,5
human2761|p313,5
human2906|p12,5
human2669|p855,5
human1906|p303,5
human2450|p458,5
human26|p1034,5
human80|p1398,5
human1925|p233,5
human2109|p1767,5
human2503|p39,5
human112|p2262,5
human250|p1347,5
human2447|p496,5
human2469|p497,5
human2036|p755,5
human2039|p755,5
human3400|p4402,5
human1240|p601,5
human1729|p1224,5
human1735|p1224,5
human2920|p1230,5
human594|p1015,5
human991|p1110,5
human996|p941,5
human1046|p2116,5
human2041|p1150,5
human3135|p2300,5
human3273|p819,5
human3386|p486,5
human3424|p934,5
human3449|p809,5
human909|p2708,5
human1199|p375,5
human565|p123,5
human966|p1779,5
human2679|p2077,5
human3587|p1368,5
human463|p3088,5
human535|p3526,5
human2758|p5169,5
human289|p1195,5
human800|p751,5
human1021|p206,5
human2775|p314,5
human3216|p1826,5
human3217|p567,5
human3223|p734,5
human3226|p962,5
human19|p836,5
human149|p2323,5
human1078|p1158,5
human1079|p981,5
human1807|p630,5
human2211|p504,5
human2690|p281,5
human2692|p281,5
human2695|p281,5
human3735|p299,5
human3736|p709,5
human3737|p786,5
human2365|p54,5
human2407|p54,5
human1176|p440,5
human1183|p441,5
human1680|p1174,5
human3379|p934,5
human556|p807,5
human1115|p3054,5
human1123|p87,5
human1130|p87,5
human1886|p772,5
human1899|p1964,5
human1904|p1486,5
human1915|p1317,5
human1975|p201,5
human2353|p511,5
human695|p331,5
human700|p1293,5
human824|p338,5
human945|p319,5
human1125|p513,5
human1216|p1998,5
human1266|p821,5
human2254|p955,5
human2550|p1087,5
human2618|p1658,5
human2627|p1657,5
human2905|p1892,5
human2992|p1506,5
human3180|p2047,5
human3285|p1364,5
human3304|p1960,5
human3309|p2069,5
human3366|p1225,5
human3586|p37,5
human3739|p1141,5
human3740|p1596,5
human812|p487,5
human2095|p827,5
human481|p2907,5
human560|p1499,5
human49|p1511,5
human2865|p748,5
human406|p3411,5
human1098|p149,5
human2059|p1286,5
human2061|p1233,5
human2818|p1289,5
human1186|p49,5
human2835|p1207,5
human1187|p2032,5
human1188|p2031,5
human2253|p2434,5
human2584|p1038,5
human2585|p1041,5
human2656|p2100,5
human2676|p1815,5
human3204|p1297,5
human3260|p2056,5
human3261|p1847,5
human3267|p1946,5
human3577|p476,5
human3579|p769,5
human3581|p994,5
human3582|p1176,5
human3583|p10,5
human3584|p1154,5
human3585|p805,5
human2222|p1225,5
human629|p1781,5
human220|p1898,5
human2040|p736,5
human2610|p1049,5
human2626|p1049,5
human3036|p1691,5
human3266|p853,5
human3574|p332,5
human3575|p1262,5
human3576|p1131,5
human3578|p812,5
human3580|p14,5
human573|p1535,5
human1366|p2082,5
human2360|p1795,5
human2383|p1675,5
human2398|p1675,5
human2949|p1332,5
human2955|p1334,5
human2973|p737,5
human3143|p1809,5
human3326|p2925,5
human3327|p2929,5
human3363|p1818,5
human3364|p1817,5
human1535|p1549,5
human1574|p2626,5
human75|p5920,5
human1540|p1680,5
human1563|p1650,5
human382|p2726,5
human2461|p989,5
human3164|p2425,5
human3168|p180,5
human3171|p180,5
human754|p2457,5
human758|p2757,5
human394|p4553,5
human3729|p231,5
human1152|p1065,5
human1158|p972,5
human2457|p723,5
human2465|p723,5
human3048|p1709,5
human3113|p1428,5
human3242|p1044,5
human3246|p1313,5
human3420|p3346,5
human152|p2897,5
human1709|p3066,5
human2281|p4839,5
human2282|p4847,5
human2283|p4786,5
human2284|p4167,5
human2286|p4084,5
human2557|p2384,5
human2638|p3583,5
human2646|p3064,5
human1038|p1078,5
human1342|p1009,5
human1350|p1386,5
human1352|p1025,5
human2909|p1366,5
human3227|p371,5
human3335|p206,5
human3408|p1202,5
human1749|p990,5
human2256|p663,5
human2444|p1270,5
human2445|p1270,5
human2462|p765,5
human2904|p1744,5
human1482|p1428,5
human1487|p1536,5
human637|p4777,5
human1757|p245,5
human3|p1759,5
human84|p4751,5
human130|p3358,5
human246|p171,5
human536|p4794,5
human613|p3355,5
human1050|p3326,5
human1792|p1141,5
human2717|p945,5
human3169|p2179,5
human3361|p3802,5
human3410|p2194,5
human1953|p1449,5
human1977|p152,5
human262|p3989,5
human1041|p3663,5
human1113|p5834,5
human2048|p2338,5
human3409|p4029,5
human3588|p885,5
human3589|p1158,5
human964|p1603,5
human965|p1605,5
human977|p1458,5
human1025|p1360,5
human2453|p692,5
human2472|p765,5
human2474|p759,5
human2999|p2590,5
human3002|p1518,5
human3040|p3947,5
human3050|p3694,5
human3062|p2684,5
human3073|p2518,5
human3076|p2423,5
human3077|p4135,5
human3100|p2110,5
human3103|p2108,5
human3112|p440,5
human3131|p1384,5
human3145|p1847,5
human3150|p4532,5
human3166|p1915,5
human3167|p682,5
human3178|p2104,5
human3195|p2839,5
human3219|p894,5
human3287|p1472,5
human3344|p51,5
human3373|p715,5
human3382|p2160,5
human3384|p2568,5
human3390|p2535,5
human3393|p198,5
human3395|p1861,5
human3396|p1861,5
human3405|p2730,5
human3411|p5060,5
human3422|p3736,5
human3430|p1313,5
human3434|p3385,5
human3462|p2015,5
human3742|p348,5
human3743|p888,5
human111|p2013,5
human1669|p576,5
human1051|p1588,5
human2493|p2359,5
human3294|p2685,5
human3295|p2679,5
human3448|p3008,5
human3450|p3012,5
human304|p1350,5
human3590|p860,5
human3785|p1137,5
human1192|p104,5
human1197|p104,5
human2309|p904,5
human2622|p1102,5
human3010|p1218,5
human3011|p1218,5
human3607|p77,5
human1595|p139,5
human1921|p254,5
human1930|p59,5
human1931|p59,5
human1935|p65,5
human2486|p290,5
human2858|p2820,5
human2888|p2532,5
human3331|p2949,5
human81|p3661,5
human1889|p1452,5
human1917|p808,5
human2608|p864,5
human908|p2882,5
human1985|p47,5
human582|p1452,5
human1581|p1255,5
human3108|p1422,5
human3109|p1424,5
human3134|p2094,5
human819|p1439,5
human2600|p587,5
human2601|p584,5
human114|p1173,5
human1042|p1892,5
human1243|p602,5
human1768|p2356,5
human1770|p2355,5
human2946|p342,5
human2956|p342,5
human2969|p367,5
human2983|p367,5
human3330|p271,5
human1725|p1789,5
human915|p3169,5
human916|p3170,5
human1726|p216,5
human3007|p2842,5
human3203|p3067,5
human3206|p3067,5
human3402|p3194,5
human3403|p3195,5
human3604|p4848,5
human1946|p439,5
human2097|p1209,5
human3500|p455,5
human3502|p589,5
human678|p2277,5
human782|p243,5
human2577|p4595,5
human2578|p4547,5
human2580|p4542,5
human1871|p2554,5
human3339|p1837,5
human3341|p1858,5
human1369|p634,5
human30|p2064,5
human92|p2660,5
human98|p1976,5
human248|p2052,5
human272|p838,5
human488|p3640,5
human496|p2179,5
human561|p2836,5
human571|p1748,5
human579|p843,5
human794|p875,5
human2715|p4157,5
human3503|p388,5
human3505|p466,5
human3506|p716,5
human137|p2395,5
human1685|p3101,5
human538|p1661,5
human2025|p1707,5
human2552|p2120,5
human2555|p2667,5
human1212|p525,5
human1287|p683,5
human1357|p1265,5
human2213|p23,5
human3591|p853,5
human233|p1573,5
human3499|p1359,5
human3512|p778,5
human195|p2184,5
human677|p2733,5
human1658|p2722,5
human2615|p991,5
human2623|p760,5
human1740|p750,5
human2087|p256,5
human2093|p37,5
human3571|p1449,5
human2827|p717,5
human2833|p717,5
human2708|p116,5
human64|p2213,5
human240|p3351,5
human625|p119,5
human329|p402,5
human591|p2033,5
human760|p3929,5
human922|p3027,5
human930|p316,5
human936|p316,5
human1024|p88,5
human1539|p2232,5
human1837|p3451,5
human1854|p3555,5
human1996|p591,5
human3012|p3466,5
human3322|p2409,5
human3463|p43,5
human3603|p1883,5
human3504|p726,5
human1036|p1421,5
human1044|p1425,5
human541|p892,5
human1443|p1608,5
human1453|p1480,5
human1469|p1104,5
human1475|p841,5
human1490|p637,5
human1502|p636,5
human652|p1176,5
human1155|p313,5
human1161|p313,5
human1942|p251,5
human2443|p938,5
human2722|p11,5
human2814|p828,5
human2822|p677,5
human1393|p3194,5
human1413|p5461,5
human1429|p5340,5
human1231|p2011,5
human1232|p2652,5
human1233|p2011,5
human1255|p1988,5
human1256|p226,5
human1259|p1986,5
human1470|p2300,5
human1484|p1236,5
human1618|p1191,5
human1994|p1725,5
human1997|p1597,5
human2017|p2795,5
human2021|p844,5
human2071|p81,5
human2244|p3345,5
human2245|p3474,5
human2482|p1150,5
human2730|p1033,5
human3608|p1226,5
human1299|p5970,5
human1693|p3172,5
human345|p400,5
human1242|p869,5
human1286|p940,5
human1289|p942,5
human1322|p824,5
human1733|p1209,5
human1783|p146,5
human2009|p1358,5
human2795|p139,5
human2917|p1117,5
human798|p3756,5
human948|p5172,5
human1054|p736,5
human1962|p1190,5
human3038|p2479,5
human3045|p6102,5
human3123|p3359,5
human3282|p2947,5
human3358|p4287,5
human3431|p5348,5
human3454|p286,5
human3456|p2753,5
human3598|p3928,5
human486|p122,5
human1179|p98,5
human1324|p1389,5
human1340|p1389,5
human1405|p2418,5
human1650|p493,5
human1651|p493,5
human1756|p350,5
human1762|p349,5
human2086|p2333,5
human2103|p2182,5
human2208|p1009,5
human2409|p498,5
human2414|p494,5
human2415|p495,5
human2741|p1189,5
human2932|p1546,5
human3508|p103,5
human3511|p10,5
human338|p1435,5
human1039|p2537,5
human1043|p2538,5
human3406|p2704,5
human597|p999,5
human3510|p385,5
human756|p1484,5
human759|p633,5
human1684|p3615,5
human713|p2580,5
human714|p4684,5
human716|p149,5
human718|p1794,5
human858|p3712,5
human61|p2997,5
human213|p2791,5
human435|p883,5
human2118|p3172,5
human2122|p4161,5
human2129|p2905,5
human3782|p375,5
human1843|p5974,5
human1853|p419,5
human1872|p419,5
human807|p987,5
human917|p233,5
human920|p233,5
human956|p4423,5
human958|p4485,5
human1027|p1071,5
human1030|p1071,5
human1033|p1069,5
human1052|p1422,5
human1055|p1423,5
human3055|p4248,5
human3059|p4128,5
human3141|p1469,5
human3155|p1484,5
human3157|p1165,5
human3160|p2803,5
human3163|p2805,5
human3170|p2266,5
human3303|p1721,5
human3305|p472,5
human3308|p472,5
human3346|p1409,5
human3367|p2216,5
human3368|p2215,5
human3372|p2439,5
human3427|p3143,5
human3435|p2488,5
human3457|p1012,5
human3476|p2670,5
human3516|p2656,5
human3646|p2702,5
human1151|p10,5
human1900|p1334,5
human3507|p1298,5
human885|p1181,5
human1013|p3535,5
human1015|p3534,5
human2072|p3502,5
human2388|p1442,5
human2479|p2005,5
human3139|p2202,5
human3144|p2445,5
human3146|p2987,5
human3293|p3111,5
human2942|p1094,5
human2976|p505,5
human1800|p107,5
human2275|p2510,5
human2276|p2508,5
human2963|p122,5
human2966|p122,5
human2974|p1557,5
human2984|p1493,5
human2664|p361,5
human103|p3536,5
human1602|p3729,5
human1606|p737,5
human999|p672,5
human1000|p671,5
human3098|p309,5
human3099|p309,5
human3125|p4143,5
human3472|p3843,5
human358|p2206,5
human1738|p416,5
human1748|p404,5
human2067|p7,5
human3509|p498,5
human283|p2773,5
human449|p4113,5
human923|p3763,5
human924|p3764,5
human2259|p3255,5
human2263|p2418,5
human3013|p3336,5
human3015|p3699,5
human3398|p4105,5
human123|p222,5
human218|p3436,5
human452|p1393,5
human487|p4446,5
human952|p543,5
human954|p543,5
human1582|p2698,5
human1992|p2133,5
human2002|p1506,5
human2012|p1506,5
human2015|p1506,5
human2346|p2264,5
human2473|p1752,5
human2477|p1950,5
human2480|p1752,5
human2559|p617,5
human2562|p616,5
human2803|p819,5
human2811|p818,5
human3210|p1591,5
human3471|p1837,5
human3474|p1836,5
human3479|p2027,5
human3600|p4017,5
human3601|p3364,5
human3602|p504,5
human3675|p1519,5
human3676|p363,5
human367|p2656,5
human141|p3441,5
human356|p2617,5
human738|p3658,5
human742|p3504,5
human1117|p1808,5
human1367|p1939,5
human1961|p444,5
human2162|p2591,5
human3097|p1613,5
human387|p1492,5
human458|p3379,5
human539|p4004,5
human2797|p727,5
human2808|p727,5
human29|p3831,5
human1958|p1150,5
human1964|p1000,5
human1966|p1147,5
human1973|p1231,5
human1976|p1085,5
human2343|p756,5
human2350|p756,5
human2393|p993,5
human2404|p993,5
human2088|p688,5
human3365|p3751,5
human642|p1521,5
human326|p2128,5
human1409|p1325,5
human1419|p1561,5
human1423|p1562,5
human3142|p3858,5
human3209|p2743,5
human970|p3483,5
human973|p3488,5
human3064|p3587,5
human856|p1403,5
human1217|p4435,5
human1793|p3005,5
human1805|p3006,5
human1818|p4569,5
human2491|p1416,5
human3184|p1797,5
human3186|p1797,5
human3515|p3704,5
human1722|p773,5
human2710|p2935,5
human2866|p1290,5
human2880|p1290,5
human417|p1040,5
human1821|p1456,5
human1200|p581,5
human108|p4530,5
human366|p473,5
human386|p3622,5
human425|p2681,5
human684|p1964,5
human3102|p2105,5
human3104|p2107,5
human3161|p3085,5
human3162|p3086,5
human851|p1196,5
human256|p2678,5
human2330|p816,5
human2333|p813,5
human3128|p2619,5
human3229|p1979,5
human3230|p1977,5
human3257|p1790,5
human3258|p1792,5
human3291|p4533,5
human3300|p1502,5
human3301|p1502,5
human3302|p1498,5
human3338|p2616,5
human3348|p610,5
human3349|p611,5
human3369|p822,5
human3370|p826,5
human3458|p3571,5
human3478|p1232,5
human3599|p555,5
human3680|p3393,5
human8|p2525,5
human512|p2103,5
human1356|p2294,5
human2530|p2294,5
human350|p322,5
human346|p1392,5
human423|p1126,5
human2008|p88,5
human2489|p2378,5
human2682|p1266,5
human2697|p1144,5
human48|p1281,5
human189|p1674,5
human786|p4194,5
human848|p1814,5
human1037|p3110,5
human1045|p2873,5
human2344|p3192,5
human2351|p3191,5
human2355|p2946,5
human2374|p2826,5
human2382|p2875,5
human2392|p2875,5
human2402|p2876,5
human3251|p2605,5
human3252|p2723,5
human3254|p2397,5
human3351|p1373,5
human3352|p1300,5
human3399|p1770,5
human3412|p2108,5
human293|p481,5
human28|p3241,5
human495|p1281,5
human550|p3161,5
human3709|p2969,5
human1988|p2269,5
human196|p3980,5
human1246|p256,5
human1251|p256,5
human793|p1314,5
human879|p3779,5
human1320|p2170,5
human1960|p831,5
human2152|p2938,5
human2591|p2088,5
human319|p2601,5
human2856|p1143,5
human66|p3727,5
human104|p3240,5
human507|p2967,5
human2763|p679,5
human609|p2900,5
human854|p1465,5
human167|p2597,5
human513|p917,5
human3404|p1767,5
human3075|p250,5
human3082|p3440,5
human3087|p2120,5
human3089|p2122,5
human135|p3588,5
human446|p3429,5
human667|p2165,5
human816|p705,5
human830|p2870,5
human1826|p3362,5
human1827|p3430,5
human2602|p350,5
human663|p3433,5
human665|p1077,5
human670|p1421,5
human673|p1954,5
human686|p2383,5
human1537|p2379,5
human1623|p1930,5
human1774|p3517,5
human2104|p4104,5
human2277|p3260,5
human2279|p4256,5
human396|p4248,5
human2094|p341,5
human2614|p850,5
human153|p2083,5
human1241|p1174,5
human1250|p1175,5
human2916|p403,5
human2064|p1412,5
human1797|p21,5
human1813|p21,5
human2592|p160,5
human3573|p777,5
human3606|p2080,5
human23|p732,5
human155|p2151,5
human442|p3370,5
human2293|p1629,5
human2294|p1626,5
human937|p1552,5
human3026|p1681,5
human3027|p1676,5
human3028|p1678,5
human1695|p2450,5
human168|p228,5
human270|p1959,5
human318|p1774,5
human636|p2436,5
human1830|p3025,5
human187|p1538,5
human2599|p832,5
human2605|p831,5
human2113|p1227,5
human296|p1073,5
human1445|p274,5
human1456|p274,5
human1462|p304,5
human1474|p304,5
human1495|p2104,5
human2487|p2280,5
human333|p5080,5
human529|p4717,5
human73|p1929,5
human497|p1503,5
human457|p4517,5
human724|p3073,5
human309|p2346,5
human1455|p2507,5
human1465|p2427,5
human1481|p2489,5
human1486|p2151,5
human1498|p2253,5
human2007|p3359,5
human2919|p3128,5
human818|p869,5
human1622|p1071,5
human2115|p3073,5
human2117|p2979,5
human2539|p1007,5
human2541|p1007,5
human2544|p1007,5
human2603|p2290,5
human1305|p4146,5
human1785|p6095,5
human1788|p5043,5
human530|p583,5
human626|p2849,5
human2364|p383,5
human2375|p383,5
human2268|p880,5
human2260|p2143,5
human2265|p2834,5
human2269|p2265,5
human2178|p1785,5
human2183|p1785,5
human2188|p1783,5
human3639|p2099,5
human1518|p2362,5
human20|p10,5
human2063|p1084,5
human2068|p2540,5
human1847|p1606,5
human2845|p1544,5
human2872|p1544,5
human3437|p2229,5
human3552|p2381,5
human1109|p2789,5
human191|p1197,5
human109|p2230,5
human1838|p2001,5
human1846|p1999,5
human1856|p1969,5
human1870|p1972,5
human1875|p2350,5
human1880|p2348,5
human224|p1546,5
human122|p868,5
human2855|p2997,5
human2879|p2995,5
human2892|p2995,5
human243|p1413,5
human788|p2357,5
human1270|p1329,5
human1272|p1325,5
human1278|p2570,5
human1835|p733,5
human1841|p596,5
human1859|p1349,5
human1861|p1348,5
human1866|p1347,5
human1874|p596,5
human1878|p595,5
human1881|p595,5
human1896|p3172,5
human2681|p674,5
human2691|p326,5
human2698|p672,5
human1427|p835,5
human1112|p1406,5
human1118|p1406,5
human882|p662,5
human2864|p1229,5
human2890|p1229,5
human986|p2464,5
human988|p2460,5
human1436|p2131,5
human2274|p291,5
human2987|p2507,5
human3041|p1923,5
human3080|p3085,5
human3137|p1828,5
human3183|p2272,5
human2342|p1536,5
human2357|p980,5
human2358|p176,5
human2381|p176,5
human2386|p176,5
human2399|p176,5
human2859|p102,5
human877|p574,5
human175|p1343,5
human1049|p1601,5
human1696|p1181,5
human3445|p1646,5
human3446|p1646,5
human180|p314,5
human59|p616,5
human82|p584,5
human286|p3214,5
human523|p795,5
human781|p1574,5
human953|p3068,5
human962|p1037,5
human1020|p1710,5
human3132|p617,5
human3241|p404,5
human3342|p948,5
human334|p456,5
human185|p7911,5
human445|p314,5
human87|p2590,5
human225|p881,5
human302|p216,5
human157|p5017,5
human906|p3503,5
human150|p1173,5
human363|p576,5
human158|p2706,5
human2132|p2754,5
human2135|p2586,5
human2625|p1148,5
human1666|p964,5
human2332|p3927,5
human1097|p996,5
human1099|p996,5
human1899|p1053,5
human1904|p816,5
human2332|p989,5
human2228|p901,5
human2231|p952,5
human2885|p2956,5
human2524|p4358,5
human2524|p3575,5
human1446|p2190,5
human1461|p2234,5
human1479|p1974,5
human1488|p2343,5
human1499|p2138,5
human1255|p1051,5
human1259|p1051,5
human799|p3759,5
human506|p1346,5
human883|p1307,5
human438|p573,5
human709|p1094,5
human2004|p10,5
human351|p977,5
human1327|p811,5
human1334|p812,5
human2829|p40,5
human2834|p40,5
human1157|p879,5
human1164|p879,5
human1631|p4161,5
human1634|p4051,5
human1636|p4048,5
human1646|p1706,5
human1647|p1706,5
human1648|p1706,5
human3793|p593,5
human2705|p2711,5
human2714|p2709,5
human2030|p953,5
human2459|p1021,5
human2454|p349,5
human2034|p1240,5
human2038|p1240,5
human2026|p170,5
human1674|p1035,5
human1675|p1056,5
human2319|p2556,5
human575|p3073,5
human3501|p764,5
human88|p2652,5
human168|p2152,5
human3546|p1083,5
human0|p230,6
human264|p1094,6
human921|p763,6
human2439|p412,6
human3198|p410,6
human3524|p1470,6
human3525|p2067,6
human623|p537,6
human3526|p2195,6
human3121|p1595,6
human3527|p1091,6
human3544|p870,6
human1063|p1850,6
human1145|p1067,6
human1165|p1809,6
human3744|p2076,6
human268|p2274,6
human811|p1957,6
human699|p1188,6
human803|p164,6
human880|p882,6
human2|p697,6
human3523|p94,6
human702|p1128,6
human545|p1474,6
human3519|p2082,6
human3520|p2193,6
human3754|p1427,6
human3755|p1322,6
human3757|p576,6
human3758|p1851,6
human3759|p69,6
human585|p2017,6
human927|p2200,6
human928|p2199,6
human3019|p2201,6
human3746|p486,6
human3749|p1544,6
human3748|p1091,6
human3756|p600,6
human3745|p1795,6
human3752|p782,6
human3753|p2534,6
human494|p555,6
human3751|p2038,6
human320|p625,6
human454|p98,6
human619|p243,6
human683|p769,6
human3545|p1239,6
human3546|p2000,6
human3547|p1556,6
human3548|p1809,6
human3551|p957,6
human402|p1581,6
human3550|p1820,6
human3549|p1612,6
human745|p159,6
human705|p1760,6
human809|p2162,6
human2417|p2295,6
human712|p1734,6
human2189|p2372,6
human521|p353,6
human1927|p254,6
human772|p1330,6
human779|p1038,6
human2521|p1707,6
human844|p1254,6
human845|p92,6
human774|p1786,6
human1809|p1807,6
human867|p1591,6
human914|p385,6
human913|p320,6
human763|p1474,6
human2569|p1894,6
human773|p1843,6
human832|p240,6
human839|p570,6
human2336|p1023,6
human2438|p165,6
human1375|p1574,6
human1705|p1612,6
human1710|p1481,6
human1351|p1551,6
human1353|p1550,6
human35|p1528,6
human51|p53,6
human1341|p1556,6
human2519|p793,6
human3433|p1297,6
human2883|p1590,6
human1752|p459,6
human1767|p1122,6
human1772|p1122,6
human1777|p825,6
human587|p1903,6
human1344|p1387,6
human259|p1738,6
human3416|p580,6
human1642|p824,6
human2146|p1724,6
human2236|p1340,6
human1928|p1956,6
human465|p404,6
human711|p1442,6
human2078|p1447,6
human1712|p338,6
human1713|p339,6
human1222|p1919,6
human33|p1447,6
human896|p473,6
human2658|p376,6
human2663|p376,6
human2670|p611,6
human42|p590,6
human3763|p2154,6
human3764|p422,6
human3766|p2180,6
human3770|p1148,6
human3773|p1949,6
human3767|p1928,6
human3769|p561,6
human3768|p441,6
human499|p1484,6
human3760|p1635,6
human3761|p1623,6
human3762|p2189,6
human489|p1387,6
human3531|p751,6
human3532|p1730,6
human3533|p1604,6
human3534|p2054,6
human3772|p677,6
human3536|p1659,6
human31|p2161,6
human3542|p596,6
human3543|p1899,6
human584|p896,6
human2054|p1981,6
human2746|p1641,6
human3538|p2020,6
human3539|p1444,6
human3540|p709,6
human3541|p950,6
human2051|p2004,6
human780|p2087,6
human3535|p1190,6
human3537|p1684,6
human413|p345,6
human3771|p766,6
human3530|p1773,6
human1907|p2029,6
human2683|p661,6
human2929|p993,6
human2936|p995,6
human2937|p992,6
human2948|p1972,6
human2965|p586,6
human2967|p586,6
human200|p918,6
human354|p1430,6
human2408|p1159,6
human2535|p961,6
human1299|p6168,6
human2449|p1238,6
human2527|p487,6
human2543|p636,6
human90|p1434,6
human2180|p1063,6
human2262|p1956,6
human2940|p2196,6
human2952|p2094,6
human2959|p2084,6
human2978|p1878,6
human2434|p1432,6
human1337|p755,6
human1126|p891,6
human1173|p855,6
human1948|p795,6
human1652|p2031,6
human1660|p1676,6
human2406|p2014,6
human3452|p612,6
human775|p140,6
human892|p785,6
human3024|p1217,6
human3278|p1523,6
human1060|p1970,6
human1061|p1441,6
human12|p739,6
human404|p343,6
human1262|p1092,6
human1995|p874,6
human2023|p923,6
human2042|p1033,6
human2418|p482,6
human2750|p1010,6
human2020|p1803,6
human2423|p474,6
human907|p463,6
human2437|p1967,6
human2238|p1398,6
human621|p244,6
human3528|p1607,6
human870|p869,6
human696|p1754,6
human1068|p2159,6
human1069|p751,6
human3776|p868,6
human397|p1388,6
human3777|p1309,6
human3778|p938,6
human3774|p414,6
human2416|p1571,6
human2428|p1608,6
human2198|p1792,6
human2522|p1839,6
human2534|p1827,6
human3775|p1728,6
human2903|p1441,6
human846|p223,6
human813|p197,6
human829|p638,6
human895|p740,6
human853|p265,6
human862|p1276,6
human3315|p585,6
human3317|p585,6
human44|p1531,6
human2675|p1912,6
human418|p1869,6
human2324|p945,6
human2326|p877,6
human2334|p610,6
human1407|p3815,6
human802|p1403,6
human205|p266,6
human2525|p2806,6
human203|p267,6
human60|p1164,6
human186|p3672,6
human739|p4596,6
human741|p2318,6
human1365|p3527,6
human1368|p3431,6
human1363|p4185,6
human484|p2916,6
human1645|p4259,6
human1649|p4110,6
human647|p3663,6
human648|p2840,6
human649|p1685,6
human650|p1795,6
human651|p4241,6
human653|p409,6
human654|p868,6
human655|p266,6
human1630|p1908,6
human1635|p1606,6
human3006|p155,6
human3259|p326,6
human3263|p715,6
human3264|p716,6
human3333|p2119,6
human3334|p1350,6
human3233|p1889,6
human2498|p3903,6
human3018|p1178,6
human614|p329,6
human2661|p5663,6
human2305|p685,6
human2201|p2376,6
human735|p723,6
human2806|p877,6
human2143|p203,6
human804|p1334,6
human806|p911,6
human1527|p2121,6
human2155|p1887,6
human1850|p2292,6
human1857|p2412,6
human1865|p2414,6
human1868|p2410,6
human1883|p2295,6
human1254|p1073,6
human544|p575,6
human186|p1905,6
human601|p1952,6
human89|p1825,6
human1699|p2070,6
human47|p1745,6
human1676|p146,6
human2502|p747,6
human2394|p985,6
human2403|p938,6
human2292|p1031,6
human3460|p917,6
human3461|p922,6
human1370|p1809,6
human717|p1958,6
human906|p1416,6
human750|p1895,6
human3469|p1390,6
human3470|p1390,6
human2339|p522,6
human2348|p522,6
human1934|p655,6
human1305|p4459,6
human2524|p165,6
human3681|p639,6
human1724|p568,6
human2644|p598,6
human1785|p4081,6
human1788|p3555,6
human2110|p114,6
human3419|p783,6
human2908|p440,6
human2975|p324,6
human1178|p1972,6
human1191|p1055,6
human1196|p1053,6
human1198|p938,6
human1177|p96,6
human1190|p140,6
human2748|p801,6
human2938|p771,6
human2531|p123,6
human2688|p1502,6
human2754|p1095,6
human3682|p964,6
human2769|p542,6
human1094|p1502,6
human1095|p1448,6
human2660|p1214,6
human2933|p1267,6
human3482|p1774,6
human1739|p519,6
human1585|p2512,6
human1593|p2646,6
human1072|p806,6
human2799|p1805,6
human2234|p336,6
human2826|p1623,6
human2837|p1487,6
human2941|p1402,6
human2821|p200,6
human2261|p990,6
human274|p918,6
human2771|p1814,6
human1727|p2997,6
human1913|p983,6
human2653|p499,6
human2665|p334,6
human2677|p628,6
human1761|p1127,6
human2619|p775,6
human2467|p835,6
human194|p1583,6
human833|p675,6
human842|p1837,6
human46|p2082,6
human1629|p406,6
human227|p1785,6
human1380|p732,6
human2604|p1675,6
human2777|p1508,6
human2781|p197,6
human22|p1285,6
human2060|p2038,6
human2056|p1006,6
human2798|p740,6
human766|p1055,6
human1814|p901,6
human1820|p901,6
human1939|p1150,6
human2840|p1481,6
human1325|p39,6
human40|p1451,6
human102|p1202,6
human223|p99,6
human543|p594,6
human998|p2163,6
human2809|p1338,6
human2794|p817,6
human3096|p2355,6
human3562|p224,6
human196|p626,6
human340|p850,6
human1669|p733,6
human2949|p613,6
human2955|p613,6
human2973|p398,6
human208|p4683,6
human330|p5460,6
human1780|p1422,6
human1787|p1424,6
human1789|p1421,6
human2456|p925,6
human2470|p841,6
human2784|p1049,6
human1086|p399,6
human1089|p401,6
human1090|p399,6
human1092|p1243,6
human2598|p989,6
human2617|p170,6
human2620|p170,6
human1214|p88,6
human2215|p733,6
human2221|p733,6
human183|p3175,6
human2098|p1265,6
human2102|p1170,6
human511|p1027,6
human2927|p347,6
human1680|p585,6
human1663|p780,6
human1681|p775,6
human1732|p497,6
human1734|p499,6
human1937|p454,6
human2213|p1369,6
human86|p1199,6
human1284|p160,6
human277|p1583,6
human1330|p1136,6
human1923|p916,6
human2839|p1023,6
human1357|p1341,6
human1985|p213,6
human2508|p827,6
human2518|p823,6
human3642|p1145,6
human1181|p16,6
human1189|p448,6
human348|p1022,6
human578|p365,6
human1784|p679,6
human3640|p1002,6
human3641|p1578,6
human698|p1925,6
human305|p14,6
human1627|p398,6
human369|p649,6
human2842|p1272,6
human3719|p1236,6
human1306|p952,6
human2565|p967,6
human2950|p769,6
human2958|p768,6
human2977|p909,6
human2985|p908,6
human873|p520,6
human596|p1351,6
human2753|p1412,6
human2179|p2069,6
human2186|p2071,6
human2200|p2009,6
human1175|p63,6
human1954|p1240,6
human2312|p185,6
human2652|p1261,6
human2655|p1205,6
human1906|p179,6
human1703|p2482,6
human471|p1316,6
human1096|p3,6
human2450|p1388,6
human1014|p2064,6
human1017|p2064,6
human1018|p1953,6
human2669|p72,6
human3138|p1023,6
human3140|p935,6
human3148|p1398,6
human3149|p1341,6
human57|p2227,6
human2566|p409,6
human2567|p409,6
human3072|p4315,6
human753|p1893,6
human861|p298,6
human3290|p369,6
human2666|p789,6
human219|p1517,6
human250|p55,6
human3700|p427,6
human3702|p974,6
human3703|p953,6
human3188|p2930,6
human106|p1575,6
human199|p1681,6
human217|p2233,6
human451|p1827,6
human688|p1483,6
human691|p159,6
human961|p325,6
human1167|p1574,6
human1480|p394,6
human1711|p590,6
human1790|p1979,6
human3050|p6991,6
human3698|p2026,6
human1032|p583,6
human3336|p1108,6
human3729|p626,6
human215|p611,6
human257|p1621,6
human265|p769,6
human641|p1335,6
human1136|p768,6
human3699|p1746,6
human1062|p1390,6
human1668|p166,6
human1220|p1061,6
human1224|p1118,6
human1046|p929,6
human3135|p1703,6
human3273|p568,6
human3386|p602,6
human3449|p2039,6
human2753|p186,6
human3046|p1351,6
human1138|p1168,6
human1142|p185,6
human1144|p185,6
human841|p1315,6
human790|p437,6
human791|p275,6
human899|p1960,6
human900|p1120,6
human2816|p1953,6
human3276|p723,6
human2932|p1253,6
human794|p1893,6
human2715|p1951,6
human267|p100,6
human492|p375,6
human1245|p126,6
human1252|p126,6
human1760|p235,6
human1764|p235,6
human1969|p238,6
human2921|p127,6
human2923|p127,6
human704|p1652,6
human951|p683,6
human991|p544,6
human996|p420,6
human1022|p1837,6
human1023|p1761,6
human1048|p1698,6
human3004|p1226,6
human3111|p212,6
human3197|p1482,6
human3202|p863,6
human3708|p829,6
human471|p422,6
human873|p1012,6
human972|p370,6
human974|p370,6
human3037|p169,6
human3039|p169,6
human3156|p981,6
human3172|p692,6
human3296|p295,6
human3299|p295,6
human3413|p82,6
human3459|p945,6
human15|p652,6
human2057|p1198,6
human2572|p1485,6
human2613|p1368,6
human2628|p1368,6
human2630|p1268,6
human2632|p1268,6
human2633|p1268,6
human2634|p1175,6
human2635|p1175,6
human2029|p699,6
human2062|p2398,6
human2065|p2329,6
human3809|p242,6
human2092|p2488,6
human83|p757,6
human2229|p179,6
human2233|p179,6
human2411|p988,6
human764|p1089,6
human769|p131,6
human808|p567,6
human831|p1839,6
human843|p2086,6
human859|p1587,6
human3706|p217,6
human3707|p2156,6
human1266|p1005,6
human2094|p1759,6
human1179|p734,6
human1324|p371,6
human1340|p371,6
human2827|p228,6
human2833|p228,6
human501|p1714,6
human1125|p203,6
human2614|p1579,6
human3587|p891,6
human2942|p468,6
human2976|p628,6
human3164|p2363,6
human3168|p2830,6
human3171|p2832,6
human945|p863,6
human3051|p1936,6
human3052|p1915,6
human3580|p861,6
human3583|p703,6
human2313|p1587,6
human1237|p1432,6
human931|p1113,6
human940|p1113,6
human112|p706,6
human3266|p112,6
human3743|p480,6
human3437|p2039,6
human1|p1708,6
human1053|p1693,6
human1056|p1691,6
human1291|p456,6
human2338|p1609,6
human3199|p802,6
human3705|p1570,6
human167|p3242,6
human3204|p1031,6
human3574|p385,6
human1131|p49,6
human2285|p82,6
human34|p157,6
human701|p2,6
human966|p2271,6
human2420|p1016,6
human2421|p1014,6
human2422|p1045,6
human2424|p1045,6
human2679|p1359,6
human3180|p487,6
human3359|p1867,6
human3374|p1229,6
human3378|p1210,6
human3704|p2038,6
human755|p1842,6
human761|p1150,6
human783|p973,6
human3366|p50,6
human3575|p1472,6
human3578|p271,6
human3579|p12,6
human975|p1914,6
human978|p1919,6
human3016|p1102,6
human3067|p246,6
human1936|p1342,6
human1938|p1140,6
human2077|p490,6
human2468|p736,6
human2904|p1469,6
human3444|p873,6
human3719|p189,6
human220|p1459,6
human2581|p1050,6
human3576|p1332,6
human3581|p592,6
human3585|p1020,6
human3072|p789,6
human695|p581,6
human700|p2339,6
human2254|p657,6
human2992|p572,6
human3285|p1186,6
human3697|p2198,6
human3810|p152,6
human1532|p799,6
human1538|p1036,6
human1556|p1039,6
human1570|p1037,6
human2124|p1361,6
human2130|p642,6
human2141|p665,6
human706|p2001,6
human743|p2023,6
human747|p1464,6
human919|p2486,6
human944|p752,6
human2444|p1613,6
human2445|p1574,6
human3035|p762,6
human3694|p445,6
human3695|p2126,6
human3696|p796,6
human24|p600,6
human657|p513,6
human671|p1064,6
human681|p1472,6
human687|p6000,6
human689|p426,6
human955|p4039,6
human960|p4038,6
human3056|p3835,6
human3058|p3564,6
human233|p87,6
human3577|p20,6
human2066|p370,6
human2069|p210,6
human788|p2926,6
human986|p1661,6
human988|p1659,6
human2274|p421,6
human2987|p1252,6
human3041|p1351,6
human3080|p1585,6
human3137|p297,6
human3183|p2785,6
human2440|p630,6
human27|p1667,6
human281|p1786,6
human522|p1096,6
human926|p3013,6
human1661|p328,6
human3020|p3002,6
human3021|p2806,6
human3480|p488,6
human1187|p1827,6
human1188|p1826,6
human2656|p1834,6
human2676|p1655,6
human2905|p360,6
human3208|p4,6
human3260|p1820,6
human3261|p1668,6
human3267|p670,6
human3304|p12,6
human3309|p1169,6
human1382|p288,6
human1385|p289,6
human3734|p1475,6
human3742|p139,6
human1955|p724,6
human3152|p656,6
human54|p1187,6
human79|p2000,6
human85|p2166,6
human235|p1722,6
human271|p861,6
human383|p1053,6
human469|p275,6
human475|p2192,6
human572|p60,6
human620|p1299,6
human3584|p1298,6
human1749|p718,6
human2256|p142,6
human1236|p69,6
human1247|p69,6
human1933|p70,6
human2010|p1131,6
human2016|p1100,6
human2915|p136,6
human2031|p504,6
human2044|p503,6
human341|p1815,6
human3467|p845,6
human3485|p1349,6
human3486|p863,6
human3487|p788,6
human3488|p57,6
human1203|p299,6
human59|p438,6
human82|p7,6
human523|p3572,6
human953|p2522,6
human962|p3501,6
human1020|p884,6
human1057|p141,6
human1058|p835,6
human1967|p134,6
human3241|p3224,6
human3247|p3366,6
human3342|p579,6
human2085|p94,6
human3310|p1164,6
human3311|p1165,6
human1075|p382,6
human1076|p382,6
human2685|p181,6
human1757|p505,6
human286|p1453,6
human589|p913,6
human3741|p30,6
human140|p2850,6
human211|p1485,6
human391|p1585,6
human992|p1766,6
human993|p1767,6
human994|p1766,6
human1260|p806,6
human1457|p529,6
human2147|p174,6
human2778|p88,6
human2779|p668,6
human2911|p1011,6
human2912|p1008,6
human3091|p2549,6
human3114|p2927,6
human3127|p2709,6
human3428|p3659,6
human3733|p326,6
human1664|p446,6
human2013|p301,6
human2018|p299,6
human622|p1607,6
human1049|p1949,6
human2419|p227,6
human2836|p596,6
human3445|p2597,6
human3446|p2596,6
human3490|p204,6
human3492|p623,6
human1932|p489,6
human298|p325,6
human1583|p1884,6
human1600|p1685,6
human3494|p129,6
human2671|p1161,6
human2140|p1118,6
human1286|p786,6
human1289|p788,6
human1176|p375,6
human1183|p376,6
human1192|p284,6
human1197|p284,6
human3491|p31,6
human157|p206,6
human1077|p3394,6
human1082|p3732,6
human1085|p3625,6
human3493|p1844,6
human2411|p3121,6
human345|p1346,6
human116|p3858,6
human1226|p676,6
human2400|p1068,6
human2657|p2594,6
human1979|p4013,6
human1981|p3867,6
human1991|p2360,6
human2507|p504,6
human2514|p503,6
human3489|p1071,6
human1242|p694,6
human1733|p679,6
human2917|p860,6
human3132|p2607,6
human1253|p4434,6
human1257|p3321,6
human2307|p998,6
human2321|p995,6
human2322|p1049,6
human2327|p1049,6
human2009|p1304,6
human877|p2289,6
human1121|p1241,6
human1128|p1193,6
human1333|p105,6
human1920|p518,6
human2726|p594,6
human3634|p1233,6
human3636|p6,6
human1528|p2440,6
human1559|p2473,6
human1569|p2473,6
human3701|p362,6
human1728|p169,6
human2007|p1356,6
human107|p1351,6
human325|p437,6
human797|p2044,6
human1951|p1071,6
human2928|p440,6
human1950|p975,6
human2706|p455,6
human995|p2250,6
human3047|p2163,6
human3122|p2317,6
human3262|p2290,6
human3265|p2225,6
human3312|p2319,6
human3394|p2365,6
human3631|p969,6
human3101|p368,6
human91|p661,6
human2924|p1485,6
human771|p1279,6
human1632|p1936,6
human2447|p914,6
human2469|p927,6
human2497|p1873,6
human2824|p2022,6
human2901|p1780,6
human3269|p2315,6
human3397|p3482,6
human2259|p2626,6
human482|p530,6
human985|p2182,6
human1579|p2058,6
human1701|p3168,6
human1701|p8120,6
human1704|p3139,6
human1706|p3912,6
human2224|p4083,6
human2225|p3880,6
human2226|p3813,6
human2288|p3929,6
human2907|p1,6
human338|p2127,6
human2391|p2351,6
human3632|p195,6
human728|p733,6
human1011|p5855,6
human1002|p3361,6
human1003|p3360,6
human1005|p2951,6
human762|p561,6
human1359|p1399,6
human1797|p1759,6
human1813|p1759,6
human2592|p1900,6
human3606|p530,6
human3128|p2343,6
human3229|p1247,6
human3230|p1245,6
human3257|p2501,6
human3258|p2508,6
human3338|p165,6
human3348|p4035,6
human3349|p4060,6
human3369|p468,6
human3370|p470,6
human2263|p888,6
human3633|p1055,6
human1290|p2627,6
human2083|p683,6
human3218|p1485,6
human3407|p677,6
human983|p3279,6
human990|p3279,6
human3078|p3153,6
human3079|p3154,6
human3280|p2519,6
human3283|p3522,6
human3298|p3426,6
human3313|p3422,6
human3314|p3366,6
human3369|p3852,6
human3370|p3928,6
human3389|p3526,6
human193|p1555,6
human3060|p2725,6
human3238|p4306,6
human2672|p1473,6
human1643|p552,6
human3484|p1359,6
human836|p1940,6
human1040|p548,6
human3323|p263,6
human3325|p263,6
human3128|p1230,6
human3229|p2754,6
human3230|p2750,6
human3257|p623,6
human3258|p624,6
human3348|p3548,6
human3365|p306,6
human3231|p77,6
human3605|p498,6
human854|p3081,6
human3684|p3630,6
human2723|p1113,6
human2725|p1112,6
human2729|p1455,6
human3565|p1581,6
human789|p1985,6
human2568|p1068,6
human144|p3519,6
human746|p2087,6
human947|p3946,6
human949|p3946,6
human950|p3135,6
human3376|p1735,6
human3377|p1736,6
human3683|p3227,6
human3685|p2304,6
human3686|p4391,6
human3688|p1926,6
human3689|p1081,6
human3690|p2867,6
human3691|p3295,6
human3692|p4279,6
human3693|p2860,6
human1006|p3898,6
human1008|p3902,6
human3095|p3675,6
human3119|p2764,6
human3391|p4200,6
human1902|p997,6
human2951|p815,6
human2980|p919,6
human29|p1753,6
human879|p2848,6
human1960|p1835,6
human2005|p1468,6
human2014|p1536,6
human2022|p1517,6
human3365|p3335,6
human1320|p1498,6
human94|p2960,6
human3102|p907,6
human3104|p906,6
human3161|p2182,6
human3162|p2181,6
human3347|p1919,6
human1219|p3417,6
human1221|p3419,6
human1223|p3056,6
human2152|p3370,6
human1975|p574,6
human918|p3039,6
human3008|p3527,6
human3009|p3286,6
human149|p2625,6
human793|p875,6
human2831|p1226,6
human2841|p1183,6
human1042|p2483,6
human1653|p2500,6
human1655|p2524,6
human2019|p310,6
human2654|p3040,6
human2659|p189,6
human3017|p488,6
human3124|p2680,6
human3353|p2458,6
human3355|p2447,6
human3392|p2930,6
human3423|p1014,6
human495|p3393,6
human2384|p1329,6
human3563|p1485,6
human1275|p280,6
human1279|p280,6
human1988|p2495,6
human932|p2027,6
human933|p2026,6
human938|p2026,6
human1633|p3480,6
human3029|p445,6
human3032|p2859,6
human3401|p2580,6
human957|p4151,6
human959|p4152,6
human3054|p4196,6
human3057|p4586,6
human3136|p614,6
human3440|p3906,6
human3442|p3802,6
human3712|p2107,6
human997|p2052,6
human2473|p3059,6
human2477|p3257,6
human2480|p3059,6
human2559|p2169,6
human2562|p2166,6
human2803|p3562,6
human2811|p3518,6
human3564|p1429,6
human3552|p2785,6
human29|p2328,6
human275|p628,6
human307|p3881,6
human355|p1635,6
human427|p2199,6
human430|p4872,6
human447|p1782,6
human1822|p1665,6
human3784|p1156,6
human291|p1496,6
human152|p3191,6
human3318|p205,6
human3385|p2070,6
human997|p4316,6
human2089|p2007,6
human2224|p680,6
human2225|p680,6
human2226|p617,6
human423|p1025,6
human1219|p1918,6
human1221|p1919,6
human1223|p1677,6
human2002|p3231,6
human2012|p3231,6
human2015|p3231,6
human3101|p4512,6
human3102|p3420,6
human3347|p391,6
human1781|p1549,6
human512|p991,6
human2025|p1791,6
human28|p556,6
human957|p3713,6
human959|p3714,6
human3054|p3753,6
human3057|p4027,6
human3161|p3377,6
human3162|p3379,6
human3440|p3114,6
human3442|p3113,6
human3046|p625,6
human970|p3016,6
human973|p3021,6
human3064|p2802,6
human591|p1562,6
human760|p2215,6
human922|p3869,6
human930|p3710,6
human936|p3716,6
human1024|p3569,6
human3012|p2629,6
human3322|p2925,6
human3463|p3643,6
human3603|p4091,6
human364|p1192,6
human3136|p3110,6
human3495|p1137,6
human8|p2090,6
human2489|p1333,6
human723|p1199,6
human1001|p1989,6
human1004|p1988,6
human1016|p2459,6
human3043|p2175,6
human3174|p1833,6
human3175|p1833,6
human3332|p2420,6
human3360|p1737,6
human3362|p1735,6
human3468|p811,6
human3713|p522,6
human1028|p713,6
human3345|p68,6
human983|p90,6
human990|p90,6
human1217|p82,6
human1579|p1364,6
human1701|p213,6
human1701|p5165,6
human1704|p213,6
human1706|p703,6
human2288|p1636,6
human2907|p2217,6
human3078|p1245,6
human3079|p1245,6
human3280|p2712,6
human3283|p2517,6
human3298|p2073,6
human3313|p1039,6
human3314|p1041,6
human3389|p2624,6
human1210|p1959,6
human417|p1207,6
human2064|p4086,6
human710|p33,6
human1323|p1161,6
human1331|p1162,6
human2106|p558,6
human2108|p558,6
human2296|p1230,6
human2299|p1231,6
human3388|p788,6
human1356|p211,6
human2008|p333,6
human262|p2015,6
human1113|p4050,6
human2281|p4198,6
human2282|p4205,6
human2283|p4198,6
human2284|p3885,6
human858|p747,6
human3717|p1441,6
human2996|p764,6
human2997|p768,6
human855|p1636,6
human1987|p140,6
human1200|p256,6
human3516|p291,6
human2749|p1772,6
human1979|p4554,6
human1981|p4377,6
human2507|p3428,6
human2514|p3424,6
human2346|p886,6
human3471|p628,6
human3474|p628,6
human3675|p1984,6
human256|p1775,6
human1992|p2496,6
human1458|p2610,6
human1477|p2493,6
human588|p193,6
human2072|p3335,6
human3126|p697,6
human3200|p20,6
human3256|p679,6
human2036|p176,6
human2039|p176,6
human3402|p3770,6
human3403|p3772,6
human3604|p1356,6
human3727|p5174,6
human1996|p3686,6
human3786|p1003,6
human713|p1664,6
human714|p2990,6
human715|p4075,6
human716|p5123,6
human718|p209,6
human218|p2658,6
human452|p3749,6
human487|p4091,6
human915|p4123,6
human916|p4124,6
human952|p4164,6
human954|p4164,6
human3007|p3856,6
human3210|p3838,6
human3599|p4210,6
human3600|p2895,6
human3601|p4513,6
human3602|p2837,6
human3714|p260,6
human999|p545,6
human1000|p544,6
human3098|p1285,6
human3099|p1282,6
human3125|p3580,6
human3472|p2294,6
human1244|p483,6
human371|p4902,6
human2682|p2084,6
human2697|p1822,6
human3189|p1615,6
human3190|p1615,6
human3192|p1536,6
human3193|p1466,6
human3203|p3985,6
human3206|p3985,6
human1013|p3057,6
human1015|p3056,6
human3139|p1306,6
human3144|p3125,6
human3146|p3320,6
human3293|p4035,6
human406|p3767,6
human2365|p275,6
human2407|p275,6
human2431|p366,6
human2496|p754,6
human2548|p848,6
human2549|p848,6
human2561|p831,6
human3350|p648,6
human1582|p3191,6
human346|p2053,6
human2530|p1236,6
human270|p2695,6
human636|p2214,6
human28|p2376,6
human495|p2934,6
human3387|p2683,6
human3715|p407,6
human937|p3586,6
human1143|p168,6
human1149|p224,6
human1163|p225,6
human2662|p119,6
human2668|p95,6
human2673|p862,6
human3026|p3732,6
human3027|p3723,6
human3028|p3724,6
human3129|p1397,6
human3130|p1397,6
human608|p1277,6
human3571|p2969,6
human784|p637,6
human2557|p1551,6
human2638|p3855,6
human2646|p2514,6
human2681|p5022,6
human2691|p4663,6
human2698|p5010,6
human30|p2170,6
human92|p1221,6
human98|p828,6
human248|p3159,6
human272|p2370,6
human488|p1996,6
human496|p3548,6
human561|p1241,6
human571|p2052,6
human579|p3820,6
human1793|p757,6
human1805|p757,6
human1355|p1594,6
human3721|p509,6
human3421|p799,6
human3425|p799,6
human1901|p762,6
human1903|p835,6
human1027|p2544,6
human1030|p2548,6
human1033|p2541,6
human1052|p4134,6
human1055|p4172,6
human2087|p2105,6
human3141|p2735,6
human3303|p217,6
human3305|p2293,6
human3308|p2289,6
human3346|p2626,6
human1041|p4258,6
human3409|p4269,6
human3726|p548,6
human77|p1500,6
human1743|p1402,6
human633|p935,6
human917|p125,6
human920|p125,6
human3155|p3977,6
human3157|p3658,6
human3160|p3933,6
human3163|p3937,6
human3170|p4088,6
human3435|p4077,6
human3457|p3153,6
human3476|p4075,6
human754|p370,6
human758|p4817,6
human3724|p143,6
human2302|p1477,6
human1109|p5015,6
human3291|p3687,6
human3300|p2550,6
human3301|p2550,6
human3302|p2426,6
human3185|p134,6
human3187|p134,6
human3319|p134,6
human3320|p134,6
human3321|p134,6
human3036|p3220,6
human318|p2026,6
human1830|p2797,6
human948|p3120,6
human3038|p2627,6
human3045|p1108,6
human3282|p1844,6
human3358|p3745,6
human3431|p1065,6
human3598|p5374,6
human1051|p3611,6
human2493|p4141,6
human3448|p5021,6
human3450|p5026,6
human798|p4972,6
human1054|p4771,6
human1962|p3982,6
human3123|p820,6
human3454|p4076,6
human3456|p3215,6
human3676|p1949,6
human2453|p2714,6
human2472|p2733,6
human2474|p2775,6
human319|p2737,6
human3134|p3405,6
human2330|p3694,6
human2333|p3565,6
human3458|p1601,6
human3478|p1069,6
human2089|p1396,6
human1389|p1981,6
human2289|p1082,6
human2290|p1089,6
human2291|p1081,6
human2298|p1899,6
human2301|p1785,6
human3638|p385,6
human2533|p1709,6
human905|p1383,6
human2475|p842,6
human3211|p908,6
human3292|p1034,6
human2581|p1200,6
human457|p1437,6
human3680|p3895,6
human17|p2900,6
human1180|p1140,6
human1195|p1463,6
human350|p998,6
human3720|p306,6
human594|p728,6
human2109|p1318,6
human2310|p2406,6
human2315|p2332,6
human243|p924,6
human3517|p3735,6
human80|p136,6
human1836|p564,6
human1851|p206,6
human868|p1849,6
human3571|p2924,6
human1671|p238,6
human2028|p1277,6
human565|p487,6
human1925|p777,6
human1201|p1849,6
human1205|p1720,6
human1207|p1762,6
human1211|p1348,6
human2035|p2340,6
human2045|p2062,6
human807|p1052,6
human956|p1805,6
human958|p1805,6
human3055|p4424,6
human3059|p4283,6
human3367|p3129,6
human3368|p3126,6
human3372|p3575,6
human3427|p1607,6
human3646|p605,6
human1835|p4421,6
human1841|p4977,6
human1859|p440,6
human1861|p439,6
human1866|p439,6
human1874|p1529,6
human1878|p1528,6
human1881|p1529,6
human3143|p2539,6
human3326|p24,6
human3327|p24,6
human3363|p690,6
human3364|p689,6
human2087|p4689,6
human361|p2082,6
human1741|p151,6
human1751|p151,6
human1753|p150,6
human1759|p285,6
human287|p913,6
human26|p927,6
human1974|p2242,6
human1619|p140,6
human1639|p296,6
human1929|p908,6
human3337|p277,6
human934|p2775,6
human1148|p833,6
human3249|p2961,6
human3253|p2964,6
human678|p561,6
human2503|p1466,6
human2210|p324,6
human2442|p103,6
human2476|p103,6
human1970|p2181,6
human1974|p2259,6
human1983|p2212,6
human2145|p2262,6
human3232|p1515,6
human3329|p2695,6
human1792|p3398,6
human2717|p4726,6
human3719|p880,6
human3432|p1823,6
human3001|p4186,6
human3005|p3790,6
human2910|p869,6
human2863|p2818,6
human2881|p2998,6
human782|p1783,6
human1036|p2235,6
human1044|p2250,6
human1270|p5014,6
human1272|p4807,6
human1278|p5782,6
human1696|p2521,6
human2048|p290,6
human2577|p5569,6
human2578|p5445,6
human2580|p5482,6
human1019|p1728,6
human1035|p1777,6
human1578|p1185,6
human1580|p1389,6
human3151|p1770,6
human3213|p1909,6
human3214|p1908,6
human3225|p1812,6
human3275|p2175,6
human3277|p2175,6
human1110|p2354,6
human1114|p2176,6
human1133|p2367,6
human1700|p2385,6
human1700|p4824,6
human2719|p2470,6
human2720|p2018,6
human3637|p2248,6
human2252|p960,6
human2812|p1681,6
human1014|p1463,6
human1018|p1462,6
human3148|p1511,6
human2787|p2305,6
human2792|p2304,6
human1842|p992,6
human1017|p1463,6
human3138|p1858,6
human3140|p1717,6
human3149|p1454,6
human2055|p1305,6
human2212|p489,6
human2220|p423,6
human1122|p2367,6
human1039|p550,6
human1043|p552,6
human152|p2551,6
human262|p5388,6
human1113|p3125,6
human2281|p4032,6
human2282|p4039,6
human2283|p4032,6
human2284|p4638,6
human2286|p4555,6
human1736|p1337,6
human2857|p3477,6
human3718|p1296,6
human2353|p1294,6
human782|p118,6
human2577|p2962,6
human2578|p2961,6
human2580|p2958,6
human1166|p355,6
human2176|p468,6
human2187|p490,6
human2048|p3987,6
human2492|p457,6
human38|p274,6
human2745|p1124,6
human3798|p1427,6
human1581|p159,6
human3108|p2361,6
human3109|p2147,6
human784|p293,6
human1984|p680,6
human463|p1838,6
human535|p1537,6
human2758|p2178,6
human1243|p683,6
human3662|p333,6
human299|p230,6
human553|p1859,6
human754|p4253,6
human758|p5373,6
human1446|p1392,6
human1461|p2600,6
human1479|p2268,6
human1488|p1967,6
human1499|p1766,6
human2311|p752,6
human2316|p752,6
human799|p1871,6
human2086|p1346,6
human2103|p1303,6
human1505|p1729,6
human1521|p1729,6
human1550|p1729,6
human1558|p1729,6
human2341|p349,6
human1799|p2250,6
human3664|p589,6
human640|p3418,6
human2177|p282,6
human416|p2953,6
human1290|p4265,6
human2513|p2640,6
human2517|p2422,6
human349|p52,6
human2699|p976,6
human611|p270,6
human1830|p3027,6
human270|p417,6
human636|p2434,6
human1977|p573,6
human841|p1449,6
human3405|p1433,6
human3411|p5353,6
human2318|p1509,6
human2999|p3202,6
human3002|p3082,6
human3050|p514,6
human3062|p1200,6
human3077|p374,6
human3100|p646,6
human3103|p646,6
human3178|p596,6
human3219|p681,6
human3393|p1448,6
human3422|p1377,6
human1025|p3631,6
human3010|p1432,6
human3011|p1432,6
human3040|p398,6
human3073|p608,6
human3076|p608,6
human3112|p2850,6
human3195|p2039,6
human3242|p203,6
human3246|p2972,6
human3344|p2510,6
human3373|p2515,6
human3382|p380,6
human3384|p380,6
human3390|p2973,6
human3430|p3807,6
human3434|p1398,6
human3462|p601,6
human977|p374,6
human3036|p1330,6
human3131|p3224,6
human2453|p1991,6
human2472|p2029,6
human2474|p2008,6
human3048|p2447,6
human3113|p387,6
human3287|p598,6
human3145|p2322,6
human3395|p574,6
human3396|p574,6
human3420|p353,6
human95|p2920,6
human1991|p1635,6
human434|p4478,6
human3406|p3726,6
human379|p1293,6
human1896|p6124,6
human1905|p5668,6
human2570|p649,6
human2349|p1132,6
human2222|p465,6
human2174|p1191,6
human2184|p1191,6
human2196|p1190,6
human2586|p945,6
human3|p1735,7
human84|p4254,7
human130|p877,7
human536|p4233,7
human613|p1560,7
human246|p3393,7
human3169|p3945,7
human3361|p3727,7
human3410|p1747,7
human1050|p336,7
human3134|p389,7
human152|p517,7
human2281|p5571,7
human2282|p5581,7
human2283|p5518,7
human2284|p4406,7
human2286|p4323,7
human262|p673,7
human135|p1961,7
human446|p3886,7
human667|p3063,7
human816|p159,7
human830|p3836,7
human1826|p2316,7
human1827|p2322,7
human2602|p4108,7
human2557|p4445,7
human2638|p3842,7
human2646|p3960,7
human3448|p4864,7
human3450|p4869,7
human2332|p3622,7
human3398|p786,7
human449|p3970,7
human283|p3937,7
human2048|p4114,7
human854|p2711,7
human744|p2116,7
human3677|p1871,7
human3678|p744,7
human713|p1651,7
human714|p3003,7
human715|p2483,7
human716|p5136,7
human718|p222,7
human858|p761,7
human2563|p1315,7
human2564|p1447,7
human3689|p4363,7
human1709|p4083,7
human387|p2780,7
human2473|p2478,7
human2477|p2676,7
human2480|p2478,7
human2559|p1682,7
human2562|p1680,7
human2803|p713,7
human2811|p712,7
human3440|p1301,7
human3442|p1301,7
human957|p1086,7
human959|p1086,7
human3054|p1398,7
human3057|p1398,7
human292|p372,7
human1275|p2311,7
human1279|p2310,7
human2596|p291,7
human368|p849,7
human1631|p3401,7
human1634|p3399,7
human1636|p3396,7
human1646|p2689,7
human1647|p2689,7
human1648|p2687,7
human1461|p775,7
human1479|p772,7
human1488|p228,7
human1499|p228,7
human799|p2840,7
human3001|p3763,7
human59|p2967,7
human82|p1797,7
human523|p1278,7
human1020|p1897,7
human2062|p1161,7
human2065|p1098,7
human937|p4955,7
human3026|p5212,7
human3027|p5002,7
human3028|p5003,7
human1039|p4310,7
human1043|p4312,7
human3437|p450,7
human2229|p1793,7
human2233|p1850,7
human934|p2486,7
human3249|p3339,7
human3253|p3342,7
human970|p1751,7
human973|p1753,7
human3064|p1423,7
human3459|p105,7
human972|p1191,7
human974|p1191,7
human3037|p1314,7
human3039|p1315,7
human3156|p280,7
human3172|p64,7
human3296|p440,7
human3299|p440,7
human3413|p1404,7
human116|p2558,7
human1446|p1631,7
human1522|p2237,7
human1525|p2235,7
human1576|p929,7
human2851|p2240,7
human2870|p2240,7
human2895|p2239,7
human3036|p3968,7
human2846|p3889,7
human2876|p3888,7
human3040|p956,7
human3382|p3785,7
human3384|p3067,7
human3393|p2182,7
human1459|p3984,7
human1483|p1406,7
human1494|p1407,7
human3420|p2718,7
human1025|p3449,7
human3073|p1878,7
human3076|p1878,7
human3112|p4325,7
human3166|p1664,7
human3167|p3124,7
human876|p2332,7
human3131|p664,7
human3145|p3502,7
human3395|p5835,7
human3396|p5659,7
human3048|p4368,7
human3113|p5119,7
human3150|p4344,7
human3420|p5113,7
human249|p2251,7
human289|p406,7
human800|p380,7
human2775|p1423,7
human2074|p1319,7
human2075|p1321,7
human2079|p1320,7
human2142|p1945,7
human2150|p2069,7
human2154|p2710,7
human2159|p2053,7
human2164|p2051,7
human1042|p2314,7
human3108|p2652,7
human3109|p2392,7
human1581|p2743,7
human254|p1204,7
human1011|p2702,7
human2787|p2317,7
human2792|p2316,7
human1202|p1590,7
human1206|p1540,7
human975|p3640,7
human978|p3649,7
human3067|p2757,7
human3404|p1519,7
human3016|p2707,7
human3188|p1672,7
human3188|p2222,7
human1703|p719,7
human975|p2802,7
human978|p2809,7
human3067|p1722,7
human1482|p2351,7
human908|p3249,7
human380|p2303,7
human434|p2789,7
human3179|p1101,7
human3181|p1107,7
human1900|p66,7
human1514|p2332,7
human1565|p2994,7
human1854|p2008,7
human1539|p2658,7
human3165|p2511,7
human3201|p1994,7
human3418|p3195,7
human2411|p4825,7
human2388|p2256,7
human3212|p4082,7
human3215|p3837,7
human1837|p102,7
human3014|p4410,7
human3025|p4455,7
human3030|p3971,7
human3044|p4393,7
human3069|p4492,7
human478|p2353,7
human2847|p697,7
human1011|p3917,7
human3248|p2824,7
human3182|p3443,7
human3072|p764,7
human3164|p2135,7
human3414|p1018,7
human3404|p1550,7
human3429|p813,7
human3092|p4359,7
human3094|p4283,7
human3159|p3736,7
human3238|p4061,7
human1006|p4159,7
human1008|p4164,7
human3119|p2501,7
human318|p897,7
human636|p2727,7
human1830|p1348,7
human2999|p3372,7
human3002|p3155,7
human3400|p4028,7
human3391|p3260,7
human2411|p4360,7
human382|p814,7
human934|p496,7
human3249|p3278,7
human3253|p3281,7
human1039|p1396,7
human1043|p1398,7
human3406|p461,7
human185|p2311,7
human3001|p3776,7
human3005|p3393,7
human3448|p5099,7
human3450|p5124,7
human3232|p1421,7
human3329|p278,7
human1889|p2691,7
human1917|p2761,7
human1607|p91,7
human976|p151,7
human980|p150,7
human3066|p3789,7
human3068|p1903,7
human3071|p2884,7
human3438|p277,7
human3439|p276,7
human3330|p1625,7
human3274|p2275,7
human81|p113,7
human84|p3436,7
human130|p1626,7
human246|p3494,7
human536|p3113,7
human613|p4882,7
human1050|p4974,7
human3169|p408,7
human3361|p1091,7
human3410|p1926,7
human932|p3351,7
human933|p3326,7
human938|p3257,7
human971|p3624,7
human1633|p1392,7
human3017|p3685,7
human3029|p1007,7
human3032|p345,7
human3063|p4058,7
human3353|p2226,7
human3355|p2215,7
human3387|p3443,7
human3401|p1116,7
human3423|p4334,7
human3|p3119,7
human3279|p608,7
human3281|p276,7
human2577|p545,7
human2578|p545,7
human2580|p545,7
human377|p768,7
human3392|p4515,7
human1653|p1040,7
human1655|p2031,7
human3143|p3646,7
human3326|p1565,7
human3327|p1568,7
human3363|p4630,7
human1902|p842,7
human1041|p2698,7
human3409|p2856,7
human782|p4261,7
human1051|p4139,7
human2493|p394,7
human2332|p1129,7
human2048|p1308,7
human3294|p1918,7
human3295|p1935,7
human458|p1462,7
human1036|p3086,7
human1044|p3105,7
human3134|p2711,7
human3398|p30,7
human283|p1843,7
human1839|p3474,7
human1849|p3213,7
human1860|p2747,7
human713|p1819,7
human714|p3458,7
human715|p557,7
human716|p3138,7
human718|p971,7
human474|p2972,7
human387|p2424,7
human2281|p3193,7
human2282|p3199,7
human2283|p3193,7
human2284|p3303,7
human2286|p3303,7
human539|p333,7
human637|p3450,7
human923|p1874,7
human924|p1874,7
human3013|p2116,7
human3015|p3189,7
human3360|p416,7
human3362|p416,7
human262|p5807,7
human1113|p1868,7
human858|p4936,7
human1792|p3241,7
human2717|p2768,7
human2563|p3728,7
human2564|p4046,7
human934|p2495,7
human3249|p3348,7
human3253|p3351,7
human1776|p567,7
human2202|p524,7
human2429|p782,7
human2432|p588,7
human2478|p779,7
human2490|p817,7
human2500|p815,7
human2843|p749,7
human2844|p748,7
human2680|p609,7
human754|p2566,7
human758|p3203,7
human2152|p3788,7
human3353|p4457,7
human1039|p4694,7
human1043|p4696,7
human3406|p4025,7
human793|p2403,7
human1924|p1700,7
human1926|p1577,7
human3124|p3999,7
human340|p1122,7
human1657|p1849,7
human2660|p1520,7
human971|p3326,7
human3063|p3253,7
human976|p3838,7
human980|p3832,7
human3066|p3536,7
human3068|p3745,7
human3071|p4112,7
human3274|p3597,7
human422|p147,7
human205|p3783,7
human1960|p1673,7
human2557|p2609,7
human2646|p194,7
human1653|p4382,7
human1655|p4726,7
human3423|p2269,7
human2760|p627,7
human2638|p4212,7
human440|p1719,7
human3252|p4461,7
human2933|p2399,7
human3392|p4667,7
human3438|p4122,7
human3439|p3831,7
human1508|p1196,7
human1534|p1195,7
human1552|p1748,7
human1567|p1748,7
human1739|p301,7
human2751|p1379,7
human606|p783,7
human3017|p4558,7
human2849|p782,7
human2884|p782,7
human1320|p2070,7
human1633|p2847,7
human3279|p4009,7
human3281|p3831,7
human3401|p4116,7
human538|p3232,7
human157|p929,7
human1679|p1447,7
human1688|p241,7
human1690|p241,7
human1697|p1956,7
human826|p2006,7
human1275|p604,7
human1279|p604,7
human1218|p1926,7
human1229|p2184,7
human2168|p900,7
human3414|p88,7
human227|p288,7
human3165|p4002,7
human3201|p1835,7
human3212|p4014,7
human3215|p3769,7
human3418|p3695,7
human3000|p3412,7
human3014|p3665,7
human3025|p3717,7
human3030|p3386,7
human3044|p2377,7
human3069|p4432,7
human3248|p4190,7
human3677|p5573,7
human3678|p4312,7
human652|p2396,7
human28|p1680,7
human495|p1773,7
human2268|p5,7
human3719|p637,7
human1219|p1238,7
human1221|p1239,7
human1223|p997,7
human3429|p3324,7
human2473|p2045,7
human2477|p2243,7
human2480|p2045,7
human822|p729,7
human933|p4056,7
human2753|p702,7
human883|p1467,7
human363|p2978,7
human2858|p1346,7
human2888|p1240,7
human1269|p724,7
human1273|p723,7
human1281|p1509,7
human1582|p813,7
human2559|p1354,7
human2562|p1352,7
human2803|p998,7
human2811|p997,7
human2769|p1614,7
human873|p892,7
human1658|p1536,7
human122|p1120,7
human1585|p2495,7
human1593|p2629,7
human1833|p2877,7
human2927|p1803,7
human167|p993,7
human1001|p477,7
human1004|p476,7
human2250|p1514,7
human2253|p1576,7
human2257|p1642,7
human3092|p4420,7
human3094|p4344,7
human3159|p3842,7
human2346|p2996,7
human417|p1993,7
human723|p2388,7
human746|p3860,7
human1002|p208,7
human1003|p208,7
human1005|p22,7
human3174|p20,7
human3175|p20,7
human3332|p388,7
human3400|p4452,7
human2444|p1351,7
human2445|p1351,7
human947|p629,7
human949|p628,7
human950|p864,7
human3685|p1196,7
human3687|p4455,7
human3686|p1723,7
human3692|p2046,7
human991|p2786,7
human996|p2372,7
human1094|p1479,7
human1095|p1425,7
human937|p1225,7
human3026|p2790,7
human3027|p2784,7
human3028|p2785,7
human471|p580,7
human2391|p1853,7
human3376|p1545,7
human3377|p1546,7
human3688|p519,7
human3689|p3284,7
human3690|p646,7
human3691|p3837,7
human3135|p1780,7
human262|p4995,7
human3431|p530,7
human3218|p1460,7
human213|p3091,7
human152|p3833,7
human2284|p3384,7
human2286|p3384,7
human48|p1424,7
human3164|p2592,7
human3168|p2962,7
human3171|p2964,7
human1103|p1474,7
human1105|p1176,7
human1108|p1176,7
human1029|p278,7
human1034|p278,7
human995|p637,7
human3047|p395,7
human3088|p1012,7
human3122|p1095,7
human3262|p587,7
human3265|p587,7
human3269|p842,7
human3312|p904,7
human3394|p502,7
human275|p5132,7
human1016|p54,7
human3043|p312,7
human3060|p2643,7
human3386|p682,7
human3449|p2455,7
human2064|p2675,7
human1936|p1932,7
human3598|p3747,7
human1605|p446,7
human1719|p136,7
human1721|p136,7
human291|p4882,7
human307|p197,7
human427|p592,7
human430|p3542,7
human37|p2390,7
human526|p3189,7
human3471|p2544,7
human3474|p2543,7
human3479|p2089,7
human3675|p869,7
human144|p2447,7
human918|p2412,7
human3008|p2644,7
human3009|p2404,7
human1006|p4367,7
human1008|p4372,7
human3119|p1582,7
human1046|p1009,7
human214|p2424,7
human1589|p377,7
human1592|p377,7
human3095|p3870,7
human3391|p3790,7
human808|p149,7
human3707|p1434,7
human1370|p766,7
human3282|p2125,7
human3358|p168,7
human435|p267,7
human3397|p2479,7
human3683|p1753,7
human3693|p1387,7
human859|p2003,7
human798|p3055,7
human1962|p1013,7
human1584|p1625,7
human1590|p1615,7
human1617|p1276,7
human355|p2760,7
human3323|p973,7
human3325|p1018,7
human3468|p891,7
human2489|p1743,7
human3627|p86,7
human3630|p1838,7
human2281|p2114,7
human2282|p2119,7
human2283|p2114,7
human1909|p1768,7
human1918|p1769,7
human831|p1150,7
human843|p2236,7
human482|p1528,7
human1040|p388,7
human3407|p837,7
human2270|p1566,7
human1597|p237,7
human1604|p237,7
human1609|p113,7
human1616|p113,7
human2861|p646,7
human1303|p237,7
human2307|p886,7
human2321|p884,7
human2322|p877,7
human2327|p877,7
human3684|p1555,7
human3784|p4378,7
human1054|p916,7
human512|p2062,7
human985|p456,7
human2008|p1243,7
human2050|p1044,7
human2052|p1012,7
human3628|p1790,7
human3238|p3187,7
human119|p2207,7
human948|p103,7
human3038|p1497,7
human3045|p1639,7
human3123|p3383,7
human3454|p106,7
human3456|p4700,7
human595|p530,7
human3615|p1106,7
human3617|p1506,7
human3618|p798,7
human3619|p1583,7
human3620|p1355,7
human3621|p294,7
human3622|p172,7
human3624|p1991,7
human3625|p178,7
human502|p390,7
human3626|p1413,7
human3273|p2264,7
human62|p1844,7
human212|p2304,7
human128|p1060,7
human322|p476,7
human3220|p1174,7
human3224|p1142,7
human2568|p1809,7
human764|p577,7
human789|p2162,7
human2682|p1010,7
human2697|p890,7
human2900|p3633,7
human2902|p3570,7
human1113|p3172,7
human937|p292,7
human3629|p180,7
human541|p3247,7
human3424|p1053,7
human3385|p433,7
human3783|p4466,7
human3591|p1534,7
human282|p1145,7
human3623|p1144,7
human772|p146,7
human779|p1771,7
human188|p236,7
human2679|p341,7
human3588|p1475,7
human125|p1663,7
human3589|p2029,7
human1925|p587,7
human2806|p2321,7
human3616|p1402,7
human3180|p1036,7
human836|p538,7
human64|p757,7
human240|p2431,7
human1356|p2678,7
human885|p3307,7
human3026|p979,7
human3027|p976,7
human3028|p976,7
human80|p1566,7
human95|p2754,7
human43|p1227,7
human910|p356,7
human911|p832,7
human912|p1524,7
human224|p605,7
human2491|p1821,7
human3184|p2597,7
human3186|p2597,7
human3515|p3794,7
human164|p3104,7
human574|p2391,7
human3514|p344,7
human1178|p819,7
human1191|p1504,7
human1196|p1501,7
human1198|p1386,7
human313|p1768,7
human698|p531,7
human73|p1906,7
human945|p1052,7
human3594|p262,7
human884|p907,7
human1941|p3490,7
human1822|p369,7
human298|p42,7
human3459|p1680,7
human583|p1296,7
human1515|p160,7
human1530|p160,7
human2558|p2659,7
human1627|p1575,7
human3590|p565,7
human1983|p705,7
human1532|p487,7
human1538|p723,7
human1556|p726,7
human1570|p724,7
human1600|p930,7
human2066|p310,7
human2069|p467,7
human2124|p1696,7
human2130|p1645,7
human2141|p976,7
human3289|p284,7
human88|p2401,7
human3597|p209,7
human3785|p402,7
human374|p269,7
human1680|p1578,7
human1346|p456,7
human972|p245,7
human974|p245,7
human3037|p1534,7
human3039|p1536,7
human3156|p387,7
human3172|p916,7
human3296|p764,7
human3299|p1046,7
human3413|p718,7
human695|p1944,7
human700|p333,7
human2254|p1902,7
human2992|p1367,7
human3285|p1401,7
human3593|p1447,7
human1211|p2348,7
human222|p1019,7
human3706|p1125,7
human1321|p3020,7
human1332|p3019,7
human1339|p2917,7
human3505|p55,7
human3509|p365,7
human1691|p256,7
human1806|p809,7
human3805|p643,7
human3381|p1756,7
human2366|p1728,7
human2371|p1732,7
human2379|p1728,7
human2387|p2434,7
human2396|p2434,7
human245|p1076,7
human1730|p2250,7
human734|p471,7
human835|p1021,7
human849|p426,7
human887|p5,7
human889|p877,7
human891|p394,7
human1282|p464,7
human1283|p464,7
human3788|p115,7
human2503|p1285,7
human1769|p776,7
human1773|p1409,7
human3147|p957,7
human1994|p2777,7
human1997|p2628,7
human1436|p66,7
human2483|p154,7
human1093|p1347,7
human189|p3627,7
human1267|p1026,7
human1277|p1562,7
human563|p1439,7
human26|p1763,7
human1201|p851,7
human1205|p765,7
human1207|p851,7
human697|p2586,7
human886|p2963,7
human941|p2084,7
human969|p1730,7
human1007|p2332,7
human3049|p1006,7
human3118|p2416,7
human3205|p1241,7
human3316|p958,7
human3426|p1941,7
human252|p829,7
human662|p3978,7
human3074|p1849,7
human3084|p3639,7
human3085|p3487,7
human3086|p2725,7
human3090|p2721,7
human786|p2758,7
human3412|p1794,7
human1232|p2732,7
human1256|p2483,7
human1261|p3806,7
human2017|p1379,7
human2021|p78,7
human2244|p1192,7
human2245|p1262,7
human565|p586,7
human33|p1893,7
human405|p4081,7
human3380|p3732,7
human1909|p1554,7
human1918|p1555,7
human2149|p2692,7
human2156|p1741,7
human2165|p1554,7
human1998|p208,7
human1953|p1764,7
human2676|p2406,7
human594|p2090,7
human3437|p3037,7
human785|p1355,7
human3250|p229,7
human3255|p229,7
human3596|p105,7
human67|p2023,7
human3771|p939,7
human532|p2661,7
human2144|p251,7
human2145|p250,7
human3196|p889,7
human1958|p2711,7
human1964|p2336,7
human1966|p2414,7
human1973|p3170,7
human1976|p3068,7
human2343|p2027,7
human2350|p1985,7
human2393|p2126,7
human2404|p2061,7
human2309|p2314,7
human21|p822,7
human403|p743,7
human443|p3108,7
human757|p882,7
human339|p669,7
human2650|p1470,7
human108|p1717,7
human848|p2690,7
human1037|p249,7
human1045|p248,7
human3251|p557,7
human3252|p558,7
human3254|p556,7
human3351|p1819,7
human3352|p1729,7
human3399|p1532,7
human3709|p2532,7
human3772|p2037,7
human287|p1696,7
human300|p2038,7
human1700|p2166,7
human1700|p4605,7
human3638|p968,7
human3310|p1387,7
human3311|p1388,7
human1513|p3245,7
human259|p554,7
human580|p580,7
human1341|p1419,7
human728|p914,7
human425|p1453,7
human684|p345,7
human3075|p1183,7
human3082|p2403,7
human3087|p2338,7
human3089|p2340,7
human293|p1901,7
human2719|p2346,7
human2720|p1970,7
human290|p1422,7
human2336|p438,7
human2438|p612,7
human1362|p944,7
human1364|p944,7
human2127|p182,7
human198|p2877,7
human1110|p1705,7
human1114|p1602,7
human1133|p1903,7
human1383|p954,7
human1970|p618,7
human1974|p620,7
human1978|p549,7
human1712|p1551,7
human1713|p1500,7
human3310|p475,7
human3311|p475,7
human2573|p859,7
human3763|p1081,7
human3764|p1493,7
human3765|p157,7
human3766|p1516,7
human3769|p133,7
human3770|p2133,7
human3773|p1341,7
human2967|p2442,7
human2289|p1977,7
human2290|p2007,7
human2291|p1940,7
human2298|p1912,7
human2301|p1798,7
human3191|p968,7
human3194|p1018,7
human3328|p1673,7
human3340|p1225,7
human2062|p1952,7
human2065|p1932,7
human2229|p3116,7
human2233|p2946,7
human10|p1414,7
human165|p2172,7
human1437|p652,7
human1440|p1112,7
human1442|p1109,7
human3152|p2021,7
human3304|p1213,7
human3309|p171,7
human129|p612,7
human2064|p3777,7
human1029|p2303,7
human1034|p2329,7
human2047|p1577,7
human2988|p775,7
human2990|p300,7
human2991|p300,7
human3375|p309,7
human3455|p930,7
human2569|p425,7
human2715|p825,7
human2051|p2030,7
human2054|p2007,7
human2746|p379,7
human3541|p1140,7
human341|p1160,7
human926|p361,7
human3020|p356,7
human3021|p356,7
human253|p40,7
human1187|p178,7
human1188|p178,7
human2656|p491,7
human2676|p3,7
human2905|p72,7
human3260|p944,7
human3261|p413,7
human232|p1646,7
human794|p125,7
human162|p2225,7
human3786|p327,7
human1768|p2304,7
human1770|p2303,7
human143|p1253,7
human1388|p1455,7
human2109|p629,7
human804|p1890,7
human806|p1230,7
human2143|p1983,7
human27|p2249,7
human281|p1401,7
human1661|p669,7
human2684|p528,7
human2693|p529,7
human2712|p3880,7
human3530|p1866,7
human3532|p2130,7
human3538|p1681,7
human3542|p555,7
human3543|p750,7
human2679|p1902,7
human3025|p4473,7
human1529|p2303,7
human1560|p2784,7
human1571|p2777,7
human116|p2073,7
human689|p578,7
human711|p540,7
human942|p125,7
human942|p2427,7
human943|p125,7
human979|p586,7
human982|p517,7
human3034|p1620,7
human3173|p2125,7
human3176|p788,7
human3177|p790,7
human216|p1867,7
human1328|p1635,7
human1335|p1668,7
human3207|p2017,7
human1954|p1632,7
human2908|p159,7
human3808|p763,7
human1111|p642,7
human1119|p562,7
human3637|p1786,7
human2749|p993,7
human3540|p603,7
human1203|p353,7
human1213|p298,7
human3053|p1668,7
human2250|p134,7
human2253|p134,7
human2257|p134,7
human582|p3278,7
human737|p2450,7
human740|p601,7
human2112|p278,7
human2120|p237,7
human1407|p1121,7
human1410|p5511,7
human1433|p5483,7
human2661|p1583,7
human376|p627,7
human407|p3041,7
human1310|p867,7
human1312|p869,7
human1317|p753,7
human1319|p870,7
human2994|p2666,7
human1175|p1345,7
human2312|p1728,7
human2566|p889,7
human2567|p889,7
human2652|p603,7
human2655|p549,7
human2666|p1027,7
human338|p2376,7
human131|p1346,7
human2934|p3654,7
human2127|p2369,7
human1716|p447,7
human1720|p446,7
human431|p4028,7
human2133|p1608,7
human2410|p762,7
human2425|p1174,7
human2426|p1176,7
human2427|p1174,7
human133|p351,7
human477|p17,7
human878|p2241,7
human2529|p1984,7
human250|p1697,7
human3339|p888,7
human3341|p889,7
human2413|p1966,7
human1630|p3828,7
human2857|p3641,7
human833|p1679,7
human842|p15,7
human1062|p1639,7
human187|p816,7
human893|p896,7
human3051|p1327,7
human3052|p1327,7
human3499|p599,7
human2925|p1196,7
human3259|p609,7
human2073|p2093,7
human2076|p2185,7
human929|p1156,7
human3031|p3238,7
human919|p1502,7
human3696|p1486,7
human681|p2460,7
human3464|p547,7
human3465|p548,7
human3286|p2070,7
human3288|p2050,7
human647|p1102,7
human648|p204,7
human649|p307,7
human650|p1247,7
human651|p823,7
human653|p91,7
human654|p774,7
human655|p642,7
human1394|p360,7
human1396|p365,7
human1402|p358,7
human1411|p540,7
human1418|p540,7
human706|p889,7
human944|p282,7
human3035|p188,7
human3695|p893,7
human3697|p473,7
human2547|p467,7
human2552|p1713,7
human2555|p723,7
human2558|p278,7
human24|p361,7
human671|p4668,7
human687|p5959,7
human955|p2053,7
human960|p2053,7
human3056|p2276,7
human3058|p2277,7
human94|p5344,7
human1543|p272,7
human3694|p1840,7
human386|p1706,7
human1496|p2734,7
human3417|p1643,7
human1718|p1045,7
human2230|p1939,7
human2232|p1939,7
human3263|p1103,7
human3264|p1104,7
human3333|p1584,7
human3334|p17,7
human3443|p1042,7
human896|p1807,7
human2636|p1040,7
human790|p706,7
human3276|p1501,7
human2756|p1794,7
human2713|p2640,7
human704|p2274,7
human951|p57,7
human1022|p156,7
human1023|p156,7
human1048|p836,7
human3004|p267,7
human3111|p452,7
human3197|p966,7
human3202|p400,7
human3708|p1208,7
human3083|p1455,7
human3222|p52,7
human1645|p2192,7
human1649|p2191,7
human2413|p3296,7
human1791|p1150,7
human525|p3405,7
human805|p310,7
human1031|p2079,7
human1840|p1079,7
human1845|p1079,7
human1852|p1304,7
human1863|p1301,7
human1867|p1301,7
human1873|p1315,7
human1877|p1317,7
human1879|p1314,7
human3290|p1093,7
human20|p893,7
human719|p1326,7
human810|p457,7
human3267|p1054,7
human3006|p298,7
human255|p2714,7
human876|p2485,7
human3378|p58,7
human3110|p1798,7
human3233|p781,7
human966|p1280,7
human3359|p403,7
human3374|p61,7
human3704|p791,7
human705|p879,7
human745|p1476,7
human1662|p1226,7
human3306|p319,7
human3307|p319,7
human809|p2331,7
human3699|p2007,7
human743|p1116,7
human747|p2141,7
human657|p1652,7
human689|p2430,7
human1548|p1581,7
human3744|p1511,7
human1463|p547,7
human270|p2968,7
human318|p2193,7
human1830|p148,7
human1376|p1594,7
human1026|p70,7
human3343|p68,7
human883|p1735,7
human182|p5519,7
human15|p103,7
human106|p1336,7
human217|p1031,7
human451|p1023,7
human688|p1585,7
human961|p683,7
human1096|p993,7
human1480|p689,7
human2057|p1994,7
human2572|p401,7
human2613|p1416,7
human2628|p1416,7
human2630|p1366,7
human2632|p1366,7
human2633|p1366,7
human2634|p1223,7
human2635|p1223,7
human2816|p525,7
human3698|p1225,7
human264|p2248,7
human921|p2193,7
human973|p4866,7
human2439|p2210,7
human3198|p2204,7
human3524|p1500,7
human3525|p301,7
human3527|p28,7
human1519|p472,7
human1523|p466,7
human2364|p1992,7
human2375|p1992,7
human803|p1377,7
human14|p218,7
human2759|p1248,7
human2766|p1248,7
human2774|p1248,7
human2851|p83,7
human2870|p83,7
human2895|p83,7
human3315|p1908,7
human3317|p1907,7
human2525|p1767,7
human317|p883,7
human735|p875,7
human2180|p2152,7
human3128|p980,7
human3229|p2653,7
human3230|p2649,7
human3257|p3043,7
human3258|p3052,7
human3369|p3733,7
human3370|p3808,7
human1927|p2332,7
human530|p309,7
human2305|p2220,7
human3121|p1375,7
human441|p1838,7
human562|p2645,7
human906|p4841,7
human29|p156,7
human2733|p1420,7
human2738|p1420,7
human2146|p861,7
human957|p562,7
human959|p562,7
human3054|p875,7
human3057|p876,7
human3136|p20,7
human3440|p385,7
human3442|p385,7
human513|p459,7
human215|p1228,7
human257|p1859,7
human265|p2505,7
human641|p125,7
human1136|p1511,7
human712|p2188,7
human3161|p1761,7
human3162|p1761,7
human3347|p3722,7
human549|p1341,7
human2433|p1117,7
human2434|p737,7
human219|p694,7
human3701|p713,7
human3702|p1886,7
human3703|p2005,7
human2819|p1394,7
human203|p2877,7
human3348|p1356,7
human3349|p1358,7
human34|p1894,7
human360|p2185,7
human1683|p1265,7
human166|p1570,7
human2771|p1406,7
human1692|p72,7
human1487|p3037,7
human186|p3968,7
human544|p857,7
human2420|p267,7
human2421|p266,7
human2422|p297,7
human2424|p297,7
human3208|p1132,7
human2705|p1400,7
human2714|p1400,7
human2019|p183,7
human2654|p1561,7
human2659|p1232,7
human1363|p3416,7
human1365|p2807,7
human1368|p2774,7
human205|p3983,7
human2604|p288,7
human601|p652,7
human931|p340,7
human940|p341,7
human984|p60,7
human989|p60,7
human1553|p973,7
human1386|p142,7
human3115|p890,7
human3116|p893,7
human2437|p1212,7
human2020|p1220,7
human1727|p21,7
human2519|p822,7
human707|p996,7
human631|p1820,7
human3102|p327,7
human3104|p327,7
human46|p2826,7
human618|p1513,7
human274|p1162,7
human280|p299,7
human2406|p1238,7
human461|p542,7
human963|p1640,7
human967|p1640,7
human3061|p1576,7
human3243|p1180,7
human465|p2260,7
human750|p2234,7
human1547|p1926,7
human1031|p1790,7
human802|p3464,7
human775|p2016,7
human633|p1195,7
human546|p110,7
human607|p1135,7
human1066|p428,7
human60|p220,7
human1808|p1094,7
human2674|p694,7
human946|p2605,7
human867|p1614,7
human1059|p1380,7
human1985|p241,7
human121|p142,7
human2922|p1988,7
human1652|p1042,7
human261|p2860,7
human473|p944,7
human805|p650,7
human3237|p233,7
human3239|p233,7
human3469|p2163,7
human70|p1782,7
human614|p2449,7
human801|p1292,7
human3018|p2779,7
human3042|p1527,7
human3221|p2219,7
human1337|p725,7
human1948|p514,7
human385|p1192,7
human2953|p258,7
human2982|p54,7
human3236|p512,7
human1669|p566,7
human209|p745,7
human2535|p467,7
human2973|p1515,7
human739|p1035,7
human741|p4344,7
human518|p1345,7
human1173|p836,7
human60|p3422,7
human1621|p808,7
human1660|p759,7
human2071|p2280,7
human2969|p1542,7
human2983|p1526,7
human631|p1920,7
human2683|p2426,7
human645|p154,7
human865|p473,7
human869|p550,7
human2929|p1738,7
human2936|p1666,7
human2937|p1611,7
human2948|p1186,7
human2965|p1684,7
human2967|p1613,7
human166|p2218,7
human562|p3571,7
human1365|p264,7
human1368|p264,7
human2449|p346,7
human1258|p813,7
human1153|p2310,7
human9|p2976,7
human2734|p2542,7
human2739|p2225,7
human2743|p1105,7
human2755|p2242,7
human2767|p1929,7
human2770|p1976,7
human1305|p1148,7
human2524|p3467,7
human616|p2327,7
human1168|p904,7
human1169|p904,7
human1170|p904,7
human639|p2753,7
human2080|p1045,7
human2703|p1081,7
human3560|p1638,7
human52|p748,7
human101|p1159,7
human559|p259,7
human1817|p212,7
human3649|p347,7
human247|p1403,7
human874|p377,7
human3559|p1723,7
human1913|p2420,7
human2653|p68,7
human2665|p417,7
human2677|p90,7
human3781|p2409,7
human3780|p1205,7
human263|p696,7
human542|p807,7
human676|p231,7
human694|p930,7
human1723|p144,7
human1737|p144,7
human2776|p144,7
human2780|p221,7
human3787|p815,7
human2740|p828,7
human2765|p888,7
human1363|p910,7
human906|p3506,7
human2412|p2819,7
human693|p293,7
human1714|p1212,7
human1908|p1188,7
human2241|p822,7
human3558|p678,7
human3561|p496,7
human484|p428,7
human627|p4066,7
human726|p594,7
human727|p4189,7
human2556|p1086,7
human840|p640,7
human2158|p1867,7
human2163|p1867,7
human576|p205,7
human2201|p2411,7
human2700|p2226,7
human2701|p2228,7
human2768|p1375,7
human2898|p1418,7
human1923|p1264,7
human2839|p983,7
human2796|p1454,7
human86|p1346,7
human2397|p1540,7
human1264|p754,7
human1384|p1181,7
human1438|p993,7
human1594|p648,7
human1829|p156,7
human2107|p1342,7
human2337|p1800,7
human203|p1983,7
human2509|p39,7
human3018|p2724,7
human293|p1181,7
human2394|p236,7
human2403|p236,7
human2525|p4883,7
human968|p1381,7
human3065|p2282,7
human3070|p2697,7
human2651|p623,7
human3553|p1804,7
human3554|p1810,7
human276|p1722,7
human674|p658,7
human1457|p2079,7
human76|p334,7
human1504|p1041,7
human3555|p2078,7
human1945|p1044,7
human3371|p1793,7
human3556|p241,7
human749|p1481,7
human777|p503,7
human1070|p1633,7
human1641|p1062,7
human2587|p693,7
human3557|p2128,7
human228|p1431,7
human644|p937,7
human2910|p2479,7
human2157|p2733,7
human2160|p2733,7
human2161|p2626,7
human2324|p1526,7
human2326|p1463,7
human1111|p1439,7
human1119|p1365,7
human2560|p769,7
human40|p2002,7
human102|p2048,7
human223|p1413,7
human468|p1748,7
human543|p353,7
human998|p2105,7
human2809|p542,7
human3096|p1370,7
human3562|p1913,7
human284|p425,7
human854|p2326,7
human206|p939,7
human447|p1391,7
human110|p594,7
human127|p146,7
human2981|p1626,7
human1583|p1311,7
human1424|p1497,7
human1254|p1751,7
human1676|p994,7
human1699|p40,7
human11|p2555,7
human89|p1330,7
human47|p1592,7
human3116|p3019,7
human1|p1042,8
human1053|p1074,8
human1056|p1072,8
human1291|p1272,8
human2338|p1056,8
human3199|p1865,8
human3705|p1086,8
human701|p756,8
human83|p1921,8
human931|p1135,8
human940|p1135,8
human3699|p1142,8
human3051|p1731,8
human3052|p1730,8
human2057|p283,8
human2572|p1657,8
human2613|p977,8
human2628|p977,8
human2630|p1109,8
human2632|p1109,8
human2633|p1109,8
human2634|p819,8
human2635|p819,8
human2816|p1263,8
human3703|p1774,8
human199|p282,8
human219|p26,8
human691|p508,8
human1711|p1695,8
human3700|p513,8
human3701|p1682,8
human3702|p101,8
human1167|p1678,8
human1790|p1529,8
human3444|p719,8
human3290|p2123,8
human3694|p2181,8
human919|p1254,8
human944|p1839,8
human3035|p1677,8
human3696|p452,8
human706|p1899,8
human728|p845,8
human743|p503,8
human747|p1979,8
human3695|p1873,8
human3697|p1859,8
human1749|p242,8
human2256|p987,8
human2444|p1920,8
human2445|p1866,8
human2904|p1587,8
human250|p1930,8
human3449|p919,8
human3273|p500,8
human3424|p1066,8
human991|p728,8
human996|p604,8
human3135|p1767,8
human3386|p669,8
human1046|p996,8
human789|p1895,8
human2568|p2342,8
human3323|p2037,8
human3325|p302,8
human3468|p387,8
human985|p2330,8
human993|p3739,8
human3047|p2368,8
human3088|p2288,8
human3122|p2328,8
human3262|p2333,8
human3269|p2246,8
human3312|p2438,8
human3394|p2412,8
human482|p1832,8
human1040|p786,8
human3407|p988,8
human3218|p103,8
human215|p1901,8
human257|p595,8
human265|p1201,8
human641|p2542,8
human1136|p2077,8
human3318|p2378,8
human3385|p908,8
human1822|p1399,8
human2999|p4057,8
human3002|p4194,8
human3100|p4470,8
human3103|p4210,8
human977|p2981,8
human1025|p3138,8
human3344|p897,8
human3382|p4049,8
human3384|p3963,8
human3195|p3492,8
human3390|p2331,8
human3395|p4072,8
human3396|p4072,8
human3434|p4436,8
human3048|p4115,8
human3113|p2787,8
human3131|p3388,8
human3150|p1774,8
human3010|p4026,8
human3011|p4026,8
human3073|p5576,8
human3076|p5123,8
human3077|p3575,8
human3166|p4286,8
human3167|p5076,8
human3242|p3505,8
human3246|p2668,8
human3405|p4180,8
human3411|p2630,8
human3112|p4030,8
human3145|p4186,8
human3420|p3810,8
human3219|p958,8
human3287|p3091,8
human3393|p1130,8
human3422|p2875,8
human3430|p2089,8
human1213|p834,8
human964|p2294,8
human965|p2297,8
human3040|p2279,8
human3062|p3100,8
human3178|p2519,8
human3373|p1592,8
human3462|p1740,8
human2474|p3611,8
human1203|p869,8
human3092|p4174,8
human3094|p4133,8
human3159|p3208,8
human2831|p1180,8
human2841|p1137,8
human2723|p1338,8
human2725|p1337,8
human2729|p148,8
human2953|p1227,8
human2982|p1176,8
human2951|p1074,8
human2980|p1174,8
human710|p498,8
human1323|p847,8
human1331|p847,8
human1338|p848,8
human2106|p132,8
human2108|p132,8
human2176|p365,8
human2187|p365,8
human2296|p1185,8
human2299|p1186,8
human1757|p942,8
human1989|p218,8
human1990|p220,8
human2435|p291,8
human2436|p291,8
human838|p282,8
human1124|p70,8
human1129|p70,8
human1313|p539,8
human1922|p322,8
human1757|p943,8
human2405|p659,8
human1680|p1059,8
human2953|p1228,8
human2982|p1177,8
human2831|p1179,8
human2841|p1136,8
human1243|p459,8
human2723|p1337,8
human2725|p1336,8
human2729|p147,8
human2951|p1075,8
human2980|p1175,8
human710|p499,8
human2106|p133,8
human2108|p133,8
human2176|p364,8
human2187|p364,8
human2296|p1186,8
human2299|p1187,8
human1313|p538,8
human1323|p848,8
human1331|p848,8
human1338|p849,8
human3483|p76,8
human3174|p1015,8
human3175|p1015,8
human3332|p1492,8
human1175|p853,8
human1954|p269,8
human2312|p1029,8
human2566|p991,8
human2567|p991,8
human2652|p1812,8
human2655|p1730,8
human2666|p1139,8
human3429|p2213,8
human3414|p2013,8
human3164|p1695,8
human3168|p1372,8
human3171|p1373,8
human1800|p1799,8
human1703|p3871,8
human3232|p406,8
human3329|p1544,8
human3379|p468,8
human3092|p2779,8
human3094|p2780,8
human3159|p2251,8
human752|p26,8
human840|p291,8
human871|p1456,8
human875|p307,8
human3575|p712,8
human3578|p1592,8
human3577|p1562,8
human1347|p646,8
human1371|p88,8
human1377|p1457,8
human1381|p1168,8
human2576|p620,8
human2583|p620,8
human2906|p89,8
human233|p780,8
human792|p600,8
human898|p952,8
human901|p880,8
human3582|p609,8
human2761|p1552,8
human1707|p1312,8
human2830|p133,8
human3576|p1258,8
human3583|p1037,8
human2302|p622,8
human3581|p1131,8
human3580|p1443,8
human787|p2257,8
human2805|p1080,8
human3366|p253,8
human3579|p1660,8
human3584|p288,8
human3586|p811,8
human3743|p152,8
human847|p374,8
human850|p630,8
human3266|p719,8
human3585|p1554,8
human3742|p1472,8
human1266|p1153,8
human1125|p1599,8
human511|p42,8
human3574|p1299,8
human2710|p1686,8
human1722|p4706,8
human2307|p1042,8
human2321|p1039,8
human2322|p935,8
human2327|p935,8
human367|p1137,8
human220|p351,8
human3204|p808,8
human2475|p571,8
human2059|p782,8
human2061|p782,8
human228|p1751,8
human813|p169,8
human870|p1375,8
human471|p813,8
human873|p1182,8
human3719|p1212,8
human3557|p766,8
human2603|p3749,8
human1945|p1367,8
human3483|p434,8
human76|p858,8
human276|p1137,8
human674|p338,8
human1504|p1567,8
human2651|p1101,8
human3553|p1693,8
human343|p1001,8
human1618|p313,8
human1650|p235,8
human1651|p235,8
human2482|p143,8
human2730|p308,8
human3608|p579,8
human2753|p1091,8
human3495|p51,8
human2416|p1757,8
human2903|p865,8
human3371|p44,8
human3556|p743,8
human486|p831,8
human2208|p4,8
human2741|p59,8
human203|p4715,8
human846|p72,8
human3232|p1165,8
human3329|p2484,8
human544|p4620,8
human1070|p2119,8
human2238|p303,8
human3587|p1140,8
human1930|p135,8
human1931|p135,8
human1935|p1234,8
human3212|p2149,8
human3215|p2147,8
human703|p1456,8
human732|p1093,8
human888|p1193,8
human890|p941,8
human3014|p2312,8
human3025|p1903,8
human3030|p1903,8
human3044|p1273,8
human3069|p1975,8
human3165|p2965,8
human3201|p2323,8
human3418|p2508,8
human2525|p5122,8
human868|p1624,8
human847|p373,8
human850|p631,8
human852|p998,8
human857|p1234,8
human860|p17,8
human1595|p390,8
human2994|p234,8
human3238|p2396,8
human3483|p1641,8
human40|p135,8
human102|p1023,8
human223|p723,8
human284|p705,8
human468|p99,8
human543|p1779,8
human998|p1400,8
human2809|p1492,8
human3096|p1262,8
human3562|p1526,8
human895|p1304,8
human2539|p1825,8
human2541|p1824,8
human2544|p1759,8
human644|p244,8
human1070|p862,8
human1641|p1757,8
human2587|p1536,8
human2307|p1524,8
human2321|p1467,8
human2322|p1517,8
human2327|p1498,8
human777|p320,8
human167|p840,8
human2041|p1018,8
human1382|p593,8
human1385|p594,8
human798|p2379,8
human1025|p5190,8
human1054|p3288,8
human1962|p1486,8
human3123|p4059,8
human3405|p2052,8
human3411|p3999,8
human3454|p3119,8
human3456|p5386,8
human3774|p989,8
human3393|p589,8
human3775|p105,8
human2059|p174,8
human2061|p174,8
human3036|p2243,8
human621|p1121,8
human3528|p1750,8
human2353|p8,8
human2999|p3620,8
human3002|p3451,8
human3100|p3976,8
human3103|p3789,8
human3287|p4338,8
human2198|p798,8
human2522|p794,8
human2534|p847,8
human1231|p3239,8
human1233|p3131,8
human1255|p509,8
human1259|p509,8
human490|p828,8
human3529|p1001,8
human3337|p528,8
human3414|p2703,8
human166|p3126,8
human1921|p856,8
human397|p2097,8
human3778|p726,8
human1131|p122,8
human3420|p5225,8
human3776|p552,8
human3777|p1260,8
human1665|p130,8
human2007|p4847,8
human2340|p3164,8
human2366|p3469,8
human2371|p3478,8
human2379|p3468,8
human2387|p4125,8
human2396|p4054,8
human696|p203,8
human1068|p860,8
human1069|p175,8
human3724|p230,8
human2285|p15,8
human2453|p4323,8
human2472|p4296,8
human2474|p4455,8
human2591|p1040,8
human2594|p959,8
human2181|p1169,8
human2059|p173,8
human2061|p173,8
human2090|p1334,8
human435|p2250,8
human1026|p3349,8
human3343|p438,8
human513|p2417,8
human3725|p1091,8
human9|p978,8
human562|p2040,8
human1363|p3081,8
human1365|p613,8
human1368|p613,8
human3291|p3628,8
human3300|p4848,8
human3301|p4848,8
human3302|p4137,8
human631|p1130,8
human1986|p1223,8
human1376|p2054,8
human2073|p614,8
human2076|p615,8
human2636|p174,8
human2756|p73,8
human3552|p668,8
human1241|p1083,8
human1250|p1084,8
human2916|p665,8
human2259|p246,8
human1237|p136,8
human2785|p14,8
human2789|p13,8
human2330|p4652,8
human2333|p4133,8
human707|p967,8
human277|p1536,8
human2105|p1121,8
human144|p4451,8
human918|p2076,8
human3008|p1572,8
human3009|p1429,8
human3376|p3553,8
human3377|p3558,8
human3683|p292,8
human3689|p1255,8
human3690|p3109,8
human3691|p3022,8
human3692|p3279,8
human3693|p240,8
human188|p4195,8
human1900|p1877,8
human948|p942,8
human3038|p3337,8
human3045|p5258,8
human3282|p5276,8
human3358|p2773,8
human3431|p2135,8
human3598|p2966,8
human2675|p2846,8
human693|p1639,8
human874|p1606,8
human1714|p518,8
human1908|p677,8
human2241|p557,8
human3559|p867,8
human3561|p584,8
human2007|p2070,8
human3642|p1103,8
human288|p2169,8
human2818|p282,8
human1458|p1777,8
human1477|p1718,8
human3560|p738,8
human213|p409,8
human435|p2251,8
human1220|p1091,8
human1224|p1242,8
human3441|p492,8
human637|p3722,8
human139|p2131,8
human737|p312,8
human740|p1162,8
human902|p181,8
human731|p438,8
human794|p798,8
human897|p416,8
human30|p2983,8
human92|p4268,8
human98|p4322,8
human248|p3202,8
human272|p352,8
human488|p1184,8
human496|p2820,8
human561|p1966,8
human571|p4263,8
human579|p1800,8
human1482|p1644,8
human1487|p2202,8
human1800|p1487,8
human415|p1242,8
human459|p2463,8
human354|p513,8
human2408|p613,8
human1098|p609,8
human247|p1616,8
human214|p847,8
human2715|p1680,8
human2781|p277,8
human359|p963,8
human733|p160,8
human2148|p1151,8
human3466|p724,8
human3473|p773,8
human3643|p1222,8
human1791|p2164,8
human1585|p2948,8
human1593|p3090,8
human855|p2223,8
human908|p678,8
human3558|p1666,8
human1185|p1008,8
human1328|p860,8
human1335|p897,8
human1923|p875,8
human86|p1156,8
human578|p323,8
human1330|p1180,8
human2285|p1807,8
human2839|p1064,8
human200|p1664,8
human2412|p2394,8
human350|p842,8
human596|p1357,8
human3500|p1320,8
human2391|p2221,8
human1103|p2230,8
human1105|p2669,8
human1108|p2672,8
human2121|p2209,8
human2125|p1880,8
human2614|p60,8
human3510|p317,8
human3640|p1143,8
human37|p1592,8
human526|p3497,8
human471|p714,8
human471|p631,8
human873|p49,8
human3719|p1734,8
human1807|p223,8
human2690|p183,8
human2692|p183,8
human2695|p183,8
human3735|p75,8
human3736|p394,8
human3737|p671,8
human2025|p1718,8
human2246|p610,8
human452|p1276,8
human3641|p451,8
human1078|p322,8
human1079|p322,8
human946|p1055,8
human3502|p1213,8
human3505|p1463,8
human904|p814,8
human2094|p845,8
human3504|p1006,8
human3509|p40,8
human3512|p1207,8
human2527|p764,8
human2543|p1231,8
human3719|p1260,8
human865|p1178,8
human869|p462,8
human1324|p1414,8
human1340|p1414,8
human1784|p1201,8
human2753|p366,8
human1709|p750,8
human2557|p4352,8
human2638|p3051,8
human2646|p3733,8
human1179|p1299,8
human1949|p403,8
human2827|p1157,8
human2833|p1108,8
human2942|p435,8
human2976|p667,8
human2093|p1058,8
human2261|p246,8
human908|p679,8
human1482|p1348,8
human1487|p2203,8
human2195|p32,8
human1921|p855,8
human2336|p1460,8
human2438|p342,8
human2753|p973,8
human2713|p1197,8
human1036|p748,8
human1044|p751,8
human1151|p1552,8
human3503|p1522,8
human3506|p1193,8
human3507|p1253,8
human3508|p1791,8
human2864|p704,8
human2890|p704,8
human2091|p1340,8
human2100|p1343,8
human1181|p1182,8
human1189|p984,8
human2845|p3941,8
human2872|p3940,8
human2608|p839,8
human2584|p456,8
human2585|p457,8
human829|p1924,8
human208|p4634,8
human2577|p2701,8
human2578|p2701,8
human2580|p2698,8
human3134|p3601,8
human3499|p338,8
human2126|p1906,8
human782|p60,8
human2447|p506,8
human2469|p507,8
human3075|p3330,8
human3082|p1803,8
human3087|p1215,8
human3089|p1214,8
human3412|p2371,8
human288|p2168,8
human1098|p608,8
human2818|p283,8
human2569|p235,8
human1333|p967,8
human3631|p1097,8
human3635|p1264,8
human3338|p2296,8
human3348|p3980,8
human3349|p4005,8
human493|p2050,8
human3284|p1397,8
human2332|p3608,8
human84|p5058,8
human130|p1319,8
human246|p5021,8
human536|p3082,8
human613|p67,8
human1050|p1247,8
human3169|p2991,8
human3361|p2972,8
human3410|p49,8
human1212|p969,8
human1121|p671,8
human1128|p672,8
human1728|p1097,8
human2783|p534,8
human3636|p591,8
human2179|p599,8
human2186|p601,8
human2200|p602,8
human1050|p2330,8
human2493|p1368,8
human3294|p689,8
human3295|p702,8
human793|p2708,8
human345|p685,8
human1242|p180,8
human1286|p1150,8
human1289|p1153,8
human1733|p1398,8
human2009|p967,8
human2917|p571,8
human3633|p324,8
human413|p309,8
human2535|p2217,8
human31|p1939,8
human784|p3033,8
human2609|p744,8
human2621|p744,8
human2624|p744,8
human3440|p1642,8
human3442|p1642,8
human3093|p103,8
human3136|p3595,8
human3251|p2411,8
human3252|p2528,8
human3254|p2203,8
human3351|p2654,8
human3352|p2597,8
human3399|p4123,8
human3709|p3968,8
human2458|p790,8
human834|p1143,8
human837|p1129,8
human3330|p2202,8
human1243|p1291,8
human108|p1036,8
human326|p2072,8
human425|p562,8
human431|p4130,8
human684|p517,8
human3143|p1674,8
human3326|p1451,8
human3327|p1454,8
human3363|p2364,8
human3364|p2363,8
human2406|p1113,8
human2433|p1796,8
human2704|p30,8
human1237|p123,8
human1920|p823,8
human2726|p177,8
human90|p747,8
human2564|p1326,8
human189|p434,8
human786|p418,8
human854|p2204,8
human1037|p806,8
human1045|p634,8
human152|p137,8
human262|p2792,8
human1113|p4773,8
human2281|p147,8
human2282|p147,8
human2283|p147,8
human2284|p303,8
human2286|p303,8
human1793|p813,8
human1805|p813,8
human1818|p1434,8
human3516|p371,8
human3733|p1500,8
human848|p2184,8
human2946|p1050,8
human2956|p1054,8
human2969|p232,8
human2983|p232,8
human1186|p306,8
human3564|p1044,8
human915|p30,8
human916|p30,8
human3007|p4579,8
human135|p4335,8
human446|p2125,8
human667|p292,8
human830|p2199,8
human1826|p786,8
human1827|p788,8
human2602|p694,8
human2085|p54,8
human1166|p363,8
human885|p2763,8
human2835|p529,8
human1354|p1083,8
human1619|p1246,8
human1639|p1238,8
human1741|p697,8
human1751|p424,8
human1753|p750,8
human1759|p559,8
human1779|p920,8
human1781|p839,8
human1929|p215,8
human2205|p1062,8
human2384|p937,8
human2640|p675,8
human2732|p542,8
human2812|p190,8
human2914|p258,8
human3565|p1662,8
human1176|p483,8
human1183|p484,8
human1192|p61,8
human1197|p61,8
human3031|p2163,8
human929|p2439,8
human3463|p3248,8
human1861|p5701,8
human3632|p1009,8
human2607|p905,8
human1836|p764,8
human1851|p639,8
human2227|p713,8
human2235|p717,8
human2442|p1009,8
human2476|p1077,8
human1047|p637,8
human3433|p770,8
human330|p2840,8
human784|p2859,8
human2086|p638,8
human2103|p638,8
human1975|p287,8
human1730|p1345,8
human1653|p2310,8
human1655|p2333,8
human3017|p3740,8
human3423|p2783,8
human1236|p620,8
human1247|p621,8
human1933|p1007,8
human2010|p443,8
human2016|p443,8
human2915|p264,8
human2275|p3897,8
human2276|p3850,8
human587|p768,8
human3353|p1037,8
human3355|p1029,8
human3392|p2971,8
human894|p692,8
human1736|p1376,8
human599|p288,8
human2094|p1026,8
human2614|p723,8
human828|p1234,8
human1123|p1122,8
human1130|p1122,8
human1669|p1182,8
human2949|p535,8
human2955|p535,8
human2973|p1053,8
human1351|p1620,8
human1353|p1618,8
human1710|p1871,8
human1633|p2457,8
human3387|p843,8
human754|p1149,8
human758|p6374,8
human3809|p27,8
human730|p332,8
human1088|p382,8
human2210|p771,8
human2484|p40,8
human2485|p40,8
human2488|p1013,8
human2488|p2214,8
human2932|p1030,8
human1496|p340,8
human3110|p308,8
human3417|p1525,8
human1234|p301,8
human1304|p411,8
human1309|p60,8
human1812|p970,8
human1815|p608,8
human2295|p661,8
human2300|p661,8
human2593|p1130,8
human2918|p190,8
human2926|p195,8
human1705|p1923,8
human1085|p4512,8
human1210|p1658,8
human2664|p964,8
human1752|p1026,8
human2670|p2214,8
human177|p2957,8
human3808|p812,8
human1299|p834,8
human1302|p832,8
human1148|p1674,8
human1659|p3357,8
human1219|p4598,8
human1221|p4602,8
human1223|p4202,8
human2084|p1584,8
human2085|p1120,8
human2910|p873,8
human511|p43,8
human1642|p1383,8
human1985|p700,8
human382|p463,8
human3416|p878,8
human3448|p820,8
human3450|p821,8
human770|p664,8
human971|p626,8
human3063|p618,8
human816|p1118,8
human2155|p1133,8
human1036|p3176,8
human1044|p3196,8
human366|p2012,8
human744|p511,8
human3678|p3052,8
human1653|p2311,8
human1655|p2334,8
human3017|p3739,8
human3423|p2782,8
human776|p1404,8
human1943|p1151,8
human2140|p536,8
human2943|p814,8
human2968|p43,8
human2979|p42,8
human3677|p1667,8
human1901|p403,8
human1903|p450,8
human2463|p800,8
human3436|p3766,8
human3294|p1965,8
human3295|p1982,8
human1415|p1737,8
human896|p131,8
human3552|p1100,8
human2172|p825,8
human2185|p776,8
human2670|p1931,8
human2974|p1170,8
human2984|p1106,8
human1633|p2458,8
human3387|p842,8
human2461|p972,8
human3338|p524,8
human3348|p941,8
human3349|p943,8
human856|p1127,8
human2934|p2492,8
human2963|p928,8
human2966|p929,8
human932|p91,8
human933|p91,8
human938|p91,8
human3032|p837,8
human3401|p2035,8
human2712|p1777,8
human3209|p88,8
human2311|p345,8
human2316|p345,8
human2493|p2956,8
human2494|p2017,8
human2498|p2017,8
human2501|p2016,8
human2504|p1446,8
human2505|p1154,8
human3734|p569,8
human1182|p539,8
human2467|p285,8
human2452|p1205,8
human3142|p2193,8
human319|p3262,8
human2487|p1211,8
human756|p75,8
human759|p1081,8
human2097|p358,8
human2175|p1249,8
human2192|p1251,8
human262|p3148,8
human1113|p3192,8
human1217|p1078,8
human784|p5969,8
human2288|p1468,8
human1979|p454,8
human1981|p455,8
human1987|p3157,8
human1991|p4480,8
human2507|p1591,8
human2514|p1588,8
human754|p3125,8
human758|p200,8
human937|p3482,8
human3026|p4207,8
human3027|p4194,8
human3028|p4195,8
human24|p3482,8
human657|p2729,8
human671|p680,8
human681|p4840,8
human687|p1784,8
human689|p4234,8
human955|p713,8
human960|p713,8
human3056|p1315,8
human3058|p1314,8
human879|p2788,8
human1960|p2056,8
human793|p3237,8
human167|p1997,8
human601|p980,8
human717|p912,8
human3388|p1697,8
human3200|p1815,8
human3126|p377,8
human3451|p489,8
human3256|p1553,8
human2496|p1568,8
human1028|p1789,8
human3345|p1734,8
human2431|p1328,8
human2561|p503,8
human3421|p1604,8
human3425|p1603,8
human3350|p571,8
human2249|p543,8
human2640|p1377,8
human2914|p190,8
human3563|p1441,8
human1088|p634,8
human3564|p1388,8
human2812|p819,8
human420|p314,8
human2089|p1792,8
human149|p3985,8
human54|p2150,8
human79|p3,8
human85|p1577,8
human235|p571,8
human271|p698,8
human383|p318,8
human469|p21,8
human475|p1728,8
human572|p715,8
human620|p552,8
human3588|p838,8
human3589|p1112,8
human3590|p1091,8
human3591|p1709,8
human2712|p436,8
human406|p430,8
human1950|p871,8
human1121|p839,8
human1128|p840,8
human1333|p573,8
human1728|p361,8
human2783|p1054,8
human3636|p266,8
human3634|p96,8
human3632|p225,8
human2409|p1201,8
human2414|p1195,8
human2415|p1194,8
human1011|p4544,8
human1738|p2352,8
human356|p865,8
human1117|p3194,8
human1367|p840,8
human1961|p2563,8
human2162|p1,8
human3097|p3200,8
human1958|p2326,8
human1964|p1987,8
human1966|p2065,8
human1973|p1676,8
human1976|p1531,8
human2343|p540,8
human2350|p540,8
human2393|p148,8
human2404|p148,8
human141|p1168,8
human738|p1821,8
human742|p3031,8
human152|p4745,8
human2281|p5692,8
human2282|p5702,8
human2283|p5639,8
human2284|p5530,8
human2286|p5447,8
human409|p2004,8
human2726|p930,8
human3631|p126,8
human3633|p484,8
human24|p3847,8
human657|p3619,8
human681|p5653,8
human689|p1203,8
human955|p2481,8
human960|p2481,8
human3056|p2579,8
human3058|p2580,8
human1920|p1283,8
human687|p5905,8
human1756|p186,8
human1762|p186,8
human807|p3973,8
human3372|p3718,8
human2067|p2390,8
human1052|p3518,8
human1055|p3519,8
human255|p422,8
human1258|p82,8
human1621|p1152,8
human2007|p2475,8
human3141|p4270,8
human1027|p2602,8
human1030|p2606,8
human1033|p2599,8
human3303|p3310,8
human3305|p2638,8
human3308|p2634,8
human3346|p2754,8
human3210|p4590,8
human3517|p2292,8
human3676|p2891,8
human2089|p1793,8
human1405|p356,8
human218|p2960,8
human3738|p1349,8
human452|p2461,8
human952|p1131,8
human954|p1131,8
human3599|p4135,8
human3600|p2818,8
human3601|p2602,8
human3602|p209,8
human917|p174,8
human920|p174,8
human3155|p2046,8
human3157|p1726,8
human3160|p2386,8
human3163|p2388,8
human3170|p3012,8
human3435|p500,8
human3457|p3556,8
human3476|p2128,8
human2072|p284,8
human1013|p2985,8
human1015|p2984,8
human3139|p1378,8
human3144|p3053,8
human3146|p3248,8
human1792|p1043,8
human2717|p847,8
human1054|p2168,8
human3454|p4880,8
human3456|p4994,8
human3123|p2,8
human3045|p3342,8
human270|p3558,8
human318|p1542,8
human636|p3653,8
human1830|p2966,8
human948|p5221,8
human3038|p5292,8
human2087|p5510,8
human2365|p557,8
human2407|p581,8
human591|p2551,8
human760|p2207,8
human922|p2118,8
human930|p2654,8
human936|p2659,8
human1024|p2781,8
human3012|p3058,8
human3322|p1859,8
human3603|p158,8
human3282|p5386,8
human3358|p5474,8
human3431|p981,8
human3598|p1962,8
human798|p84,8
human1962|p3864,8
human3515|p2107,8
human3563|p741,8
human1219|p1148,8
human1221|p1149,8
human1223|p907,8
human854|p4232,8
human972|p1808,8
human974|p1808,8
human3037|p1206,8
human3039|p1207,8
human3156|p1352,8
human3172|p1372,8
human3296|p1793,8
human3299|p1849,8
human3413|p2061,8
human3459|p984,8
human2087|p3643,8
human2100|p2206,8
human697|p1212,8
human3571|p2973,8
human609|p2134,8
human886|p2909,8
human2491|p2437,8
human3184|p1015,8
human3186|p1015,8
human1174|p930,8
human1193|p926,8
human708|p452,8
human1940|p649,8
human1326|p1489,8
human2939|p1407,8
human2970|p1299,8
human2981|p1300,8
human3282|p4348,8
human3358|p4813,8
human3431|p451,8
human794|p3785,8
human2715|p1298,8
human59|p3068,8
human523|p3123,8
human953|p3029,8
human962|p2383,8
human1020|p2049,8
human1049|p705,8
human1057|p1353,8
human1058|p1994,8
human3127|p758,8
human3241|p600,8
human3247|p1401,8
human3342|p1978,8
human3445|p2554,8
human3446|p2553,8
human286|p1718,8
human3739|p1290,8
human3740|p1543,8
human74|p4295,8
human3291|p2093,8
human3300|p925,8
human3301|p925,8
human3302|p925,8
human2330|p14,8
human2333|p14,8
human992|p1505,8
human993|p1505,8
human994|p1505,8
human3437|p1762,8
human957|p2433,8
human959|p2434,8
human3054|p1898,8
human3057|p1896,8
human3440|p3271,8
human3442|p3270,8
human3136|p2211,8
human3380|p2098,8
human443|p3874,8
human252|p2785,8
human1992|p1149,8
human2002|p647,8
human2012|p647,8
human2015|p647,8
human3240|p625,8
human3244|p625,8
human3245|p625,8
human2029|p528,8
human956|p3517,8
human958|p3517,8
human3055|p2873,8
human3059|p2792,8
human2473|p1181,8
human2477|p1181,8
human2480|p1181,8
human1906|p639,8
human2450|p1151,8
human549|p1125,8
human1369|p658,8
human754|p2881,8
human758|p74,8
human1942|p277,8
human2814|p1298,8
human2822|p651,8
human1783|p120,8
human2443|p612,8
human2722|p830,8
human2048|p2106,8
human713|p3531,8
human714|p2628,8
human715|p4854,8
human716|p1857,8
human718|p4944,8
human1917|p4560,8
human1155|p339,8
human1161|p339,8
human3448|p2226,8
human3450|p2230,8
human1792|p2125,8
human2717|p3473,8
human3732|p862,8
human3635|p1403,8
human348|p141,8
human1284|p407,8
human1663|p207,8
human1681|p206,8
human1732|p65,8
human1734|p65,8
human1937|p228,8
human3279|p1041,8
human3281|p1398,8
human3438|p1338,8
human3439|p1335,8
human419|p1493,8
human2545|p745,8
human2725|p1670,8
human976|p1920,8
human980|p1917,8
human3066|p1404,8
human3068|p1442,8
human3071|p1913,8
human1946|p1593,8
human3498|p1494,8
human858|p1064,8
human2849|p501,8
human2884|p501,8
human2768|p161,8
human1629|p577,8
human2791|p418,8
human2801|p409,8
human3555|p1416,8
human0|p1061,9
human623|p1775,9
human3524|p403,9
human264|p1803,9
human921|p374,9
human2439|p996,9
human3198|p1242,9
human3527|p1741,9
human1009|p1135,9
human268|p1619,9
human811|p697,9
human1145|p1392,9
human1165|p634,9
human3121|p319,9
human2197|p976,9
human722|p1571,9
human2136|p2462,9
human702|p1059,9
human880|p234,9
human3549|p646,9
human3746|p715,9
human3748|p1467,9
human3756|p434,9
human585|p656,9
human3519|p240,9
human3520|p51,9
human3521|p1757,9
human927|p1045,9
human928|p1045,9
human3019|p1234,9
human545|p304,9
human3518|p1924,9
human3752|p1454,9
human3745|p104,9
human3758|p26,9
human454|p1620,9
human619|p807,9
human683|p2266,9
human3545|p2028,9
human3546|p1218,9
human3547|p1168,9
human3548|p124,9
human3550|p143,9
human402|p489,9
human803|p2175,9
human521|p368,9
human1662|p67,9
human809|p2012,9
human2521|p74,9
human2417|p285,9
human1927|p135,9
human2189|p65,9
human774|p1016,9
human845|p1244,9
human712|p1688,9
human867|p2079,9
human1809|p330,9
human2519|p361,9
human33|p39,9
human42|p2254,9
human465|p1352,9
human1928|p1022,9
human2146|p551,9
human3772|p1313,9
human584|p1174,9
human3540|p353,9
human1642|p1337,9
human3433|p594,9
human2287|p708,9
human2406|p446,9
human2704|p229,9
human1705|p214,9
human1710|p267,9
human2434|p1573,9
human1948|p1514,9
human2207|p198,9
human1652|p1194,9
human1660|p707,9
human1173|p2238,9
human1337|p1340,9
human2020|p372,9
human2437|p106,9
human775|p816,9
human892|p50,9
human729|p256,9
human2678|p1541,9
human1594|p2060,9
human1630|p373,9
human1635|p319,9
human730|p2442,9
human2938|p1208,9
human2305|p607,9
human2667|p654,9
human2674|p613,9
human2898|p1013,9
human2768|p1290,9
human735|p2227,9
human1629|p1418,9
human2446|p1705,9
human2481|p1720,9
human2394|p782,9
human2403|p735,9
human121|p838,9
human518|p1644,9
human48|p2079,9
human1178|p548,9
human1191|p2040,9
human1196|p2035,9
human1198|p1920,9
human2696|p840,9
human731|p1131,9
human751|p814,9
human1621|p1764,9
human2768|p2503,9
human1819|p1073,9
human2636|p738,9
human2756|p1038,9
human3306|p947,9
human3307|p948,9
human1376|p282,9
human2073|p933,9
human2076|p936,9
human1258|p948,9
human1913|p54,9
human2653|p1841,9
human2665|p1446,9
human2677|p1777,9
human3781|p1111,9
human2491|p3375,9
human3184|p3787,9
human3186|p3787,9
human3515|p4190,9
human2346|p3495,9
human131|p1343,9
human3375|p312,9
human3455|p933,9
human2781|p278,9
human30|p933,9
human92|p2976,9
human98|p1113,9
human248|p212,9
human272|p3919,9
human488|p4328,9
human496|p2452,9
human561|p3061,9
human571|p4241,9
human579|p1245,9
human1977|p383,9
human917|p323,9
human920|p323,9
human3155|p3626,9
human3157|p3307,9
human3160|p3696,9
human3163|p3700,9
human3170|p2800,9
human3435|p1972,9
human3457|p2627,9
human3476|p3906,9
human1200|p1816,9
human3571|p3052,9
human1052|p3479,9
human1055|p3480,9
human1027|p2764,9
human1030|p2769,9
human1033|p2761,9
human1793|p4424,9
human1805|p4425,9
human1818|p2821,9
human2087|p4237,9
human3303|p2938,9
human3305|p3242,9
human3308|p3187,9
human3346|p2767,9
human3125|p2341,9
human3203|p4195,9
human3206|p4195,9
human256|p607,9
human999|p3312,9
human1000|p3311,9
human3098|p1389,9
human3099|p1386,9
human3141|p2462,9
human3450|p5664,9
human3472|p4554,9
human3337|p1738,9
human591|p3030,9
human760|p1334,9
human930|p3939,9
human936|p3945,9
human952|p4221,9
human954|p4221,9
human1013|p3646,9
human1015|p3645,9
human1024|p3795,9
human2072|p3585,9
human3139|p2324,9
human3144|p3730,9
human3146|p3640,9
human3322|p3512,9
human3463|p3833,9
human3603|p1695,9
human218|p781,9
human487|p2282,9
human1996|p3866,9
human3210|p4033,9
human3599|p2359,9
human3600|p4389,9
human3601|p4223,9
human983|p4256,9
human990|p4256,9
human2514|p4224,9
human3078|p3838,9
human3079|p3839,9
human3280|p2619,9
human3283|p3054,9
human3298|p3877,9
human3313|p3516,9
human3314|p3460,9
human3389|p3620,9
human452|p2026,9
human3602|p4400,9
human1054|p4918,9
human3123|p402,9
human3293|p3472,9
human3427|p1098,9
human3454|p3215,9
human3456|p3547,9
human3367|p3428,9
human3368|p3425,9
human3646|p4589,9
human807|p2289,9
human3291|p4132,9
human3300|p2745,9
human3301|p2745,9
human3302|p2621,9
human798|p1627,9
human956|p1729,9
human958|p1729,9
human1962|p3519,9
human3055|p1503,9
human3059|p1498,9
human3372|p4685,9
human879|p2440,9
human1960|p3041,9
human991|p454,9
human996|p375,9
human1739|p1452,9
human3135|p1640,9
human915|p4324,9
human916|p4325,9
human3007|p2761,9
human3604|p2852,9
human3128|p2791,9
human3257|p3206,9
human3258|p3216,9
human3338|p3024,9
human3348|p3081,9
human3349|p3119,9
human3185|p1039,9
human3187|p1038,9
human3319|p992,9
human3320|p992,9
human3321|p991,9
human1046|p1584,9
human3273|p1243,9
human3424|p1343,9
human3402|p3809,9
human3403|p3811,9
human3676|p3868,9
human3684|p3418,9
human1320|p2331,9
human997|p2174,9
human3386|p1572,9
human3449|p1044,9
human1924|p560,9
human1926|p81,9
human2660|p175,9
human948|p4407,9
human3038|p3747,9
human3045|p6276,9
human3431|p3676,9
human3598|p2864,9
human1219|p3976,9
human1221|p3978,9
human1223|p3615,9
human2330|p4421,9
human2333|p3978,9
human3282|p3469,9
human3358|p4665,9
human3458|p1354,9
human3478|p3729,9
human3680|p4214,9
human2152|p3183,9
human1290|p3477,9
human1706|p3279,9
human2907|p4095,9
human1993|p43,9
human3683|p2965,9
human1701|p4428,9
human1701|p9380,9
human1704|p4260,9
human2224|p2089,9
human2225|p2006,9
human2226|p1897,9
human3229|p674,9
human3230|p673,9
human3369|p1829,9
human3370|p1838,9
human427|p938,9
human275|p1863,9
human291|p649,9
human307|p776,9
human355|p2579,9
human430|p2851,9
human447|p627,9
human3692|p3662,9
human3784|p2130,9
human1217|p1048,9
human3376|p4580,9
human3377|p4587,9
human3397|p3287,9
human3689|p714,9
human3690|p3069,9
human3691|p4624,9
human29|p1669,9
human3365|p3784,9
human3432|p427,9
human1011|p77,9
human2318|p1448,9
human258|p923,9
human2699|p1481,9
human1979|p2426,9
human1981|p2281,9
human1987|p668,9
human1991|p224,9
human2507|p4626,9
human2514|p4151,9
human144|p3306,9
human918|p2821,9
human3008|p4890,9
human3009|p4498,9
human1579|p2516,9
human2288|p4005,9
human746|p3407,9
human947|p3236,9
human949|p3236,9
human950|p3289,9
human1002|p3572,9
human1003|p3571,9
human1005|p3162,9
human3685|p2517,9
human3686|p4180,9
human3687|p1764,9
human2906|p960,9
human3693|p4741,9
human1263|p1577,9
human1371|p201,9
human1377|p1590,9
human1381|p1439,9
human1707|p789,9
human3688|p740,9
human2576|p762,9
human2583|p762,9
human905|p553,9
human3211|p474,9
human3292|p799,9
human1778|p1133,9
human1347|p1044,9
human1659|p1441,9
human2174|p1131,9
human2184|p1131,9
human2196|p1130,9
human793|p1033,9
human1059|p1318,9
human3284|p2360,9
human1321|p3613,9
human1332|p3612,9
human1339|p3510,9
human957|p2758,9
human959|p2759,9
human3054|p4170,9
human3057|p4560,9
human3136|p2033,9
human3440|p3129,9
human3442|p3128,9
human826|p488,9
human2877|p2008,9
human691|p2012,9
human1167|p1192,9
human1711|p424,9
human3700|p851,9
human2080|p2531,9
human3336|p1149,9
human501|p803,9
human3379|p1501,9
human3584|p1615,9
human3585|p464,9
human3586|p685,9
human1743|p1350,9
human3703|p1289,9
human1175|p1826,9
human1954|p1523,9
human2312|p1923,9
human2566|p1521,9
human2567|p1451,9
human2652|p1506,9
human2655|p1450,9
human2666|p1640,9
human3743|p376,9
human345|p1065,9
human1242|p1190,9
human1286|p55,9
human1289|p55,9
human1733|p824,9
human2009|p636,9
human2917|p350,9
human1039|p2801,9
human1043|p2802,9
human2953|p347,9
human2982|p289,9
human814|p1100,9
human2217|p426,9
human2219|p426,9
human689|p4997,9
human681|p5051,9
human1343|p97,9
human657|p5075,9
human671|p4756,9
human687|p929,9
human2028|p474,9
human3517|p4912,9
human698|p882,9
human1627|p2153,9
human1666|p402,9
human24|p4167,9
human955|p2178,9
human960|p2178,9
human3056|p2152,9
human3058|p2152,9
human1216|p1102,9
human2618|p1135,9
human2627|p1135,9
human824|p1871,9
human2550|p2200,9
human1847|p1538,9
human652|p3103,9
human3129|p1282,9
human3130|p1282,9
human3001|p2680,9
human2211|p14,9
human2115|p1044,9
human2117|p918,9
human2132|p814,9
human2135|p686,9
human457|p4816,9
human1240|p952,9
human2920|p1281,9
human1729|p965,9
human1735|p965,9
human1622|p2366,9
human2539|p2300,9
human2541|p2299,9
human2544|p2244,9
human1923|p1002,9
human970|p5,9
human973|p5,9
human3064|p901,9
human834|p257,9
human837|p1020,9
human733|p177,9
human3643|p1207,9
human1658|p2431,9
human292|p3722,9
human8|p2092,9
human2489|p1335,9
human2682|p2086,9
human2697|p1824,9
human596|p1079,9
human1220|p1106,9
human1224|p1257,9
human3466|p739,9
human3473|p758,9
human3640|p165,9
human3642|p754,9
human2064|p1618,9
human1784|p78,9
human1835|p5781,9
human1841|p4862,9
human1859|p4990,9
human1861|p4855,9
human1866|p4741,9
human1874|p4811,9
human1878|p4617,9
human1881|p4615,9
human2210|p300,9
human2442|p78,9
human2476|p79,9
human2484|p968,9
human2485|p968,9
human2488|p655,9
human2488|p1856,9
human3605|p505,9
human1906|p747,9
human1109|p1425,9
human1896|p292,9
human1905|p235,9
human2681|p1313,9
human2691|p963,9
human2698|p1309,9
human243|p1825,9
human771|p598,9
human1632|p408,9
human1797|p104,9
human1813|p126,9
human2497|p385,9
human2592|p323,9
human2824|p232,9
human2901|p306,9
human3606|p879,9
human2041|p1388,9
human2599|p1867,9
human2605|p1867,9
human455|p1973,9
human1064|p185,9
human1065|p229,9
human903|p1077,9
human2268|p1485,9
human1152|p533,9
human1158|p533,9
human2040|p593,9
human2610|p773,9
human2626|p773,9
human493|p2711,9
human49|p1293,9
human3543|p1181,9
human2258|p2640,9
human693|p383,9
human2927|p1571,10
human2440|p1694,10
human1011|p3438,10
human2411|p2599,10
human1630|p2617,10
human1635|p2177,10
human868|p130,10
human3231|p956,10
human3093|p1507,10
human3185|p863,10
human3187|p862,10
human3319|p1713,10
human3320|p1713,10
human3321|p1671,10
human3432|p1227,10
human723|p1725,10
human1001|p1316,10
human1004|p1315,10
human3043|p1103,10
human3174|p710,10
human3175|p710,10
human3332|p1357,10
human3360|p937,10
human3362|p937,10
human1016|p789,10
human3552|p3169,10
human979|p2160,10
human982|p1918,10
human2059|p1197,10
human2061|p1144,10
human292|p481,10
human186|p4151,10
human186|p3568,10
human2324|p1857,10
human2326|p1799,10
human544|p2792,10
human2307|p510,10
human2321|p509,10
human2322|p502,10
human2327|p502,10
human1582|p1676,10
human3678|p3359,10
human309|p769,10
human3072|p797,10
human2830|p205,10
human152|p887,10
human2281|p1048,10
human2282|p1050,10
human2283|p1048,10
human2284|p4472,10
human2286|p4389,10
human3218|p1840,10
human1237|p164,10
human3134|p3395,10
human137|p3572,10
human2413|p1639,10
human1321|p3126,10
human1332|p3125,10
human1339|p3023,10
human482|p1605,10
human3407|p1853,10
human2560|p2141,10
human152|p5253,10
human2413|p1359,10
human270|p3671,10
human318|p2660,10
human636|p4210,10
human1830|p557,10
human841|p291,10
human1822|p1738,10
human926|p1709,10
human3020|p2953,10
human3021|p2757,10
human3205|p3104,10
human3426|p3115,10
human2281|p1652,10
human2282|p1655,10
human2283|p1652,10
human2284|p4397,10
human2286|p4314,10
human474|p884,10
human1111|p3070,10
human1119|p2734,10
human3|p3397,10
human84|p169,10
human130|p4374,10
human246|p1589,10
human536|p3457,10
human613|p3736,10
human2753|p278,10
human1405|p400,10
human1738|p2183,10
human1756|p142,10
human1762|p142,10
human2067|p3114,10
human2409|p1245,10
human2414|p1239,10
human2415|p1238,10
human3719|p1628,10
human2756|p1334,10
human3024|p369,10
human873|p565,10
human471|p510,10
human319|p401,10
human2073|p1568,10
human2076|p1575,10
human2636|p278,10
human3115|p1559,10
human3116|p1563,10
human157|p3860,10
human2365|p261,10
human2407|p261,10
human3609|p891,10
human2096|p1007,10
human134|p1159,10
human221|p18,10
human1628|p1348,10
human1644|p1350,10
human1292|p4008,10
human1109|p4334,10
human1896|p2066,10
human1905|p1884,10
human2681|p2015,10
human2691|p1661,10
human2698|p2008,10
human1386|p1039,10
human2857|p2720,10
human2093|p2018,10
human243|p2988,10
human3552|p658,10
human3493|p1657,10
human3494|p1226,10
human1066|p60,10
human1270|p5384,10
human1278|p1514,10
human1696|p2801,10
human1835|p813,10
human1841|p2032,10
human1859|p1519,10
human1861|p1518,10
human1866|p1517,10
human1874|p1898,10
human1878|p1896,10
human1881|p1897,10
human2591|p577,10
human2594|p538,10
human3779|p1077,10
human678|p2540,10
human730|p2603,10
human818|p1000,10
human513|p1153,10
human1153|p1591,10
human3780|p1048,10
human909|p756,10
human141|p649,10
human356|p2280,10
human1117|p2661,10
human1367|p3053,10
human1961|p1706,10
human3097|p4513,10
human2089|p3075,10
human412|p175,10
human1781|p1509,10
human1243|p626,10
human556|p2562,10
human2384|p127,10
human2249|p1638,10
human2914|p804,10
human3563|p1049,10
human3564|p1307,10
human1847|p3521,10
human2087|p888,10
human3571|p1063,10
human1958|p630,10
human1964|p481,10
human1966|p628,10
human1973|p335,10
human1976|p189,10
human2343|p241,10
human2350|p241,10
human2393|p715,10
human2404|p714,10
human2603|p662,10
human1779|p1633,10
human2866|p1363,10
human2880|p1363,10
human2035|p1140,10
human2045|p1072,10
human149|p3747,10
human2092|p1686,10
human2640|p1058,10
human671|p413,10
human681|p1239,10
human689|p3749,10
human2007|p2264,10
human24|p4591,10
human657|p2502,10
human955|p5092,10
human960|p5091,10
human3056|p4925,10
human3058|p4539,10
human167|p5831,10
human1253|p4054,10
human1257|p3084,10
human137|p2514,10
human826|p1012,10
human112|p3598,10
human3602|p2633,10
human1581|p570,10
human3108|p1747,10
human3568|p322,10
human592|p1629,10
human491|p837,10
human3569|p593,10
human1014|p752,10
human1017|p752,10
human1018|p751,10
human3138|p618,10
human3140|p618,10
human3148|p978,10
human3149|p978,10
human3151|p1260,10
human586|p310,10
human3591|p627,10
human1977|p710,10
human3046|p1764,10
human2062|p1307,10
human2065|p1244,10
human2229|p1523,10
human2233|p1580,10
human3129|p1493,10
human3130|p1493,10
human3235|p1995,10
human3357|p2050,10
human1012|p2366,10
human1726|p1356,10
human3592|p805,10
human3593|p1960,10
human2267|p3170,10
human3120|p2150,10
human925|p2068,10
human2483|p118,10
human27|p509,10
human1661|p1480,10
human485|p1575,10
human1685|p2021,10
human1695|p634,10
human3339|p819,10
human3341|p820,10
human497|p2239,10
human391|p4157,10
human1036|p2794,10
human1044|p2812,10
human137|p3571,10
human2529|p3738,10
human934|p2997,10
human3249|p2820,10
human3253|p2824,10
human1|p1026,10
human1053|p1058,10
human1056|p1056,10
human3199|p1113,10
human3705|p1070,10
human3444|p703,10
human83|p2390,10
human701|p772,10
human1291|p703,10
human3208|p2086,10
human3051|p1409,10
human3052|p1409,10
human3359|p866,10
human3374|p1781,10
human3378|p1651,10
human3704|p1352,10
human704|p312,10
human951|p1932,10
human1048|p1265,10
human3004|p816,10
human3111|p400,10
human3197|p1807,10
human3202|p1734,10
human3708|p1523,10
human1062|p811,10
human790|p674,10
human15|p2153,10
human106|p491,10
human217|p128,10
human451|p1525,10
human688|p569,10
human961|p1652,10
human1096|p1649,10
human3276|p1119,10
human3698|p775,10
human2057|p313,10
human2572|p1687,10
human2613|p1007,10
human2628|p1007,10
human2630|p1079,10
human2632|p1079,10
human2633|p1079,10
human2634|p849,10
human2635|p849,10
human1480|p2022,10
human931|p1157,10
human940|p1157,10
human3699|p1172,10
human2816|p1233,10
human3290|p2264,10
human1711|p544,10
human1790|p1610,10
human3374|p2195,10
human3700|p1039,10
human215|p1938,10
human257|p558,10
human265|p1164,10
human641|p2505,10
human1136|p2040,10
human219|p1995,10
human3701|p1657,10
human1167|p1654,10
human3703|p2145,10
human691|p484,10
human706|p2160,10
human743|p1390,10
human747|p2411,10
human919|p1208,10
human944|p1912,10
human3035|p1709,10
human3694|p1713,10
human3695|p1800,10
human3697|p1807,10
human199|p640,10
human3696|p1920,10
human995|p2048,10
human3047|p1786,10
human3088|p1473,10
human3122|p1693,10
human3262|p1696,10
human3265|p1696,10
human3269|p1628,10
human3312|p1651,10
human3394|p1709,10
human985|p1529,10
human3285|p331,10
human695|p533,10
human700|p1033,10
human2254|p315,10
human2992|p1298,10
human1187|p1511,10
human1188|p1510,10
human2656|p1507,10
human2676|p1504,10
human2905|p1943,10
human3260|p1429,10
human3261|p1528,10
human836|p2095,10
human2568|p2070,10
human3152|p1826,10
human3323|p1871,10
human3325|p1649,10
human3468|p1657,10
human3310|p1406,10
human3311|p1407,10
human966|p1968,10
human2679|p919,10
human764|p77,10
human769|p441,10
human808|p1951,10
human859|p1097,10
human1936|p1602,10
human1938|p1400,10
human2077|p1428,10
human2468|p1044,10
human3707|p848,10
human3706|p1931,10
human831|p671,10
human843|p1162,10
human1022|p1798,10
human1023|p1722,10
human728|p859,10
human861|p134,10
human753|p876,10
human791|p1495,10
human899|p1102,10
human900|p1314,10
human2318|p508,10
human258|p135,10
human2699|p1428,10
human1680|p1130,10
human3607|p855,10
human3605|p163,10
human2309|p1135,10
human1797|p871,10
human1813|p866,10
human2592|p283,10
human771|p335,10
human1632|p457,10
human2497|p265,10
human2824|p291,10
human2901|p32,10
human3606|p1618,10
human471|p1837,10
human873|p446,10
human3719|p1651,10
human1292|p4702,10
human60|p2529,10
human2525|p4262,10
human802|p1910,10
human205|p3305,10
human133|p647,10
human477|p444,10
human878|p570,10
human1305|p2399,10
human1785|p5341,10
human1788|p4532,10
human2524|p759,10
human2048|p442,10
human2155|p2571,10
human1407|p5720,10
human1410|p7975,10
human1433|p390,10
human713|p5756,10
human714|p4457,10
human715|p3320,10
human716|p2886,10
human718|p3309,10
human2085|p223,10
human9|p2564,11
human166|p1041,11
human562|p651,11
human631|p1710,11
human1363|p525,11
human1365|p2205,11
human1368|p2172,11
human739|p313,11
human741|p381,11
human627|p2836,11
human726|p3265,11
human727|p1544,11
human802|p1331,11
human1645|p58,11
human1649|p58,11
human906|p4197,11
human2821|p3495,11
human133|p2242,11
human477|p2091,11
human878|p1473,11
human3481|p710,11
human1795|p730,11
human1802|p731,11
human2733|p642,11
human2738|p642,11
human2759|p732,11
human2766|p732,11
human2774|p732,11
human1553|p2053,11
human1399|p1413,11
human25|p1898,11
human139|p1076,11
human737|p268,11
human740|p1976,11
human2112|p461,11
human2120|p420,11
human2121|p1829,11
human2125|p1580,11
human2126|p772,11
human2339|p1681,11
human2348|p1695,11
human422|p859,11
human2751|p438,11
human2760|p219,11
human2688|p1810,11
human1708|p782,11
human1712|p887,11
human1713|p889,11
human489|p2177,11
human780|p1880,11
human3530|p336,11
human3531|p2031,11
human3532|p1386,11
human3533|p1313,11
human3534|p677,11
human3535|p1500,11
human3536|p935,11
human3537|p1927,11
human3762|p1020,11
human2683|p1329,11
human2114|p1745,11
human2377|p963,11
human3760|p798,11
human3761|p204,11
human1441|p1680,11
human2139|p1433,11
human772|p642,11
human844|p1136,11
human521|p916,11
human1683|p297,11
human1683|p336,11
human1692|p1664,11
human779|p409,11
human2794|p251,11
human2798|p677,11
human397|p1009,11
human490|p249,11
human621|p289,11
human703|p534,11
human732|p490,11
human888|p704,11
human890|p1879,11
human3528|p566,11
human3529|p1135,11
human3774|p1657,11
human3775|p386,11
human3777|p860,11
human3778|p281,11
human763|p1682,11
human913|p1070,11
human914|p1289,11
human927|p1085,11
human928|p1085,11
human3019|p1273,11
human3518|p2222,11
human3519|p1770,11
human3520|p1932,11
human3522|p1505,11
human3759|p721,11
human296|p788,11
human320|p1596,11
human494|p1895,11
human524|p1097,11
human619|p269,11
human683|p1801,11
human3545|p1650,11
human3546|p2456,11
human3547|p13,11
human3548|p1328,11
human3549|p1088,11
human3550|p1045,11
human3551|p195,11
human3748|p1490,11
human3749|p665,11
human3750|p400,11
human3751|p1312,11
human3752|p1187,11
human3753|p300,11
human3754|p1886,11
human3755|p1987,11
human3757|p1084,11
human3758|p802,11
human454|p1499,11
human3521|p1052,11
human3745|p1712,11
human3746|p1802,11
human3747|p1128,11
human3756|p1581,11
human852|p1301,11
human857|p1660,11
human860|p916,11
human794|p2897,11
human35|p888,11
human51|p628,11
human2883|p1133,11
human1722|p2749,11
human3675|p2730,11
human2346|p19,11
human3471|p3213,11
human3474|p3167,11
human3479|p1199,11
human3646|p3803,11
human807|p4022,11
human1695|p1626,11
human2479|p3134,11
human2110|p1426,11
human338|p974,11
human3676|p4678,11
human1200|p1053,11
human2491|p2205,11
human3184|p1257,11
human3186|p1257,11
human3515|p1152,11
human3338|p3599,11
human3101|p70,11
human3602|p3805,11
human1054|p4148,11
human3123|p2112,11
human3454|p2381,11
human3456|p4756,11
human3598|p5083,11
human3601|p1756,11
human997|p511,11
human54|p1760,11
human79|p2566,11
human85|p2675,11
human235|p345,11
human271|p1065,11
human383|p2498,11
human469|p2233,11
human475|p2675,11
human572|p775,11
human620|p1170,11
human3291|p4216,11
human3300|p2992,11
human3301|p2992,11
human3302|p2775,11
human2330|p2801,11
human2333|p2790,11
human2929|p2463,11
human2936|p2300,11
human3516|p1938,11
human904|p1044,11
human868|p1473,11
human3337|p1547,11
human3711|p993,11
human3714|p1848,11
human3716|p1821,11
human3717|p1017,11
human3723|p634,11
human3715|p1928,11
human3046|p2825,11
human2496|p249,11
human3350|p889,11
human1185|p1517,11
human2431|p570,11
human3451|p1606,11
human3256|p1530,11
human3421|p587,11
human3425|p587,11
human3126|p1069,11
human1028|p1460,11
human3200|p1203,11
human3345|p27,11
human3388|p1313,11
human2548|p1420,11
human2549|p1420,11
human2561|p1348,11
human2664|p671,11
human398|p112,11
human2929|p1150,11
human2965|p779,11
human1370|p1594,12
human2292|p652,12
human1202|p1044,12
human1206|p1045,12
human2787|p3271,12
human2792|p3087,12
human3566|p1723,12
human3567|p1270,12
human592|p1360,12
human2049|p1089,12
human2053|p1181,12
human964|p3954,12
human965|p3957,12
human977|p1577,12
human1025|p859,12
human3062|p4030,12
human3077|p4306,12
human3145|p1728,12
human3166|p435,12
human3167|p801,12
human3178|p3748,12
human3195|p3234,12
human3344|p93,12
human3382|p2038,12
human3384|p2690,12
human3390|p3180,12
human3395|p1338,12
human3396|p1338,12
human3411|p3051,12
human3422|p1721,12
human3434|p3980,12
human3112|p1122,12
human3462|p1038,12
human3131|p1261,12
human3150|p3943,12
human3393|p502,12
human3568|p1020,12
human2453|p2210,12
human2472|p2248,12
human2474|p2162,12
human2999|p2812,12
human3002|p2698,12
human3010|p1101,12
human3011|p1101,12
human3040|p2918,12
human3050|p2588,12
human3100|p3838,12
human3103|p3723,12
human3219|p1278,12
human3242|p1167,12
human3246|p1437,12
human3287|p1594,12
human3373|p5528,12
human3405|p3467,12
human3430|p1197,12
human3569|p691,12
human586|p1185,12
human3073|p2609,12
human3076|p2514,12
human2731|p387,12
human3048|p3560,12
human3113|p5225,12
human3420|p2402,12
human3182|p283,12
human1006|p4332,12
human1008|p4337,12
human3119|p2826,12
human3391|p1453,12
human1703|p2562,12
human1042|p1877,12
human3043|p1342,12
human491|p641,12
human3095|p573,12
human975|p2148,12
human978|p2154,12
human3067|p2650,12
human3060|p3580,12
human3092|p2205,12
human3094|p2206,12
human3159|p3119,12
human3165|p2474,12
human3201|p3853,12
human3212|p3656,12
human3215|p3411,12
human3238|p4170,12
human3421|p1747,12
human3425|p1746,12
human3400|p3564,12
human3418|p2288,12
human752|p677,12
human871|p440,12
human875|p688,12
human1001|p307,12
human1004|p306,12
human3000|p2940,12
human3036|p4076,12
human3248|p1715,12
human3014|p2762,12
human3025|p2793,12
human3030|p2793,12
human3044|p1472,12
human3069|p2572,12
human3414|p1336,12
human3429|p2393,12
human1028|p81,12
human3345|p355,12
human3256|p210,12
human3126|p227,12
human3200|p123,12
human3388|p1579,12
human3451|p586,12
human3072|p1354,12
human3168|p451,12
human3171|p451,12
human3164|p549,12
human3483|p176,12
human3275|p862,12
human3277|p862,12
human1019|p766,12
human1035|p460,12
human1580|p427,12
human3151|p141,12
human3213|p1119,12
human3214|p1118,12
human3225|p766,12
human1014|p106,12
human1017|p106,12
human1018|p106,12
human3138|p264,12
human3140|p264,12
human3148|p302,12
human3149|p302,12
human2608|p392,12
human359|p948,12
human402|p1978,13
human894|p1328,13
human730|p1955,13
human3391|p4474,13
human3694|p1118,13
human743|p86,13
human747|p2420,13
human3695|p365,13
human706|p695,13
human3395|p4830,13
human3396|p4757,13
human3218|p19,13
human652|p2667,13
human2489|p2494,13
human1821|p2164,13
human932|p1919,13
human933|p1918,13
human938|p1918,13
human3029|p3469,13
human3032|p2908,13
human3124|p739,13
human3401|p992,13
human3017|p16,13
human3353|p1948,13
human3355|p1938,13
human971|p4278,13
human1653|p2179,13
human1655|p1851,13
human3063|p4244,13
human3392|p4239,13
human3423|p3422,13
human754|p5470,13
human758|p288,13
human858|p1345,13
human2563|p2362,13
human2564|p2604,13
human3179|p1933,13
human3181|p1961,13
human3182|p3859,13
human1113|p5778,13
human1041|p2184,13
human3409|p2022,13
human3495|p1526,13
human1975|p548,13
human987|p2095,13
human3420|p732,13
human3419|p730,13
human2908|p1208,13
human3131|p1208,13
human3048|p535,13
human3113|p6,13
human1801|p1730,13
human1804|p1732,13
human1810|p1529,13
human2570|p1209,13
human1261|p663,13
human3756|p1889,13
human3188|p3242,13
human975|p3005,13
human978|p3012,13
human3067|p1525,13
human3016|p1288,13
human3483|p744,13
human3233|p1670,13
human2326|p2879,13
human2438|p1882,13
human2551|p988,13
human1239|p189,13
human2217|p709,13
human2219|p710,13
human2071|p3366,13
human90|p748,14
human2180|p1099,14
human2940|p861,14
human2952|p865,14
human2959|p863,14
human2978|p1195,14
human3452|p987,14
human3024|p620,14
human2334|p2571,14
human2675|p740,14
human2908|p1101,14
human2760|p2080,14
human637|p3719,14
human1784|p1199,14
human3564|p232,14
human2640|p590,14
human3640|p1141,14
human1240|p337,14
human1729|p490,14
human1735|p490,14
human2812|p94,14
human2920|p401,14
human689|p1334,14
human1781|p710,14
human3565|p1531,14
human3563|p12,14
human2384|p180,14
human1779|p488,14
human1379|p1206,14
human420|p316,14
human3676|p2892,14
human2502|p1873,14
human1176|p485,14
human1183|p486,14
human1192|p59,14
human1197|p59,14
human1123|p1124,14
human1130|p1124,14
human2949|p533,14
human2955|p533,14
human2973|p1055,14
human3808|p808,14
human3511|p1397,14
human3510|p1216,14
human3509|p878,14
human1954|p2121,14
human3070|p3751,14
human1703|p3873,14
human2178|p1748,14
human2183|p1748,14
human2188|p1746,14
human1263|p1659,14
human797|p308,14
human3219|p1090,14
human2141|p2388,14
human3067|p1045,14
human33|p702,15
human1345|p1211,15
human2689|p242,15
human1529|p727,15
human1560|p2096,15
human1571|p2092,15
human1194|p381,15
human1971|p514,15
human103|p3452,15
human1543|p1769,15
human1717|p930,15
human1814|p571,15
human1820|p571,15
human2056|p780,15
human2794|p1395,15
human1575|p693,15
human805|p1269,15
human254|p2741,15
human289|p1922,15
human1586|p1768,15
human1601|p744,15
human1608|p1361,15
human459|p650,15
human407|p2170,15
human2550|p3699,15
human2394|p2472,15
human2403|p2312,15
human2459|p1970,15
human2047|p1304,15
human3716|p809,15
human3725|p1479,15
human3721|p1663,15
human3724|p1246,15
human1380|p1594,15
human2458|p2453,15
human2713|p2207,15
human855|p1612,15
human1172|p1140,15
human1594|p1039,15
human3120|p2427,15
human4|p1267,16
human132|p3599,16
human456|p2464,16
human537|p1229,16
human5|p949,16
human537|p3883,16
human1444|p2403,16
human1464|p2542,16
human1489|p2303,16
human358|p3336,16
human1232|p2083,16
human1256|p1693,16
human1261|p194,16
human1994|p3286,16
human1997|p3106,16
human1685|p2453,16
human1695|p1366,16
human2071|p647,16
human2017|p106,16
human2866|p2928,16
human2880|p2928,16
human2092|p260,16
human826|p1520,16
human2611|p385,16
human1208|p1732,16
human1215|p1743,16
human3729|p697,16
human3504|p331,16
human83|p972,17
human701|p679,17
human1291|p262,17
human3702|p659,17
human3703|p1272,17
human3735|p1513,17
human766|p1171,17
human2604|p156,17
human1958|p127,17
human1964|p127,17
human1966|p127,17
human1973|p884,17
human1976|p738,17
human2343|p111,17
human2350|p111,17
human2393|p292,17
human2404|p292,17
human3781|p1982,17
human584|p1676,18
human3761|p1239,18
human3538|p244,18
human3541|p669,18
human780|p587,18
human3536|p988,18
human1708|p913,18
human1712|p558,18
human1713|p559,18
human763|p203,18
human913|p778,18
human914|p688,18
human1928|p817,18
human2146|p1793,18
human1642|p1389,18
human3448|p4828,19
human3450|p4833,19
human713|p2600,19
human714|p4704,19
human715|p4433,19
human716|p169,19
human718|p1814,19
human858|p3050,19
human246|p4428,20
human2048|p4681,20
human2298|p2193,20
human2636|p2013,20
human3555|p2745,20
human722|p317,20
human1212|p121,20
human280|p1130,21
human618|p868,21
human963|p740,21
human967|p740,21
human3061|p854,21
human721|p1842,21
human1809|p1760,21
human3212|p4230,22
human3215|p3985,22
human3418|p4163,22
human3386|p2232,22
human3555|p530,22
human2946|p236,23
human2956|p236,23
human2969|p929,23
human2983|p929,23
human1116|p463,24
human1127|p535,24
human1132|p535,24
human2777|p763,24
human2007|p3399,25
human2539|p1648,25
human2541|p1647,25
human2544|p1582,25
human773|p1151,26
human3267|p2306,26
human1808|p2306,27
human3218|p1013,28
human3336|p1204,29
human3809|p1338,30
